order_id,customer_id,order_date,order_amount,status
1bab677c-7f41-4148-91cb-2d64e7df804a,CUST0477,2026-01-01T00:00:00,778.6,processing
8196529d-0997-4ad6-b265-08272735f44a,CUST0082,2026-01-01T00:07:00,4324.13,completed
b86f1ad6-c34a-49dd-97e5-6b19b758db0a,CUST0332,2026-01-01T00:14:00,3371.0,cancelled
98da15bb-2e79-4651-98d9-61ef8bdd0ab7,CUST0398,2026-01-01T00:21:00,2835.99,refunded
60ed4db4-7b39-421e-8127-c9370429f9e4,CUST0155,2026-01-01T00:28:00,4129.64,processing
9b9c62bd-b792-4b4e-9c2f-aeab69255831,CUST0127,2026-01-01T00:35:00,1951.26,cancelled
46729cee-a10f-40ea-a02d-2093e518e248,CUST0180,2026-01-01T00:42:00,2934.46,pending
eb2242a7-959c-4983-8f6a-04578e72c684,CUST0058,2026-01-01T00:49:00,3657.41,processing
72673a9c-7765-4690-8729-ff1dc051ba41,CUST0151,2026-01-01T00:56:00,2939.19,pending
2c9239a7-eca1-4e16-8aec-432daefb795d,CUST0278,2026-01-01T01:03:00,2791.48,refunded
3d9e60fa-580f-4135-8b5a-45950c040292,CUST0345,2026-01-01T01:10:00,2139.25,processing
3a1b8dd7-06e5-4616-bb51-9312b514adb4,CUST0013,2026-01-01T01:17:00,2192.34,processing
b71bff92-db99-45f1-bd8a-c97cec01febc,CUST0369,2026-01-01T01:24:00,3798.93,completed
57b036ef-0d3f-40b6-9a95-289ee1bd0373,CUST0397,2026-01-01T01:31:00,666.75,completed
52fa58b2-bc21-4546-bd90-fb201c8b5cbe,CUST0041,2026-01-01T01:38:00,374.49,cancelled
77d1802f-a59e-4c12-9d63-b19e7397b1a7,CUST0435,2026-01-01T01:45:00,592.06,cancelled
33da6303-12b4-4e6f-82b8-c46e5cbe69df,CUST0167,2026-01-01T01:52:00,4898.78,cancelled
43af848f-4239-4065-ad98-79225d0cc3f4,CUST0096,2026-01-01T01:59:00,4581.75,refunded
fa9b48df-9112-4285-b65c-1cf58e7a9092,CUST0250,2026-01-01T02:06:00,4222.43,processing
c361a7cd-9007-4171-91e4-d554e4858157,CUST0148,2026-01-01T02:13:00,1218.26,cancelled
6b9f63ac-2d3f-4dfe-8291-4fca8080c377,CUST0100,2026-01-01T02:20:00,1866.19,processing
a75e48be-e3d5-464c-a4b2-344540bbf6b6,CUST0208,2026-01-01T02:27:00,1245.92,processing
523ca4c7-dac2-4e6c-a07f-84f06b52a8ac,CUST0152,2026-01-01T02:34:00,4599.55,cancelled
9cc926ba-0eb6-49cc-b391-11a75a17c477,CUST0222,2026-01-01T02:41:00,1519.03,processing
60fdd0f6-77c6-464e-bd35-3cab89ac3b91,CUST0233,2026-01-01T02:48:00,1088.58,processing
0fff294c-d476-4458-ab0a-dc60bf1a660d,CUST0251,2026-01-01T02:55:00,638.79,completed
62efde99-aae0-4c68-bafc-96d9366feccd,CUST0061,2026-01-01T03:02:00,2895.48,completed
e7e4f75d-edba-4226-a5a0-1078ca019b34,CUST0060,2026-01-01T03:09:00,2277.75,pending
413db158-0bf5-4423-b7ab-37610f30a7af,CUST0053,2026-01-01T03:16:00,4896.05,refunded
4d326336-ae6b-4231-8cec-f28a682abd67,CUST0432,2026-01-01T03:23:00,2162.96,pending
02b5b10d-bb72-4a0c-8ab8-238f19df2fd9,CUST0378,2026-01-01T03:30:00,3923.17,refunded
e7ccbda3-35b3-4276-9a94-c3b6722b5772,CUST0272,2026-01-01T03:37:00,2343.2,completed
29ce11d4-4528-44b5-81be-55a034aede7a,CUST0161,2026-01-01T03:44:00,1078.26,completed
90ee3571-9948-44d7-a949-58ce762d8e74,CUST0075,2026-01-01T03:51:00,1184.67,processing
785400db-b07f-448d-b13a-5c23bf4095d6,CUST0467,2026-01-01T03:58:00,1012.81,completed
c47def10-c066-4ebe-a055-382fc319cd17,CUST0216,2026-01-01T04:05:00,538.91,refunded
d60fc66f-3cb6-4ff0-95bf-2183fc0f1366,CUST0103,2026-01-01T04:12:00,2409.56,processing
f66f7f22-5745-4e20-886a-768f46063eb2,CUST0081,2026-01-01T04:19:00,2007.54,pending
3386d136-1fdd-4acd-8e65-417f28685924,CUST0088,2026-01-01T04:26:00,3224.89,cancelled
38b0de11-117e-4cdd-909d-91a756a366c8,CUST0078,2026-01-01T04:33:00,3818.67,processing
c3f8b18a-7105-4073-9bac-c5b403473aa2,CUST0038,2026-01-01T04:40:00,1817.94,refunded
c8af74e4-835c-4f14-aae8-ddec3dd08656,CUST0249,2026-01-01T04:47:00,2874.76,pending
8e1d218e-8e75-42da-927f-8cd8f9ca83a2,CUST0396,2026-01-01T04:54:00,916.73,completed
30afdd05-f8f9-4ca3-b926-cccff1703d46,CUST0151,2026-01-01T05:01:00,1830.97,pending
32f4b9b9-e3aa-466e-8f5d-bdad793846bf,CUST0413,2026-01-01T00:06:00,-50,pending
c1a34485-2e91-48ae-ac43-34b91b3232dc,CUST0331,2026-01-01T05:08:00,3123.56,cancelled
12406453-860d-4dcc-89f2-26c5dea08686,CUST0115,2026-01-01T05:15:00,3863.69,refunded
eb428ac4-e935-473c-ae5b-850e980f67b7,CUST0389,2026-01-01T05:22:00,4822.08,cancelled
538ac27f-cf4b-4242-b781-33ab23dac8d5,CUST0495,2026-01-01T05:29:00,3947.62,refunded
e1ee03ed-77f7-4bc6-b7ab-7369724f90eb,CUST0124,2026-01-01T05:36:00,3903.26,pending
173a3f7a-728a-43c9-a8a5-06720f000f38,CUST0432,2026-01-01T05:43:00,1855.02,refunded
9086c0d8-d3db-4529-86dd-f2bba8fb58ba,CUST0092,2026-01-01T05:50:00,1769.92,cancelled
cb96711d-701a-4e3c-9a3e-bc4dd24c8d4c,CUST0448,2026-01-01T05:57:00,4500.59,refunded
5b5ffae7-198e-49d7-8f66-8110be99fabb,CUST0312,2026-01-01T06:04:00,4571.69,pending
b1cf750f-4666-4f5e-98d2-2c1bff1759d4,CUST0384,2026-01-01T06:11:00,666.48,completed
f899f8cc-b127-4927-821e-3d60c550d1ed,CUST0464,2026-01-01T06:18:00,159.41,refunded
626ce943-c4cc-4935-bf35-1197bd143465,CUST0118,2026-01-01T06:25:00,1960.37,refunded
cd2f2f18-1b88-4179-9c02-dd8716f27cd4,CUST0170,2026-01-01T06:32:00,4939.6,pending
c0a608a7-e64a-4f55-89ad-ab97cac3758b,CUST0070,2026-01-01T06:39:00,2395.57,processing
f153d01f-bb50-44c0-bc41-210b60799013,CUST0252,2026-01-01T06:46:00,655.95,processing
ea2e6bab-8eef-49d7-9ef8-4f3d3d0dbd6a,CUST0188,2026-01-01T06:53:00,3466.83,refunded
3e8a0259-8708-464c-886b-2d89f268ea79,CUST0413,2026-01-01T07:00:00,2078.06,processing
44910bc0-4cd5-4f8d-85b5-b503725f2101,CUST0042,2026-01-01T07:07:00,3998.9,pending
c09bc83f-7327-46c1-9fa6-c18b1fd88369,CUST0223,2026-01-01T07:14:00,4040.46,completed
2c0e3c8d-1c66-4209-9f7c-e76085f4de9a,CUST0032,2026-01-01T07:21:00,2183.09,processing
3b82d293-a741-4dd4-bfc9-085f214d7486,CUST0238,2026-01-01T07:28:00,1971.16,refunded
c7347ed0-4f2c-4cbf-8456-a896234f642b,CUST0448,2026-01-01T07:35:00,2105.86,pending
0596b781-ab7c-4d77-9311-408f6c704509,CUST0116,2026-01-01T07:42:00,547.3,processing
29237102-ec68-4112-b821-e07298a01b75,CUST0287,2026-01-01T07:49:00,384.45,cancelled
31393bc6-9179-4671-af18-379116c85922,CUST0079,2026-01-01T07:56:00,4021.74,completed
544632dc-466a-418e-a7d6-1660f3dff157,CUST0012,2026-01-01T08:03:00,4263.89,completed
add487df-5208-46f1-88b3-ec4aed0d4d84,CUST0177,2026-01-01T08:10:00,3639.14,refunded
feace03d-aeb8-4e5b-be92-9e3313d18511,CUST0363,2026-01-01T08:17:00,2191.67,refunded
fe06bb88-27fd-4cc2-8d31-2288085a361a,CUST0312,2026-01-01T08:24:00,4962.38,cancelled
0fd2d178-7648-413b-b7eb-3259ecbb6e76,CUST0105,2026-01-01T08:31:00,1591.16,processing
e57fa03b-4f02-4a43-935e-d5e0395ad093,CUST0377,2026-01-01T08:38:00,1835.9,processing
cd61c942-0022-4427-a506-825a7cd7ce19,CUST0389,2026-01-01T08:45:00,4478.0,refunded
fae74896-4a61-4584-80df-1a59ce797982,CUST0101,2026-01-01T08:52:00,2570.79,pending
1478a95c-8525-470b-aa61-e6f5c466317d,CUST0159,2026-01-01T08:59:00,3610.85,processing
2317e994-835d-44db-abd9-7c8943f54065,CUST0073,2026-01-01T09:06:00,373.42,refunded
c37da3b5-ecb3-420a-83a7-877814fdcd26,CUST0305,2026-01-01T09:13:00,1341.16,processing
6dc049d9-ebe5-4594-82e1-a2cbe0e23ae1,CUST0415,2026-01-01T09:20:00,3885.19,completed
635e07b2-9d88-4369-9744-7fade957e017,CUST0492,2026-01-01T09:27:00,2464.12,processing
64dfad10-a35d-4fe0-8d32-0724d7ab75db,CUST0270,2026-01-01T09:34:00,1973.4,completed
96209713-250e-43c8-9c78-6081e1b775c4,CUST0332,2026-01-01T09:41:00,4263.66,completed
7ae52804-6d13-49fe-adc6-77ea63d98611,CUST0448,2026-01-01T09:48:00,4201.63,completed
81738849-6dea-49ab-a421-da1426c5a9a1,CUST0461,2026-01-01T09:55:00,4833.83,processing
b365b0a5-5edb-47ca-82c7-e29c7fe19526,CUST0179,2026-01-01T10:02:00,890.9,completed
a7a3ab84-cbc9-4d96-a7ef-f2fe9d5e24fc,CUST0395,2026-01-01T10:09:00,155.62,cancelled
62ae434e-53be-4c84-bd18-d0d92093d2ac,CUST0259,2026-01-01T10:16:00,3885.0,refunded
90570206-7089-4ee4-81fd-a7bb3e314f94,CUST0079,2026-01-01T10:23:00,4623.79,processing
f774a7fb-85f6-4590-82e7-df8b35b84382,CUST0170,2026-01-01T10:30:00,1591.86,completed
c14b34f9-feab-4583-b2e5-310c80bc1dcf,CUST0166,2026-01-01T10:37:00,1449.2,completed
8805e89d-25c4-46fe-a3d4-239dc3fea218,CUST0014,2026-01-01T10:44:00,3723.89,completed
84422840-92ef-40db-a5f8-15b564eedcc3,CUST0320,2026-01-01T10:51:00,1751.61,cancelled
31b75ef8-e747-4aa3-be7e-61d3f89149c5,CUST0184,2026-01-01T10:58:00,970.81,cancelled
593288e1-ac70-46aa-abcf-db749ede1cbc,CUST0384,2026-01-01T11:05:00,1672.99,completed
ceface2c-643f-408a-bdb0-3d0f527ee110,CUST0171,2026-01-01T11:12:00,3469.08,completed
0d711b3d-b885-4019-ba72-41919ebf3d22,CUST0087,2026-01-01T11:19:00,2877.16,processing
2aa8c5a2-5c32-42c9-bcdf-06c50dfc03b5,CUST0352,2026-01-01T11:26:00,3739.8,refunded
6803a494-7e3d-44a8-a7af-dc2670e09895,CUST0497,2026-01-01T11:33:00,3153.43,pending
017fef90-8588-443c-9d93-3f8503f4ce75,CUST0325,2026-01-01T11:40:00,4589.4,processing
998ef650-a93f-4a1d-9b05-4004e423902b,CUST0403,2026-01-01T11:47:00,1476.29,processing
c0998343-df4e-4e78-af00-eea327924aed,CUST0068,2026-01-01T11:54:00,3603.54,pending
11633423-4320-4408-88e9-678eec62d8fc,CUST0487,2026-01-01T12:01:00,1589.88,cancelled
1a3ac4c8-e5be-4d53-a72b-7fd210bd0447,CUST0470,2026-01-01T12:08:00,842.8,cancelled
baa95c9c-05f6-4bc7-95fb-82e4d056a8e0,CUST0350,2026-01-01T12:15:00,1480.32,cancelled
0d0e0612-f11f-4036-8333-ec53f1137773,CUST0332,2026-01-01T12:22:00,302.8,cancelled
dc48af39-751e-43fb-8748-f6391a3967a1,CUST0076,2026-01-01T12:29:00,1812.42,pending
991186bb-0f17-473e-8772-7015ae83f513,CUST0342,2026-01-01T12:36:00,557.31,cancelled
b79544bd-2c94-4fdd-bef3-d1bbca7eaa4d,CUST0331,2026-01-01T12:43:00,2497.69,refunded
7e4f1186-68f9-4852-90bf-6dd96999b548,CUST0218,2026-01-01T12:50:00,4745.22,refunded
59952f6f-2751-4ab3-afec-2dee2fd2952e,CUST0426,2026-01-01T12:57:00,2560.97,cancelled
b0874763-d7da-4924-9a6e-1938fab9ec97,CUST0323,2026-01-01T13:04:00,985.86,pending
39a96e13-9354-4b32-940f-85591351e434,CUST0182,2026-01-01T13:11:00,811.63,processing
5f27d299-0cba-4009-bb3f-3a5b2075308e,CUST0009,2026-01-01T13:18:00,2198.92,cancelled
2addcf1d-5d83-48b5-b267-6297cb7afedb,CUST0234,2026-01-01T13:25:00,1226.72,pending
338d9e28-c0ca-45bc-9eea-a7e68128d1dd,CUST0064,2026-01-01T13:32:00,2158.24,completed
f34a8676-6f10-49e6-84e5-d6c5628b2626,CUST0059,2026-01-01T13:39:00,2964.99,refunded
86cf121a-66a5-4374-b79f-2b7b1c7cccf1,CUST0290,2026-01-01T13:46:00,4463.22,pending
b5564081-89af-4f4c-ac08-127643a13650,CUST0105,2026-01-01T13:53:00,605.01,pending
df6bb29e-dc2d-452c-9ff2-e1c93c342a32,CUST0387,2026-01-01T14:00:00,2329.61,pending
a7527b11-2db7-4260-b039-9c6dce8d5683,CUST0122,2026-01-01T14:07:00,2637.02,refunded
e104f9c8-e023-4aff-8d5b-9bf4fb26e979,CUST0044,2026-01-01T14:14:00,2009.28,pending
1b8a2f64-a311-4165-b036-91d0da7b03c9,CUST0439,2026-01-01T14:21:00,2130.53,processing
5adea825-4044-4115-b4c3-bc104ac4d15a,CUST0290,2026-01-01T14:28:00,198.65,processing
cafaf3be-8cda-41c5-a427-7f1db584fcc0,CUST0114,2026-01-01T14:35:00,441.42,cancelled
430605f8-7179-490c-808f-fe5f0cba1204,CUST0336,2026-01-01T14:42:00,102.28,processing
9ba60614-b8cf-4e24-a1f7-6150d7d8247f,CUST0227,2026-01-01T14:49:00,2253.96,processing
457166c9-4c9f-4bf0-81ce-7aeefbdea7a4,CUST0009,2026-01-01T14:56:00,1563.2,processing
ed094fb2-de7f-47cc-8807-a90a47f6d33e,CUST0165,2026-01-01T15:03:00,2427.75,processing
40b8f5df-c0d2-4b9e-a74d-1ba2a069aa1b,CUST0050,2026-01-01T15:10:00,335.2,cancelled
8c2825f9-376d-42c8-beb5-6ea08c65f652,CUST0036,2026-01-01T15:17:00,2381.17,completed
3235a5e9-66c2-4d87-a42b-630a963c5fc1,CUST0342,2026-01-01T15:24:00,390.31,refunded
fd8d089f-b468-40d2-83a9-62b6899d2a4f,CUST0333,2026-01-01T15:31:00,2740.57,completed
7707c86e-2705-4f41-b2ba-9090488376af,CUST0301,2026-01-01T15:38:00,4769.08,pending
bcf8b8db-8662-4131-b7bc-9758492231f4,CUST0015,2026-01-01T15:45:00,1827.37,processing
95d3dd6e-cd91-43c6-b086-54e7670020bc,CUST0399,2026-01-01T15:52:00,1262.24,pending
885ec9be-36bb-4248-972d-4ae8db246abe,CUST0421,2026-01-01T15:59:00,3027.47,completed
ed8eb022-f591-4453-a029-2fd8d3c670da,CUST0413,2026-01-01T16:06:00,610.85,pending
6990bab4-beba-4154-a3e8-fe0f25952c1c,CUST0240,2026-01-01T16:13:00,327.78,cancelled
6fa22356-96dc-423a-b813-0be061a86b25,CUST0485,2026-01-01T16:20:00,2373.2,refunded
0794583b-0a97-44a1-9186-c51c9d629b57,CUST0239,2026-01-01T16:27:00,3205.22,processing
3aafc545-1c86-46ce-8955-a9235a9c6593,CUST0191,2026-01-01T16:34:00,1448.79,pending
dc9dae33-346e-4a58-89c8-62bfd790848e,CUST0200,2026-01-01T16:41:00,1876.31,processing
b358c4d0-acd6-4918-8dcd-3cfe634e2411,CUST0026,2026-01-01T16:48:00,1206.18,refunded
5b7506c9-7efc-4541-ad88-c6103a9c4882,CUST0092,2026-01-01T16:55:00,3166.23,completed
ff1f3c00-55b8-4ff5-ac3c-d72a0e03b85c,CUST0310,2026-01-01T17:02:00,1575.8,completed
ed83dd2d-a6fe-4f56-8cb0-e8d1845452e7,CUST0226,2026-01-01T17:09:00,1558.64,processing
62d517b8-04b2-42a1-9b20-517e925c66bf,CUST0365,2026-01-01T17:16:00,3131.23,cancelled
7457b059-6e17-4555-a4a1-96c12bec82c9,CUST0175,2026-01-01T17:23:00,4198.01,processing
a8f7ca0c-437a-44db-8360-baa6a3406e51,CUST0337,2026-01-01T17:30:00,1802.73,refunded
58441c15-dfd1-40f8-afc9-658b8986a3ac,CUST0327,2026-01-01T17:37:00,3895.67,processing
8fc5a028-d882-4956-a979-5be9e83f2f39,CUST0167,2026-01-01T17:44:00,2281.11,refunded
a2e9e8d1-3580-42ca-9ea8-b27e0aefbd37,CUST0121,2026-01-01T17:51:00,3480.15,refunded
d469f162-730b-49c9-8f56-f387bb795861,CUST0370,2026-01-01T17:58:00,4915.08,refunded
d16caf7d-044b-40d6-9133-fa1f4bfd027f,CUST0073,2026-01-01T18:05:00,1409.06,processing
5a813169-a23b-47ca-8364-db6f06ce6b16,CUST0418,2026-01-01T18:12:00,3479.95,refunded
b5d20477-4519-47c5-9949-e10d0445f8bf,CUST0343,2026-01-01T18:19:00,3336.42,completed
2d49e840-e846-4256-b9eb-c8e4cfc0eca6,CUST0028,2026-01-01T18:26:00,3358.96,cancelled
a69b471a-c57a-4092-891d-cb34d60a1d91,CUST0212,2026-01-01T18:33:00,3967.8,processing
3ae9cdce-1df8-415c-b2bb-e0373bd658e9,CUST0402,2026-01-01T18:40:00,1564.99,cancelled
fd6f199d-c25e-4ee4-b45b-2ccb926f908a,CUST0150,2026-01-01T18:47:00,169.22,pending
dc528046-e9d5-49e8-a3b7-8c4033ee4f5b,CUST0216,2026-01-01T18:54:00,2868.21,pending
667ba3c3-266f-4f5d-abd0-7e25a7258f6f,CUST0486,2026-01-01T19:01:00,3068.28,cancelled
23735d53-37d7-4f08-aec8-907202528471,CUST0022,2026-01-01T19:08:00,4956.13,refunded
fbb882b4-8a1a-4415-97a9-2ce5c80257a5,CUST0299,2026-01-01T19:15:00,1574.89,completed
0c83deb4-4294-45b4-8e17-a2e7abac2f58,CUST0131,2026-01-01T19:22:00,2841.42,refunded
e0455a52-961a-45c5-87a6-93dabbb291a4,CUST0268,2026-01-01T19:29:00,4650.52,processing
,,not-a-date,abc,
12981c27-e9f8-4584-9d1c-1db7309bf59d,CUST0057,2026-01-01T19:36:00,3385.64,processing
c1f20a86-c422-4ed1-92b0-2ea619050934,CUST0150,2026-01-01T19:43:00,2668.83,refunded
5fe972d7-1512-47a7-b8d2-ae3c526b251d,CUST0280,2026-01-01T19:50:00,215.41,refunded
4888f2b1-b40e-4792-bbcb-ddc992a373de,CUST0451,2026-01-01T19:57:00,1987.17,cancelled
0cd0b30e-801f-4321-af21-8db5e9f96630,CUST0081,2026-01-01T20:04:00,1747.41,pending
dcda28a9-3d9c-46ec-ab57-8a2fbd146fb3,CUST0141,2026-01-01T20:11:00,2693.47,processing
33311c5b-c963-4fb6-9e0c-16878d8a0285,CUST0164,2026-01-01T20:18:00,1134.43,cancelled
9b4b571f-642d-4c74-95e9-381c3a65bfe7,CUST0211,2026-01-01T20:25:00,4647.71,pending
dc43e978-05fb-48d2-a9f7-d7e5002da07e,CUST0423,2026-01-01T20:32:00,2282.58,cancelled
00712e92-22cc-44a7-a957-7f27226f8472,CUST0439,2026-01-01T20:39:00,546.2,processing
31196c70-4e90-4768-b310-a6f08ac108ea,CUST0078,2026-01-01T20:46:00,3109.52,pending
f2674883-aaea-4922-a146-8ed4199cce1e,CUST0146,2026-01-01T20:53:00,3384.79,cancelled
ca0aec3f-4cf7-4f85-bc19-b9ddf915df08,CUST0074,2026-01-01T21:00:00,1606.44,completed
f4e76787-3dcc-4b1e-b499-ead513df26b1,CUST0229,2026-01-01T21:07:00,4868.92,pending
d34cb2ae-a63d-4c7d-a3ed-a552080e64ac,CUST0127,2026-01-01T21:14:00,3898.92,pending
a765969e-5545-4fbe-8d1f-c22bb007acbe,CUST0197,2026-01-01T21:21:00,4877.05,pending
f20676b5-133b-49fc-8b2f-b2876c53a977,CUST0430,2026-01-01T21:28:00,1235.9,processing
8342722d-6e4a-48e9-ad38-5195273b8b9e,CUST0036,2026-01-01T21:35:00,1809.7,pending
9b34c205-e9d9-45c3-92e3-6bce6bc7322d,CUST0029,2026-01-01T21:42:00,2653.22,pending
f93bc415-c7ce-4360-a4b9-942ff2b25181,CUST0307,2026-01-01T21:49:00,702.69,pending
96be86bc-4f84-403f-8483-757a2d3e159d,CUST0463,2026-01-01T21:56:00,4857.14,pending
c416bc12-550a-442b-a12e-ce272297cdbf,CUST0059,2026-01-01T22:03:00,2932.02,completed
ff6305af-c55c-40a2-a650-3ba4a5c1192d,CUST0455,2026-01-01T22:10:00,484.88,refunded
14db5380-983c-48a7-9927-672b59c94964,CUST0299,2026-01-01T22:17:00,1519.73,refunded
c01200cb-2a19-46a8-b0f3-6cb53a95fd3e,CUST0077,2026-01-01T22:24:00,3974.28,cancelled
ee4fe4f9-5c4a-4783-bc0f-46f99d7fb288,CUST0071,2026-01-01T22:31:00,4930.45,pending
c55b99e8-da79-4c7d-b6cc-e5cedfb08f64,CUST0226,2026-01-01T22:38:00,1282.71,refunded
d358278d-1938-418f-a428-f458eff00a81,CUST0416,2026-01-01T22:45:00,3323.01,pending
1fec2995-6064-4213-b437-a5f48aa6abc4,CUST0079,2026-01-01T22:52:00,4543.77,cancelled
dad4b306-2012-4119-88fa-11e7f2cf8ecc,CUST0393,2026-01-01T22:59:00,4024.28,pending
9fadd4f4-f698-4e29-9c12-ebb3571c1007,CUST0219,2026-01-01T23:06:00,1248.0,processing
deee9da6-009e-483e-8bf3-5a08244b9ac8,CUST0216,2026-01-01T23:13:00,1130.71,processing
6b59c5cd-6593-4d32-ac16-578369ea5a4f,CUST0028,2026-01-01T23:20:00,4970.05,completed
cf82e986-e4c3-4034-82b9-8b2d2540e5b0,CUST0007,2026-01-01T23:27:00,3386.7,pending
3b5a0aef-caf6-4d28-99c5-dd6f937a5250,CUST0222,2026-01-01T23:34:00,774.19,refunded
688f5f28-b333-4117-bfde-44528d23c53b,CUST0265,2026-13-45,99.99,completed
ab0b2cd4-1a24-4d22-bd41-9eb9612dc7e1,CUST0372,2026-01-01T23:41:00,1985.22,pending
aae15814-9634-482c-9a58-ac4b2f0d10e8,CUST0458,2026-01-01T23:48:00,1347.05,pending
b24dc598-5ad7-4ca0-a419-ccc4c2cba2e2,CUST0120,2026-01-01T23:55:00,2340.52,pending
060ecbc5-fd29-4c55-916f-636d251fbd72,CUST0181,2026-01-02T00:02:00,860.36,refunded
2d466c15-1bb1-42c0-968e-b3bf01b6295c,CUST0442,2026-01-02T00:09:00,3731.78,processing
fe588285-909a-4249-9014-d2f1cc1719c7,CUST0464,2026-01-02T00:16:00,222.72,pending
92f063b6-0a06-4a9a-b1e2-9a4888c8d403,CUST0416,2026-01-02T00:23:00,2792.69,pending
c312668e-6221-41a5-8e08-ff83d685e8b8,CUST0151,2026-01-02T00:30:00,2443.51,refunded
e6e69c1b-0738-4ed1-85f8-e1f16573027b,CUST0039,2026-01-02T00:37:00,4028.67,pending
1549f6c0-321c-4b40-a688-047541f29853,CUST0097,2026-01-02T00:44:00,783.88,pending
7e796421-11e6-4a71-a166-986c2a4914c9,CUST0271,2026-01-02T00:51:00,817.88,pending
f0e88998-16eb-4adf-bfb7-fdf89f3451a7,CUST0018,2026-01-02T00:58:00,2799.73,refunded
11ab3939-fa2e-40ef-90e5-fde0b70b4592,CUST0484,2026-01-02T01:05:00,2113.9,refunded
879b7186-7019-40c4-910b-b52578c222c1,CUST0203,2026-01-02T01:12:00,3747.21,refunded
eeca3a38-f575-4d54-9e74-c02ded446df4,CUST0283,2026-01-02T01:19:00,2093.25,completed
cbbfbd42-9980-4511-ab72-1d0f81d769fa,CUST0002,2026-01-02T01:26:00,4683.28,refunded
176aaf54-6e28-4486-9a37-df2cdab3268c,CUST0352,2026-01-02T01:33:00,3301.38,refunded
21e57d0a-2294-4abc-8fcf-4fae4bbcce01,CUST0249,2026-01-02T01:40:00,538.17,completed
99f48a03-3b9d-4f80-8788-6e04c7f834f2,CUST0384,2026-01-02T01:47:00,1382.07,cancelled
531fc7c9-bbaa-4dfe-a8b4-ba8b1725170c,CUST0126,2026-01-02T01:54:00,2662.44,refunded
373aac6b-ed8f-4241-907e-7381f26a74c0,CUST0092,2026-01-02T02:01:00,2612.84,refunded
fb799f43-f47e-4527-8273-3a23c64119c7,CUST0275,2026-01-02T02:08:00,3071.77,refunded
d9f2e754-adfa-40b2-bfd5-efb9800213b7,CUST0153,2026-01-02T02:15:00,199.54,cancelled
e0508a6a-c8cf-4052-b265-b6bae7f53e86,CUST0047,2026-01-02T02:22:00,2739.37,cancelled
2ceb9386-3d50-4313-9c09-a41a53b8d0dd,CUST0105,2026-01-02T02:29:00,199.8,processing
1a631335-7e6e-4c7c-8797-ce715e5e8f02,CUST0133,2026-01-02T02:36:00,1029.32,cancelled
96a41574-b9c3-4ae1-a494-d51e93e64f47,CUST0198,2026-01-02T02:43:00,2911.47,cancelled
3ae68120-81a9-45f1-9c10-d76eadfe2f3c,CUST0007,2026-01-02T02:50:00,3051.88,refunded
b5a38ae7-85f3-4ca9-8646-d1b6ccfd87d1,CUST0178,2026-01-02T02:57:00,4994.65,processing
0bbeced6-8e79-45db-91e6-1f82b103130a,CUST0285,2026-01-02T03:04:00,1797.68,pending
ae096876-1cfa-4bca-8001-062028b2f1c8,CUST0318,2026-01-02T03:11:00,2911.0,pending
61c13d17-61e8-4f6d-a15b-249755fca069,CUST0425,2026-01-02T03:18:00,3511.76,cancelled
cc4e651d-ac31-49cb-b6c5-e223b33da155,CUST0282,2026-01-02T03:25:00,534.18,processing
c89b216a-cc69-49a7-909e-f77730fe5971,CUST0406,2026-01-02T03:32:00,1744.07,pending
64359c76-2e11-4c83-9eb4-0a5f3311b514,CUST0073,2026-01-02T03:39:00,1114.89,refunded
3835854c-9dfe-4601-970a-9ed35b7cf024,CUST0341,2026-01-02T03:46:00,1716.76,cancelled
68114a4f-b9c0-404e-9472-6d6f176f8f52,CUST0144,2026-01-02T03:53:00,3979.04,completed
00006f8d-0506-4ce8-8d70-19b8b6b1c096,CUST0102,2026-01-02T04:00:00,4953.72,refunded
5355497b-7269-4d3a-82d9-7e1ae0a106ed,CUST0137,2026-01-02T04:07:00,4191.4,completed
84f0d0d1-50db-4ddd-8b47-7e32c9536bec,CUST0358,2026-01-02T04:14:00,2863.2,processing
e7eecfd4-20d5-47e0-948c-5b0d2e6bda86,CUST0240,2026-01-02T04:21:00,2821.99,completed
b4e6e72c-44f0-4286-8125-c274946f47a9,CUST0420,2026-01-02T04:28:00,1350.48,refunded
191697c1-3988-414a-945b-ffcbc6519c3e,CUST0397,2026-01-02T04:35:00,4185.7,completed
b2de02a5-055a-4dbe-adbc-e308be8f58b8,CUST0072,2026-01-02T04:42:00,2904.65,completed
b80fd1b1-cf73-4b3d-b90f-d3cc6b77e910,CUST0463,2026-01-02T04:49:00,683.53,cancelled
181ac3ec-bea1-445d-9ef9-117b291126dd,CUST0285,2026-01-02T04:56:00,1281.19,processing
db8b73a6-7cdd-4617-b7d7-933a55d2738e,CUST0116,2026-01-02T05:03:00,2661.19,completed
c3d172e2-34b0-4edf-988e-71592bd78ece,CUST0497,2026-01-02T05:10:00,4490.68,completed
c90f10cf-742f-4bd8-a185-df7ee1c1f471,CUST0086,2026-01-02T05:17:00,656.32,refunded
1da78e6a-cf1c-4cfe-b3cf-32bc282e1666,CUST0351,2026-01-02T05:24:00,1475.77,completed
98da22c7-5b7e-4a13-b6f3-97b71d4b3d84,CUST0159,2026-01-02T05:31:00,1992.62,cancelled
1434a0af-43b4-426d-a5fd-c9d9f9d7741c,CUST0124,2026-01-02T05:38:00,1018.48,pending
d4c3a38a-a273-4039-b2bd-ce73e0828b82,CUST0447,2026-01-02T05:45:00,4260.16,pending
d1b47cbe-6eed-491e-9fd4-747244e7fc4c,CUST0160,2026-01-02T05:52:00,2517.27,pending
d15cfa86-a537-48c1-99ed-f822410009cd,CUST0176,2026-01-02T05:59:00,3667.01,refunded
2edf5a4d-e8af-4a57-b0b1-190537b720f1,CUST0157,2026-01-02T06:06:00,4256.73,pending
5a8657ce-9074-46e4-b5eb-fe040a02424b,CUST0010,2026-01-02T06:13:00,761.93,completed
55387c13-8aef-46e2-acda-bb81284e46ae,CUST0371,2026-01-02T06:20:00,2393.15,refunded
5fb8ec6d-03c1-4bcb-948f-f0c2fbcef038,CUST0203,2026-01-02T06:27:00,4095.58,pending
1f0ded5e-96d0-43e9-a1c1-fb6dfc3a4b6f,CUST0221,2026-01-02T06:34:00,2045.25,completed
6310f200-2ecd-45e3-9cc5-bd2ae5eb66ce,CUST0388,2026-01-02T06:41:00,209.3,pending
1f1bd53b-4549-4306-852b-514d05e02ac8,CUST0342,2026-01-02T06:48:00,1486.29,processing
d3bf8bdc-fab5-4f06-90b8-cd94df65fd8a,CUST0088,2026-01-02T06:55:00,4617.83,completed
15519411-3424-40da-ae11-e589d61ccb9e,CUST0177,2026-01-02T07:02:00,4727.14,cancelled
d7fadbac-3e48-44f8-b328-5f0f4111ff8c,CUST0137,2026-01-02T07:09:00,869.74,pending
,,not-a-date,abc,
ccb1f473-4a40-413a-b75d-f9b42b8b9d90,CUST0285,2026-01-02T07:16:00,4111.78,processing
9ffbabf6-a92c-4c5e-8272-9c35761dc02b,CUST0449,2026-01-02T07:23:00,1948.34,refunded
f62ee9e9-a8f3-4050-bb0b-e0166a342ea9,CUST0489,2026-01-02T07:30:00,2906.13,cancelled
c399c777-1084-44b7-a3d4-8c421b22f491,CUST0371,2026-01-02T07:37:00,3063.52,completed
04fd89bb-a1f3-4d6e-b6c6-74b0aae88061,CUST0319,2026-01-02T07:44:00,841.27,pending
6b10c377-ab2e-45d6-a3a1-368746004f0d,CUST0064,2026-01-02T07:51:00,1538.98,completed
dea9e146-35bf-407b-9f1c-3eeef0e198e0,CUST0048,2026-01-02T07:58:00,441.25,pending
f0239fa2-960c-4763-a6d4-e580fecbb8d3,CUST0452,2026-01-02T08:05:00,3264.44,processing
c187001b-aa0b-41a3-ac4a-c450b22a2206,CUST0493,2026-01-02T08:12:00,4113.26,completed
0de009ec-3a07-4a84-9ad5-c9d07782f629,CUST0417,2026-01-02T08:19:00,1402.43,pending
625e5ad6-2000-4bdc-b8c7-6a62b185f80f,CUST0442,2026-01-02T08:26:00,2920.49,completed
64e9e014-06c6-4c26-899d-5cc2020dafb9,CUST0494,2026-01-02T08:33:00,3387.89,refunded
0b8e6691-93f5-4fec-8c7d-10b9b076dc80,CUST0427,2026-01-02T08:40:00,4145.76,refunded
8c7bdc23-c77a-44fb-b48b-85c104375d51,CUST0146,2026-01-02T08:47:00,162.64,completed
3c4519bd-ab2b-408b-9f3e-da1eb99edc66,CUST0183,2026-01-02T08:54:00,4139.02,pending
1ecc5173-b9c8-42ef-a06b-7ba296336904,CUST0047,2026-01-02T09:01:00,4932.48,refunded
cdb048a3-9566-4b76-b2da-741ba89bbd24,CUST0207,2026-01-02T09:08:00,3836.5,refunded
37eb78f5-72ac-431d-bb31-3028ee6646c8,CUST0041,2026-01-02T09:15:00,1297.41,refunded
2ca02c9b-2d8a-4275-86fe-e6127ae8a165,CUST0406,2026-01-02T09:22:00,1173.87,refunded
ceaebe81-20be-4917-bc13-4426d82cbe53,CUST0101,2026-01-02T09:29:00,3078.96,completed
17fc8418-1061-4005-b4b6-da59bd00d66d,CUST0437,2026-01-02T09:36:00,2147.57,pending
ebe09bec-c421-4b9f-8366-959fe30668eb,CUST0262,2026-01-02T09:43:00,4379.95,processing
895133e8-60ab-4fd4-acb3-11738dba4d90,CUST0369,2026-01-02T09:50:00,2587.53,refunded
0a682f9d-824b-44a5-ab20-dcbdeb83e7b0,CUST0409,2026-01-02T09:57:00,3910.66,completed
62bc874d-2971-4e7f-bfb3-30315dfdbacd,CUST0150,2026-01-02T10:04:00,4168.89,refunded
ab978ef5-a826-4874-8be3-591484097c2e,CUST0463,2026-01-02T10:11:00,3928.73,pending
167a9c08-c269-4969-bfd1-37d46dad19d3,CUST0226,2026-01-02T10:18:00,2265.92,processing
914e5e14-0bd2-480d-b2c3-70cb83c36962,CUST0232,2026-01-02T10:25:00,4861.01,completed
7dd3e1f8-e98e-4542-b379-98b166876274,CUST0459,2026-01-02T10:32:00,1481.94,completed
f211eee9-5cd6-4da6-bdd2-950b156c276b,CUST0332,2026-01-02T10:39:00,2099.19,completed
f56c9104-d899-4258-a163-41f8097f40d9,CUST0215,2026-01-02T10:46:00,514.05,completed
9c576f2a-1336-428e-93cf-021beede9ca8,CUST0485,2026-01-02T10:53:00,998.69,processing
1b582207-d0ab-436e-a43e-e25a7cddb43c,CUST0129,2026-01-02T11:00:00,3961.07,processing
6a326302-037f-4bb7-8c70-8b041efbbae9,CUST0028,2026-01-02T11:07:00,598.17,processing
accaa7cb-2432-4cfc-97b9-f682610e5cbf,CUST0287,2026-01-02T11:14:00,3527.6,cancelled
7acea339-d6cb-4df5-9a03-9e3360df6afc,CUST0321,2026-01-02T11:21:00,3303.67,refunded
28acfd59-87a8-4004-bde5-3cadca697fa6,CUST0412,2026-01-02T11:28:00,977.81,completed
6023c1ba-32c8-46d6-994f-4dbfc1633362,CUST0374,2026-01-02T11:35:00,3524.06,completed
892b84b8-4bfa-43b4-8d48-1900d42e9eb2,CUST0205,2026-01-02T11:42:00,1694.21,completed
adec7fbd-80d9-4252-988d-31855d3ef4a4,CUST0432,2026-01-02T11:49:00,4266.12,processing
1caffcdc-825b-4cdb-8ff9-be20c40edc67,CUST0484,2026-01-02T11:56:00,1049.02,processing
ceaa12ce-4ee0-4a61-a6e7-ac5a50f4e5f3,CUST0083,2026-01-02T12:03:00,310.55,processing
4b4fb12d-fcc8-403a-9694-83cd4d16daec,CUST0038,2026-01-02T12:10:00,792.88,refunded
b6c36758-9007-43e2-a5dd-af4c2e9bdb2c,CUST0221,2026-01-02T12:17:00,362.17,cancelled
ae872499-2e78-4eda-81d0-52012cf719fc,CUST0292,2026-01-02T12:24:00,3480.77,pending
ebf8f64a-a8a0-4561-8dc1-026f6f4444a2,CUST0016,2026-01-02T12:31:00,164.09,pending
6df5d9e3-5c0f-47c7-a7ef-67d8790fe1f4,CUST0049,2026-01-02T12:38:00,1937.43,refunded
d0e3e7da-7039-48c7-904a-1b735584d46a,CUST0307,2026-01-02T12:45:00,4337.25,processing
3a94b490-1b59-4ce5-a6c6-7fc2331bfb08,CUST0366,2026-01-02T12:52:00,3097.43,refunded
ede7ec7d-f5ea-4783-8ca4-c424f5ab69c2,CUST0381,2026-01-02T12:59:00,2795.36,refunded
956458d3-335f-49f4-b7ae-b5aeb2d4b431,CUST0189,2026-01-02T13:06:00,2661.22,processing
751969f6-9c29-4a1b-9256-8cdd444ff56e,CUST0104,2026-01-02T13:13:00,780.37,pending
e03c537a-21d3-482e-87be-dedc22afb59e,CUST0185,2026-01-02T13:20:00,2130.73,refunded
b73b53f1-cdbd-4786-afb0-f4d5b3800def,CUST0212,2026-01-02T13:27:00,3680.58,cancelled
cb5b07a6-e1ab-45f4-8898-6bbdb4b828f1,CUST0027,2026-01-02T13:34:00,1284.38,completed
844726a9-4f93-487e-ac18-135a51be3504,CUST0362,2026-01-02T13:41:00,3936.68,refunded
0be28f21-0de5-4607-b155-17446cd23242,CUST0426,2026-01-02T13:48:00,3849.0,cancelled
3489b8c2-a870-4659-9edb-75702b17f62b,CUST0249,2026-01-02T13:55:00,1532.97,refunded
790d66e4-47a9-4932-9ab0-20b52c2398cc,CUST0058,2026-01-02T14:02:00,2694.06,completed
86557089-81a1-414f-9eb7-7398dd6e519d,CUST0412,2026-01-02T14:09:00,1061.16,completed
91f2756f-4e27-460c-8ed5-27d2eb2b5892,CUST0028,2026-01-02T14:16:00,1394.04,cancelled
74edb941-0683-4b93-8c0e-ea977a6687cf,CUST0174,2026-01-02T14:23:00,1083.22,processing
f1dd6477-e3c1-4d0f-84d0-1fc7dcc4dadd,CUST0438,2026-01-02T14:30:00,581.52,processing
7fe1f7cc-68f1-42b5-b1d5-107ed38ab8ec,CUST0083,2026-01-02T14:37:00,2546.16,pending
9e4bae75-74ce-43c7-b23a-9e4334a2a353,CUST0172,2026-01-02T14:44:00,2545.38,pending
b7cba520-1fd0-477c-b255-37d029ce93d0,CUST0429,2026-01-02T14:51:00,4854.69,cancelled
ea99a675-2bd1-410e-81ad-b8ed7b7d339d,CUST0340,2026-01-02T14:58:00,426.81,refunded
fbfb3c5c-29cb-4304-a313-27d8ce1513b9,CUST0448,2026-01-02T15:05:00,2591.16,refunded
563a1bd9-3b1a-4ae1-a89f-f04e0d0ae7b4,CUST0031,2026-01-02T15:12:00,462.65,cancelled
0b4ceb94-062e-4adf-98ea-4c6667f51c8a,CUST0276,2026-01-02T15:19:00,1820.76,processing
90419aa5-06ef-4f40-b415-b192c9cfaef6,CUST0218,2026-01-02T15:26:00,4257.34,processing
27913ea1-6547-4c03-b033-04848f7347e1,CUST0201,2026-01-02T15:33:00,365.62,processing
cc00c650-cdc2-455e-a86c-1230b02f0355,CUST0211,2026-01-02T15:40:00,4002.31,pending
acc7e882-f4e2-4488-9eff-ad83c0c6e9e8,CUST0370,2026-01-02T15:47:00,4988.4,completed
2be1b06d-8eab-48bb-bba3-f055cc36be38,CUST0398,2026-01-02T15:54:00,4250.1,refunded
4bbc594e-bc39-4196-8e96-c5f29c2b2a0e,CUST0483,2026-01-02T16:01:00,358.41,cancelled
054a62c0-ab89-44f0-bb7c-3db0ff291f39,CUST0437,2026-01-02T16:08:00,4198.77,processing
d87fbc64-4746-4ad5-9b41-8c2b76c10f0d,CUST0185,2026-01-02T16:15:00,2673.87,processing
165688dd-7ecb-4087-9b61-9cf604d3afb6,CUST0190,2026-01-02T16:22:00,1013.86,refunded
1770e42f-6815-432a-b884-417b94789a97,CUST0097,2026-01-02T16:29:00,4351.93,cancelled
83973901-a771-4503-b432-1f600f262d36,CUST0008,2026-01-02T16:36:00,949.73,completed
1f8453da-5d89-4e6f-966d-ebbbbe723cb5,CUST0376,2026-01-02T16:43:00,515.15,refunded
c9f884a0-8ec7-4b95-9696-bf3029c9073a,CUST0281,2026-01-02T16:50:00,3588.87,pending
b73ebfb4-18b1-439c-8b63-0ba52be46219,CUST0228,2026-01-02T16:57:00,4373.45,processing
8a61905b-5ffd-46aa-a313-ab27a32d06d3,CUST0238,2026-01-02T17:04:00,2554.14,completed
96024fa2-6981-4131-9a68-987dd02257cd,CUST0421,2026-01-02T17:11:00,3940.37,refunded
8815ec35-dc03-48c4-b5b1-c2975fcc66ba,CUST0435,2026-01-02T17:18:00,335.07,completed
79a8f9cd-9924-4d12-a54b-a0c84a1c9685,CUST0049,2026-01-02T17:25:00,2623.45,completed
3da49d83-ecdf-4e65-aa45-b0452e4b6162,CUST0337,2026-01-02T17:32:00,4118.55,processing
e8cfbd92-4570-48cb-b351-3f8d47c5733e,CUST0065,2026-01-02T17:39:00,1643.03,pending
e8879849-c98d-498a-a7ac-d3c9ebe96f88,CUST0114,2026-01-02T17:46:00,1094.26,completed
3a211745-8a74-429c-9333-f49d0b43830c,CUST0036,2026-01-02T17:53:00,4538.23,cancelled
26ae2737-82da-4595-be92-b348ae81c3b3,CUST0038,2026-01-02T18:00:00,705.49,refunded
19ab1e3e-324d-4af5-adaa-4bd6347c607b,CUST0221,2026-01-02T18:07:00,4193.16,cancelled
49111927-3904-4c22-8015-7bc5ebc881eb,CUST0339,2026-01-02T18:14:00,3389.43,cancelled
ba270bea-1ccc-474d-b079-6fb76bbd3804,CUST0334,2026-01-02T18:21:00,2202.69,cancelled
6754c19d-baec-4e1e-9152-d5a71f90a74c,CUST0187,2026-01-02T18:28:00,3911.9,cancelled
799f8203-b7ba-46bb-9575-049932417618,CUST0204,2026-01-02T18:35:00,4625.49,processing
1b066a7d-2298-4808-81e8-ad1b13c162e9,CUST0370,2026-01-02T18:42:00,2384.11,cancelled
d1f9b3d8-7265-4a5f-ad79-5afd673fe139,CUST0408,2026-01-02T18:49:00,4137.41,cancelled
fb4a868d-a6f2-46ed-86db-766a07788a48,CUST0481,2026-01-02T18:56:00,4063.81,pending
d29b63f3-61d8-4523-b851-70e3847cca13,CUST0112,2026-01-02T19:03:00,2257.48,refunded
5f77b9ef-6f41-4977-b6a3-fade088dd647,CUST0329,2026-01-02T19:10:00,3428.89,pending
ee3e3f23-b9eb-4591-9477-072aedaab19a,CUST0059,2026-01-02T19:17:00,3334.76,completed
25907472-a96a-480f-9962-10b206f01fe2,CUST0007,2026-01-02T19:24:00,621.92,completed
1bd81133-5591-4e81-af09-e2b6caae5de5,CUST0471,2026-01-02T19:31:00,4623.48,refunded
5004896b-5b07-438a-b1cf-706fb1eec840,CUST0427,2026-01-02T19:38:00,2871.05,processing
ef85c4fb-88ba-4a3d-81ed-f7d43e72b2b7,CUST0255,2026-01-02T19:45:00,4767.9,completed
e430edee-b6d7-46d9-ba4e-40efa5c448ee,CUST0428,2026-01-02T19:52:00,3280.6,completed
2a3db84a-0950-4f09-8683-8b29d8cb68b2,CUST0304,2026-01-02T19:59:00,3524.68,refunded
637e0ee8-5502-41a9-8b43-15c72468f6fe,CUST0329,2026-01-02T20:06:00,1254.55,completed
e9ae47be-8002-4730-a054-71a8721db037,CUST0262,2026-01-02T20:13:00,4649.69,completed
16e8b304-55fe-4cf6-b0c4-6558fe2f501b,CUST0422,2026-01-02T20:20:00,4814.99,refunded
1819d5b3-1a6e-4d5f-b24f-5303c264aee8,CUST0458,2026-13-45,99.99,completed
e5c1a976-a671-4be6-a5a9-a9960ca2fc53,CUST0119,2026-01-02T20:27:00,1055.24,processing
636ff46c-6b38-4ac0-ac6b-e5c9569ecdbe,CUST0351,2026-01-02T20:34:00,3499.73,processing
07bbd92d-bd89-4323-ac2a-b9e40550a980,CUST0128,2026-01-02T20:41:00,2929.08,pending
c83b6361-3136-4532-8640-37507729bbfa,CUST0123,2026-01-02T20:48:00,2623.35,processing
59ced17d-9dbb-4b0d-b5c6-dde4e07ff640,CUST0386,2026-01-02T20:55:00,1925.21,completed
ad13fad2-c8db-4c6b-81eb-e3d90e39e4d9,CUST0262,2026-01-02T21:02:00,3037.61,processing
c6d0fffd-e873-4e03-bf5a-01d84b33dbdd,CUST0072,2026-01-02T21:09:00,3623.15,pending
1a593143-2e58-4783-87f3-df009016e527,CUST0138,2026-01-02T21:16:00,2209.03,cancelled
8776efbf-6965-4378-a0a5-009f2855cb29,CUST0314,2026-01-02T21:23:00,458.39,cancelled
3ec70d89-119a-4ca6-baab-72ef4706c711,CUST0449,2026-01-02T21:30:00,328.71,refunded
6ca27a2b-b17f-4772-90d8-2be50b40bb5b,CUST0069,2026-01-02T21:37:00,2403.29,refunded
58f4edb6-3aa1-4fe7-b049-54ad540b46eb,CUST0173,2026-01-02T21:44:00,4410.79,pending
f560b848-d844-413a-a305-1705129ea1a5,CUST0395,2026-01-02T21:51:00,3941.7,completed
ac2cc8c2-771f-4dd4-b6ba-cfcfd6a613ef,CUST0471,2026-01-02T21:58:00,1027.1,processing
7f099725-7162-4985-845d-078c65257204,CUST0339,2026-01-02T22:05:00,250.36,cancelled
1eb91fa3-a704-417b-8766-75be44e6a054,CUST0430,2026-01-02T22:12:00,2859.53,completed
eae20a34-65c2-413a-9560-61af0d8c0b40,CUST0070,2026-01-02T22:19:00,1779.33,processing
620e34fe-ce5a-4581-8fcf-d00899c3618b,CUST0471,2026-01-02T22:26:00,2660.73,cancelled
54a0cd1d-0fe9-4fb5-a930-6b2993e1bb65,CUST0168,2026-01-02T22:33:00,1550.24,pending
a42c9d89-4ba3-4b1b-a693-5bd244c1d2c6,CUST0195,2026-01-02T22:40:00,599.48,processing
00f49bd7-2a16-44a1-9f51-933bef684156,CUST0025,2026-01-02T22:47:00,4185.4,refunded
9d729192-fc8d-4f6e-87ff-6f4b1a34fc70,CUST0019,2026-01-02T22:54:00,4813.99,processing
74750b29-63cb-4fdc-a0a0-f89e7f33508c,CUST0138,2026-01-02T23:01:00,4463.02,completed
837620ee-ef70-48e9-844b-4baf4689e18b,CUST0013,2026-01-02T23:08:00,4861.13,cancelled
58b75924-d617-402a-a7f4-9fdba06c64f8,CUST0289,2026-01-02T23:15:00,4652.81,processing
28b0df33-d317-4b9a-b439-5dc3b81eb4d4,CUST0163,2026-01-02T23:22:00,3011.28,processing
a580fee9-ef01-4001-9b3f-4e54b2d292e8,CUST0433,2026-01-02T23:29:00,4788.33,completed
ee1e1a87-c882-4e75-97c8-9c1f7df3c25d,CUST0155,2026-01-02T23:36:00,203.51,completed
2761fa78-41d6-4427-9b47-cc54bfbbbfc0,CUST0130,2026-01-02T23:43:00,4164.02,pending
2c814d4a-c814-4e7d-b8df-8a9bfd212a8c,CUST0360,2026-01-02T23:50:00,3431.57,processing
112ff498-5a2a-4529-9836-e73a5b84b7f2,CUST0151,2026-01-02T23:57:00,3498.57,cancelled
1b24e0fc-9eff-4790-8a40-c97a0572952c,CUST0141,2026-01-03T00:04:00,1643.92,pending
e2eaa10d-e1dc-4f71-b9d8-41ac8534f218,CUST0466,2026-01-03T00:11:00,3462.12,refunded
03504025-4335-499a-9849-50d931980b8c,CUST0377,2026-01-03T00:18:00,91.07,processing
31440cb4-1a8c-48c7-b3f8-27415ac0e770,CUST0080,2026-01-03T00:25:00,4812.18,cancelled
5cb16589-ed83-46f4-a146-9868b9b55767,CUST0108,2026-01-03T00:32:00,4452.1,cancelled
12a6cad0-3df8-4fa1-b8e7-4e14692adcbb,CUST0373,2026-01-03T00:39:00,2791.43,refunded
6413a1a6-42ab-4aae-8898-186bad1c7502,CUST0245,2026-01-03T00:46:00,956.41,pending
07c81f2a-90c2-44bf-95e7-d2d00ff2b8a4,CUST0345,2026-01-03T00:53:00,3398.01,refunded
216650ab-7606-4aed-bb8d-82fd08d2c884,CUST0340,2026-01-03T01:00:00,4475.82,processing
1a6f608e-bf54-4ab2-8911-dffc68b679fd,CUST0471,2026-01-03T01:07:00,4420.14,refunded
c7154916-bdea-48f9-9e4b-02050b85fe76,CUST0217,2026-01-03T01:14:00,1971.26,cancelled
3b2a4105-b8aa-49a0-88b8-385af2a90ece,CUST0446,2026-01-03T01:21:00,4577.3,refunded
9efb234a-0c77-495d-995c-fa8c646703fa,CUST0221,2026-01-03T01:28:00,1410.33,refunded
b1bdf2ef-1a59-49fa-87e5-85a86363248a,CUST0155,2026-01-03T01:35:00,2729.68,completed
cd9d673b-a77c-4ea2-9b64-f6664b7674c8,CUST0130,2026-01-03T01:42:00,462.53,completed
cd3066f5-50a2-4b2e-bc75-33e45e6c5bba,CUST0242,2026-01-03T01:49:00,4516.6,cancelled
84795e9c-dc4f-461b-95fb-88bef4f26d78,CUST0027,2026-01-03T01:56:00,4779.87,processing
b734c832-1fbb-4734-9e86-5c4905ee853b,CUST0198,2026-01-03T02:03:00,3127.92,completed
cd5821fe-2235-4981-ad15-3129692c103c,CUST0391,2026-01-03T02:10:00,4637.27,cancelled
b077c96d-deec-4757-9cbe-2e046c6ae5ef,CUST0438,2026-01-03T02:17:00,2438.79,pending
c2621629-1fae-4670-a764-b11e3f3c44cd,CUST0465,2026-01-03T02:24:00,329.17,pending
2e150fec-c834-42bb-bd66-9101a4f6bfcc,CUST0316,2026-01-03T02:31:00,2880.0,cancelled
1a372b5e-4d64-4052-a56f-78a8c5405ecf,CUST0111,2026-01-03T02:38:00,4071.6,processing
47fb1111-d00e-462b-9609-5f658f1198cc,CUST0415,2026-01-03T02:45:00,1724.69,cancelled
e352edfb-d43c-4a23-912a-cbee091c61ff,CUST0147,2026-01-03T02:52:00,2146.44,refunded
6b5cc342-5857-44e8-bc19-5cf93d791282,CUST0306,2026-01-03T02:59:00,1180.94,cancelled
d78bf3b1-e748-4ba8-bc42-85c85d8768f4,CUST0129,2026-01-03T03:06:00,1029.13,pending
5f2c10fc-3112-447e-a483-b5c2a8f66235,CUST0307,2026-01-03T03:13:00,4492.91,cancelled
19598ec8-8db8-4585-8f2d-d32f5d5f472e,CUST0137,2026-01-03T03:20:00,3611.52,cancelled
e655c429-3522-4488-8943-bde60ea9d013,CUST0079,2026-01-03T03:27:00,615.29,processing
3721626b-ffeb-476e-9e60-db8d2e71088e,CUST0163,2026-01-03T03:34:00,2640.41,completed
d9c49d4c-49b1-4299-8166-58f472544de4,CUST0344,2026-01-03T03:41:00,3581.17,completed
8459fc1d-7433-49b2-b3d8-210b0fcbc65d,CUST0033,2026-01-03T03:48:00,2986.38,completed
ca4a5f59-9c44-4f49-925b-d8d7383dec60,CUST0021,2026-01-03T03:55:00,1220.48,refunded
5a4b5be0-9934-425e-b4cd-8c07d6e0765f,CUST0029,2026-01-03T04:02:00,50.67,refunded
47961ca2-6313-465a-8c96-271752c72baa,CUST0133,2026-01-03T04:09:00,1525.88,completed
2dcaa1eb-8bb7-48f5-8333-e5277fa56383,CUST0366,2026-01-03T04:16:00,319.52,cancelled
27f97c84-55a3-4eac-aa22-a33edb8d63c7,CUST0374,2026-01-03T04:23:00,2660.3,refunded
5a6bf24d-c0be-4fc8-b7f0-13f7d64123c2,CUST0469,2026-01-03T04:30:00,2594.72,pending
cbc28192-018c-4b4a-95b4-3f2d41a2e340,CUST0075,2026-01-03T04:37:00,4405.2,completed
baf60434-1bbc-4889-a3c0-9df56d2a14d0,CUST0114,2026-01-03T04:44:00,3286.07,processing
f0bfda29-1079-4781-b73d-01677539b91b,CUST0408,2026-01-03T04:51:00,3702.3,processing
330f0b72-d9bd-4fb9-bf9e-16492a800802,CUST0374,2026-01-03T04:58:00,4585.89,completed
688ca5b0-252e-411c-a930-1d2f736c3585,CUST0186,2026-01-03T05:05:00,3720.4,completed
c6eb4ca9-d523-4ea1-99c4-2f056e3ac31c,CUST0371,2026-01-03T05:12:00,3683.5,pending
3d16da7d-3e64-41e9-a610-c61664e2e209,CUST0366,2026-01-03T05:19:00,3363.07,cancelled
4c4f8f59-544e-4caf-85ca-26910c4c2123,CUST0296,2026-01-03T05:26:00,43.2,refunded
485ee7e2-317a-4f52-90f6-f3eb171af77d,CUST0191,2026-01-03T05:33:00,3060.25,pending
e65932ae-801b-4630-a7ff-afe9386929e5,CUST0337,2026-01-03T05:40:00,3487.75,processing
b81d0ef2-5e81-4ba6-9fdc-e20c6f78b383,CUST0367,2026-01-03T05:47:00,3551.93,processing
71243ae6-2555-4367-a809-0be61eff9343,CUST0005,2026-01-03T05:54:00,1208.64,pending
d349126e-bda6-4ef9-9535-dab7a0373e16,CUST0101,2026-01-03T06:01:00,2987.5,refunded
dc7b025b-4cb9-48d8-941b-40cb4de28fec,CUST0162,2026-01-03T06:08:00,332.79,refunded
2d169531-41c3-4e2a-aed7-6b432179f548,CUST0401,2026-01-03T06:15:00,1029.95,pending
2ac74303-7686-452d-b7e8-21aa3d6dc3ac,CUST0104,2026-01-03T06:22:00,4388.42,pending
0279bf38-d3bb-499f-b80d-e49e89304630,CUST0060,2026-01-03T06:29:00,1904.96,processing
22e51900-f6b8-458b-9ad4-931529f089d5,CUST0072,2026-01-03T06:36:00,1179.59,cancelled
351fc601-bf5e-4a7e-b898-7c4e2ef7de29,CUST0207,2026-01-03T06:43:00,3632.23,cancelled
cd868db0-32da-4473-937c-969685cf6440,CUST0364,2026-01-03T06:50:00,923.16,refunded
ac7a402b-75ed-4231-8907-35e0af718afb,CUST0099,2026-01-03T06:57:00,1648.37,refunded
9b2e998f-b23b-4f31-8746-88ca4d0d876b,CUST0023,2026-01-03T07:04:00,1769.46,pending
316e51bd-519d-47c6-97d6-674c1f1b6076,CUST0263,2026-01-03T07:11:00,679.86,completed
fcf26383-fb34-4083-97ca-b0a050167ab9,CUST0291,2026-01-03T07:18:00,3138.41,processing
5968b926-5ffc-4e99-8090-fc8dd470d85e,CUST0169,2026-01-03T07:25:00,3256.2,pending
a85c71e9-4cdc-4866-909b-b851b2b74909,CUST0061,2026-01-03T07:32:00,2571.19,completed
07a886fb-7d8a-409a-a351-7fd77c8a8c8c,CUST0398,2026-01-03T07:39:00,3683.64,completed
7688b026-b260-4618-a686-ac0be18b3725,CUST0142,2026-01-03T07:46:00,1810.49,completed
189b75c0-7568-4a6e-a0c7-870cd6e39868,CUST0443,2026-01-03T07:53:00,4225.37,refunded
406e8873-ab02-4f77-8342-24c764d9e3ae,CUST0447,2026-01-03T08:00:00,4857.15,processing
bfc878da-8e58-482e-9670-6947acc23271,CUST0401,2026-01-03T08:07:00,4078.49,cancelled
0de35715-52a4-4575-8e5e-9b768213b961,CUST0491,2026-01-03T08:14:00,1247.33,completed
,,not-a-date,abc,
d8426235-9f08-462e-aab6-97cdaa908e22,CUST0105,2026-01-03T08:21:00,2147.37,pending
a307945c-f866-4802-a004-21e0e86d92c2,CUST0231,2026-01-03T08:28:00,4576.86,processing
38f7ddd7-adf0-45b2-87fe-f87f1bffa31c,CUST0001,2026-01-03T08:35:00,3874.0,cancelled
c8be5892-3b0a-4622-a74c-d8a042fb1510,CUST0203,2026-01-03T08:42:00,604.03,cancelled
237a18d9-32fc-4d40-b107-6336a1449944,CUST0290,2026-01-03T08:49:00,4259.06,pending
cf3cc479-a180-4040-90eb-3646dd537366,CUST0405,2026-01-03T08:56:00,3175.08,refunded
6da1a205-8707-443e-9a71-ae7814b23f03,CUST0013,2026-01-03T09:03:00,1547.82,pending
0419b997-c7fa-47fb-8f14-517aa6250a7d,CUST0467,2026-01-03T09:10:00,2274.81,completed
4b05814d-6c2f-41cd-8e37-5da42cfec9ac,CUST0287,2026-01-03T09:17:00,1245.81,processing
04280ab6-fdfa-4812-baa7-a671569fd7a8,CUST0072,2026-01-03T09:24:00,4546.57,completed
05df011f-7c49-48d8-a37d-79588c05bbc9,CUST0138,2026-01-03T09:31:00,1001.16,processing
470e41c0-7339-4b70-a23b-f527d4de34b8,CUST0142,2026-01-03T09:38:00,3122.83,refunded
b772866c-d6b0-46a9-ad5b-2ebe628f8fd9,CUST0009,2026-01-03T09:45:00,3797.61,completed
7bf265f0-ed3c-4dc5-bbe8-5d794229418a,CUST0476,2026-01-03T09:52:00,626.3,cancelled
482bb948-2547-4ba8-90e8-b598ae6ae6df,CUST0332,2026-01-03T09:59:00,2194.31,completed
8d916634-f0b2-4752-9c58-59251a5039c6,CUST0282,2026-01-03T10:06:00,134.45,refunded
b0ca725e-e594-49d6-8b89-fb8909452567,CUST0429,2026-01-03T10:13:00,3567.96,processing
ae78a8b7-f5e7-49d2-b60f-19b69344f926,CUST0371,2026-01-03T10:20:00,4905.62,completed
e2178fda-50d8-4002-bd7f-5837c0a80ee9,CUST0160,2026-01-03T10:27:00,1428.05,refunded
3c487ecc-e20c-4cc1-a926-2f1127ba78de,CUST0015,2026-01-03T10:34:00,1557.45,pending
57f39370-c74e-4715-8c54-6a4ea1e16ce6,CUST0282,2026-01-03T10:41:00,1271.0,processing
2063a35f-7ba3-499b-bc13-cdcdf76646b4,CUST0343,2026-01-03T10:48:00,2088.34,pending
fa8c33e2-0497-42ee-bd68-d4b290e13dd7,CUST0105,2026-01-03T10:55:00,4213.42,pending
218b507d-f447-4d93-b792-d713defeb784,CUST0246,2026-01-03T11:02:00,2677.83,cancelled
708f7a2d-b245-400e-9007-c0a44bf16377,CUST0126,2026-01-03T11:09:00,1848.7,completed
0334a9db-57c8-4516-a3bb-42b8f80b636b,CUST0038,2026-01-03T11:16:00,3035.88,refunded
6b3b44c2-bfbd-4bf2-b90d-2236542434ce,CUST0492,2026-01-03T11:23:00,4645.9,completed
4942ba70-3153-4529-b016-bdece979697e,CUST0188,2026-01-03T11:30:00,128.67,refunded
cd974800-4203-47be-84fb-142e3448b72b,CUST0184,2026-01-03T11:37:00,1490.7,cancelled
48e64608-c133-490a-8be4-5fd76bb5b25d,CUST0175,2026-01-03T11:44:00,2801.88,processing
390a6b74-5a04-4cd5-ba10-e89002aedceb,CUST0187,2026-01-03T11:51:00,4694.46,refunded
67da9eee-96e1-47aa-949a-b725750a2539,CUST0017,2026-01-03T11:58:00,3137.18,cancelled
41dc8558-c0de-4363-8773-3fb019d89ca9,CUST0332,2026-01-03T12:05:00,3471.8,refunded
f530eccc-d179-4916-a98e-24337b2279e0,CUST0092,2026-01-03T12:12:00,2976.07,processing
92062ebc-c70c-4924-9fd7-f327c71ba6e6,CUST0332,2026-01-03T12:19:00,4521.89,cancelled
c49cb37d-5e5f-4b08-bdee-34ea9ccd48d7,CUST0030,2026-01-03T12:26:00,4869.82,cancelled
d0c503ce-4327-490c-abd4-f802278f1997,CUST0419,2026-01-03T12:33:00,1377.79,completed
0c1d6cb7-d85b-4244-b6d8-831339e7ecc2,CUST0066,2026-01-03T12:40:00,3311.55,processing
e5c44667-b4e4-4525-9513-281bad3c899c,CUST0423,2026-01-03T12:47:00,977.24,refunded
bcdaace2-0e80-44c9-b72a-92418cfe7193,CUST0131,2026-01-03T12:54:00,368.55,pending
6115ac3c-23b3-4b30-b26f-f63a997f2a30,CUST0240,2026-01-03T13:01:00,3984.65,pending
c1f91026-7e74-4893-b3ce-415361b562ad,CUST0080,2026-01-03T13:08:00,2767.15,completed
88ccc348-8b74-496f-94df-42cb59aa27e5,CUST0404,2026-01-03T13:15:00,681.51,completed
6ba843af-4589-4121-b14b-85b1ee2232d6,CUST0487,2026-01-03T13:22:00,3375.91,cancelled
975f87dc-7455-412a-9ea3-4effa5cb1ba1,CUST0493,2026-01-03T13:29:00,2812.41,refunded
558c60a8-bf62-4e57-9248-27f1edb1e49e,CUST0483,2026-01-03T13:36:00,3038.46,cancelled
10d55a2f-4aa7-4eb0-af03-109727592b52,CUST0428,2026-01-03T13:43:00,3907.69,completed
4fe98ed9-d8a1-46dc-ab83-41d2257dc992,CUST0464,2026-01-03T13:50:00,166.66,pending
631a2755-62f5-4e45-8f43-befdde8cc711,CUST0238,2026-01-03T13:57:00,567.77,completed
a8bf4be1-5e6a-4c2b-b46d-8d6f80d3c534,CUST0239,2026-01-03T14:04:00,586.54,cancelled
4d9c5e31-25b2-46de-a95b-f6f72a22b2f0,CUST0397,2026-01-03T14:11:00,2985.51,processing
61337ad8-795d-4731-b2b6-603a85559305,CUST0023,2026-01-03T14:18:00,79.64,refunded
15ca5612-9de2-4065-9902-4f1fefb4c2aa,CUST0243,2026-01-03T14:25:00,743.84,pending
a22182f3-9ff6-4563-8a22-2af446011e96,CUST0337,2026-01-03T14:32:00,4283.39,processing
86003377-6fb0-4264-b3e8-6d66853d9a59,CUST0212,2026-01-03T14:39:00,1632.07,processing
49ced80c-0475-4714-a040-a6e5f41e6600,CUST0108,2026-01-03T14:46:00,559.09,pending
afc3fc7a-b41b-4fd3-9cd3-851c2d765769,CUST0087,2026-01-03T14:53:00,2445.81,cancelled
53ad659c-6b3e-4d62-88fa-3f242cc4870d,CUST0349,2026-01-03T15:00:00,2423.54,cancelled
9382f79a-aab3-488c-96e5-1f2c37307ebc,CUST0311,2026-01-03T15:07:00,4270.91,completed
43d2406a-33c2-4655-82cb-3d58e1d611f8,CUST0118,2026-01-03T15:14:00,1440.26,completed
9b741abb-1948-42db-b0dd-31f73e7653e9,CUST0370,2026-01-03T15:21:00,3690.65,completed
ecbb9b0e-adf8-437c-94ce-2ed4dc48b69a,CUST0443,2026-01-03T15:28:00,3227.4,refunded
ed675bf6-02ff-473d-b0f6-ca0ca4b0df32,CUST0243,2026-01-03T15:35:00,2319.61,completed
5f149c44-65bf-48f6-8dc7-9350399ad4d9,CUST0223,2026-01-03T15:42:00,3212.68,refunded
6c379327-2372-4645-bb46-29856236bf10,CUST0077,2026-01-03T15:49:00,479.95,processing
73b3fa31-211b-4511-94c8-6cf4153fca78,CUST0089,2026-01-03T15:56:00,3585.43,pending
8aef5c99-ef32-4707-8be9-fedf1b6eb52e,CUST0447,2026-01-03T16:03:00,3884.94,processing
9371b0b8-b72c-42d8-a3b4-5023753df8e6,CUST0063,2026-01-03T16:10:00,3735.4,completed
189342e4-d0a1-4ebf-98d8-65ebdf67f0dc,CUST0049,2026-01-03T16:17:00,3436.75,completed
1515a925-590c-4478-979b-8838b71b64e2,CUST0441,2026-01-03T16:24:00,3409.39,refunded
e2e603c0-88e4-4780-8746-8ebfcdfc7aae,CUST0142,2026-01-03T16:31:00,175.19,completed
3fc57a3e-c162-4b22-8ed6-4592985944c3,CUST0046,2026-01-03T16:38:00,2877.11,completed
9a628e11-c03d-4dad-9222-cdedbee93c2c,CUST0070,2026-01-03T16:45:00,1308.29,refunded
a156255c-4faf-4323-a1a7-18d2247b41c4,CUST0087,2026-01-03T16:52:00,4005.03,completed
54adfc23-b7a8-477a-9462-ec17d09a0b8e,CUST0277,2026-01-03T16:59:00,1809.56,refunded
d7c57b88-df7a-47b7-b29e-090607d69460,CUST0195,2026-01-03T17:06:00,987.14,refunded
a49befb5-3c9f-4caa-a915-72c97002cf69,CUST0276,2026-01-03T17:13:00,3758.2,completed
97ca91c0-0ef0-491e-882f-d053823607fc,CUST0257,2026-01-03T17:20:00,3414.13,pending
b04c80dc-b7f9-4471-b145-6d4d6e7078cf,CUST0232,2026-01-03T17:27:00,2217.63,cancelled
424a7909-ac91-46a3-b10a-9cbee38a8bbc,CUST0060,2026-01-03T17:34:00,1442.56,refunded
3df46286-c431-4525-8f9e-55007d55eaad,CUST0204,2026-01-03T17:41:00,2218.26,processing
a57ee9a1-dae3-41b4-9708-eb82a48ad537,CUST0030,2026-01-03T17:48:00,4196.15,pending
a72b541a-da8f-43ab-b4f6-a78b20527428,CUST0495,2026-01-03T17:55:00,2243.42,pending
1f871216-2616-478d-b62c-1407dc6b03c6,CUST0158,2026-01-03T18:02:00,4268.89,cancelled
24557dfa-6e61-4e95-a652-c7cf9b3ee01b,CUST0127,2026-01-03T18:09:00,837.99,pending
fa9a136c-fb3d-4f24-b242-887fedf5db64,CUST0150,2026-01-03T18:16:00,2223.64,processing
c5f3fbfe-77ae-44d6-b3cc-a13391a958ba,CUST0452,2026-01-03T18:23:00,63.09,cancelled
,,not-a-date,abc,
d498bd50-7208-4fac-a060-a40233fb6129,CUST0494,2026-01-03T18:30:00,690.99,cancelled
61269e7d-3a60-43d9-aee5-df3eaedb36b2,CUST0002,2026-01-03T18:37:00,1443.46,completed
626eb0d5-8ea5-4785-a975-0cb3e879c2a9,CUST0182,2026-01-03T18:44:00,4104.01,refunded
41f39537-4ab6-40b1-a170-cee539993bfe,CUST0132,2026-01-03T18:51:00,4007.78,completed
e2670c6d-d671-4392-a765-60f7630368fc,CUST0387,2026-01-03T18:58:00,3531.48,cancelled
,,not-a-date,abc,
a927baac-6e3c-4ffc-82b1-88d8bab7b13c,CUST0208,2026-01-03T19:05:00,3053.98,pending
58eb2930-d59b-4754-ab20-55df01ffc4cd,CUST0410,2026-01-03T19:12:00,4982.19,processing
76b33de7-0a84-4021-a906-3bbcb3ed9ec7,CUST0466,2026-01-03T19:19:00,2996.05,cancelled
dfa17acf-0880-494d-bb83-b66ac6a778a1,CUST0357,2026-01-03T19:26:00,2309.47,refunded
3c3bce6e-5eab-4ffa-b0a9-eaae351c06e4,CUST0158,2026-01-03T19:33:00,2317.35,completed
4772271c-35db-40ae-a553-d8944ea8e31c,CUST0150,2026-01-03T19:40:00,2676.44,completed
0472af75-3f76-4f1a-a64b-38842fe84a46,CUST0372,2026-01-03T19:47:00,331.17,completed
9d26f091-ca91-40df-964e-539b8902e484,CUST0037,2026-01-03T19:54:00,998.18,pending
c4ce1f39-ff39-4245-9b35-743fcfcdbeba,CUST0156,2026-01-03T20:01:00,3924.19,refunded
f27288cb-e79b-42f3-9dd2-d70b2121bdda,CUST0201,2026-01-03T20:08:00,4549.25,refunded
39a6b8d2-a4f5-43f3-8575-0c7224ceaeb1,CUST0356,2026-01-03T20:15:00,3761.48,completed
d4e78686-ff45-4cac-bd53-86235e4df01b,CUST0059,2026-01-03T20:22:00,4501.06,refunded
2ef8e32f-47ae-4c6d-99be-d229901cae82,CUST0030,2026-01-03T20:29:00,4812.98,pending
6896e24d-a7b1-4e31-bb63-4386eb641c64,CUST0276,2026-01-03T20:36:00,2322.54,processing
a1310d4c-e994-4a7f-9885-2e831d3815a0,CUST0328,2026-01-03T20:43:00,1228.05,pending
0b7f3bf9-570e-4fdc-8718-8a53c93df11f,CUST0210,2026-01-03T20:50:00,2611.42,pending
179c0e98-4299-46e1-abc1-99b93737ccd1,CUST0309,2026-01-03T20:57:00,4293.73,cancelled
60562f5e-a64e-470d-be3a-e25163676c6e,CUST0355,2026-01-03T21:04:00,2461.65,processing
30045603-51ee-4770-8b25-1492d29b619b,CUST0497,2026-01-03T21:11:00,4562.53,refunded
dae3e97e-b553-4650-9bb9-ae632fec5a1d,CUST0252,2026-01-03T21:18:00,3441.42,pending
b8ff9981-6866-40d6-b88f-f8f2b284f903,CUST0033,2026-01-03T21:25:00,2571.49,cancelled
0a795cf0-0887-4129-9b5a-ecb61f9ddbf7,CUST0134,2026-01-03T21:32:00,3384.98,pending
0de869de-771a-4b43-a208-cdf8c5319e85,CUST0311,2026-01-03T21:39:00,1353.3,processing
adaedc80-ee55-49d8-9bfa-6886eb79a700,CUST0122,2026-01-03T21:46:00,650.45,processing
bf5eb69a-3d3b-46e2-8f42-88a3ed89c50b,CUST0457,2026-01-03T21:53:00,425.36,cancelled
7ba0f3a8-1e59-40ee-960a-59d4421ab44b,CUST0444,2026-01-03T22:00:00,3383.55,completed
c9900e48-a5e3-4bbc-b8ed-42f7c2319f9e,CUST0229,2026-01-03T22:07:00,3085.0,pending
93cd6dc3-264a-4174-803b-442d6e74fc70,CUST0215,2026-13-45,99.99,completed
318b0f5b-ea10-439d-9453-03f9357cbff8,CUST0388,2026-01-03T22:14:00,469.97,pending
429b578c-f0e9-427e-869a-c8b8b46cba13,CUST0437,2026-01-03T22:21:00,4625.73,cancelled
118153ed-0b03-4613-8b69-b3b0168492f2,CUST0175,2026-01-03T22:28:00,2026.6,processing
2ca7c26d-b3ab-4dd0-aaaa-f2c532946c30,CUST0467,2026-01-03T22:35:00,1307.24,cancelled
5a75170e-fee7-4530-8766-22e2d370de66,CUST0264,2026-01-03T22:42:00,4006.42,pending
4aff12d3-0d28-4700-9555-913c3f2e0441,CUST0404,2026-01-03T22:49:00,1836.45,refunded
c16afa53-9c9b-4c02-a43b-5a50c5a55673,CUST0209,2026-01-03T22:56:00,50.54,pending
7fda11fb-8918-4dd2-8641-e6ec239e9d1d,CUST0011,2026-01-03T23:03:00,2231.68,refunded
40d3c0df-6551-48ab-b473-049a79a65b41,CUST0288,2026-01-03T23:10:00,3070.74,completed
b682e23a-ea1f-4b28-872e-73efa71f07db,CUST0246,2026-01-03T23:17:00,353.63,refunded
46c366dd-6985-4776-8f98-6ddbc67368b0,CUST0061,2026-01-03T23:24:00,2759.89,refunded
6b62076f-0978-4a5a-b54b-fdffb7d08b40,CUST0047,2026-01-03T23:31:00,2322.46,pending
6eb00645-b66a-4f23-813f-04624011bca9,CUST0201,2026-01-03T23:38:00,4121.19,cancelled
a98376a9-1952-4f29-abfe-1cabf7dd3e5c,CUST0327,2026-01-03T23:45:00,2865.51,cancelled
3601eb38-6508-4f2e-93c7-3d160957c811,CUST0288,2026-01-03T23:52:00,476.43,cancelled
3e685331-4673-4b76-815c-3d6b82141789,CUST0086,2026-01-03T23:59:00,446.26,completed
7e8e5769-05bf-41d4-b7dc-47e886644b06,CUST0088,2026-01-04T00:06:00,1426.57,cancelled
766f2b3c-451f-40dc-bcf6-3017cc0e5c02,CUST0382,2026-01-04T00:13:00,3406.73,cancelled
53de55a4-37e9-4b48-94c4-3164bd9ba0c2,CUST0196,2026-01-04T00:20:00,3025.29,completed
12130dce-cef0-4186-80dd-2b94d23c638d,CUST0171,2026-01-04T00:27:00,1497.39,refunded
427dee25-b9f1-4e7d-a82b-2427dd0dd261,CUST0443,2026-01-04T00:34:00,2173.36,pending
6edac2b9-9c11-4a82-b8de-d4e04e2dfce8,CUST0032,2026-01-04T00:41:00,3366.34,pending
b2f2de92-a2c2-4a15-a4af-cd14c4f0adef,CUST0155,2026-01-04T00:48:00,2618.88,completed
e9f371aa-d316-41a7-b1b6-165041b5c18f,CUST0228,2026-01-04T00:55:00,3854.11,completed
bb305df8-0c1a-44d4-a236-49d238a724b4,CUST0225,2026-01-04T01:02:00,1513.28,completed
05a3c6fa-af8f-424d-905a-765358e6bcf8,CUST0349,2026-01-04T01:09:00,1822.1,refunded
01b36f4b-d9c1-4ae5-b3cf-5067950b6d14,CUST0058,2026-01-04T01:16:00,1089.02,pending
949d6e06-2b7a-431a-8d1b-9b8e9771a330,CUST0099,2026-01-04T01:23:00,4733.43,refunded
f2919dce-7649-4684-bccd-0554339347f9,CUST0072,2026-01-04T01:30:00,2848.58,refunded
cd687836-3f14-411d-aca2-ab0ce94fb0c0,CUST0147,2026-01-04T01:37:00,4655.08,pending
32b1721b-aaf2-425b-86d5-d3dacac60a27,CUST0132,2026-01-04T01:44:00,4685.77,processing
cdc4e4de-d4f1-4130-8e42-9b5c6a71cae8,CUST0214,2026-01-04T01:51:00,4047.22,refunded
4bc92e9b-96d1-4fa0-86dc-00fad11a9439,CUST0007,2026-01-04T01:58:00,991.61,processing
4f8a07c4-3d5c-4d88-84c7-b19f1d761960,CUST0074,2026-01-04T02:05:00,4727.53,cancelled
bb46ede3-62fe-47b6-9940-8bcaa635ee89,CUST0341,2026-01-04T02:12:00,4339.1,cancelled
abb2f227-7edf-4e7c-adc1-d4123f8307b8,CUST0037,2026-01-04T02:19:00,3645.0,cancelled
016c9d57-78e4-4c52-817d-9f470df3aa07,CUST0133,2026-01-04T02:26:00,1908.82,cancelled
4e81c2d9-4f47-4915-a792-03e53d94450b,CUST0458,2026-01-04T02:33:00,2572.05,completed
b3ad7d81-4830-48f7-8f5a-da3108e73c05,CUST0004,2026-01-04T02:40:00,4387.43,completed
73e8682b-17b0-448d-807b-4644d226ae09,CUST0293,2026-01-04T02:47:00,846.46,processing
a75f438e-99cb-41d1-a766-d383865de779,CUST0018,2026-01-04T02:54:00,4570.39,cancelled
abd7855c-caea-4592-b127-79ff2c259fd7,CUST0498,2026-01-04T03:01:00,177.16,pending
cde92cfe-af44-45d1-9adf-51f15654adfa,CUST0118,2026-01-04T03:08:00,2528.59,cancelled
1e6f5b7c-8a7b-49e6-9eb2-b12df72d47db,CUST0471,2026-01-04T03:15:00,4748.23,pending
f10dabbb-2379-4170-8b02-aa96657391de,CUST0469,2026-01-04T03:22:00,1225.75,completed
07f6dda0-b18b-43f2-8531-e6835d9a9d4a,CUST0242,2026-01-04T03:29:00,754.47,completed
efd02fa1-936d-4046-8c3d-9cb7f23110fc,CUST0442,2026-01-04T03:36:00,1628.59,processing
f247ec4e-cc9c-4824-a1f6-72e8355b12ba,CUST0141,2026-01-04T03:43:00,3590.12,completed
9d6cf8c7-4c3e-4dcb-a6c3-9641865da57f,CUST0316,2026-01-04T03:50:00,2515.36,completed
9d34e70b-84a5-4121-91d3-c7ec6c165739,CUST0047,2026-01-04T03:57:00,349.14,completed
c0b3983e-4b60-494d-b700-93a8501a7da9,CUST0346,2026-01-04T04:04:00,799.64,completed
e2ef8459-06a4-4d9c-bf60-501537fd2e4c,CUST0013,2026-01-04T04:11:00,1508.4,completed
f3111d05-3090-47e6-b24b-b1089a44c8ca,CUST0055,2026-01-04T04:18:00,3542.56,processing
8c729a3e-6ebf-4555-8693-17285cbb6716,CUST0123,2026-01-04T04:25:00,4175.33,completed
50f68c4c-1dd1-4044-909f-7481d183ca26,CUST0012,2026-01-04T04:32:00,125.31,cancelled
65ee8186-7209-4611-84a1-d651d60b87f1,CUST0360,2026-01-04T04:39:00,3179.49,pending
64c8f97d-666a-405f-92f2-68fa8c1667b5,CUST0151,2026-01-04T04:46:00,4106.34,processing
d6719996-34d3-4967-bba5-93c150d790c1,CUST0404,2026-01-04T04:53:00,99.01,refunded
4332fa9f-ad81-4e2d-8b9e-8f2c2450e0db,CUST0299,2026-01-04T05:00:00,4635.68,cancelled
a6672e71-6b73-4da9-b953-9c42410bcb9c,CUST0275,2026-01-04T05:07:00,1909.73,completed
5442e93b-62e9-47be-836d-9944638abe46,CUST0107,2026-01-04T05:14:00,3096.42,processing
178a2bb5-bae7-4a2b-a7e7-82fefbf1d7af,CUST0173,2026-01-04T05:21:00,536.13,processing
11a60991-7647-4a04-806c-0ecf9905962f,CUST0079,2026-01-04T05:28:00,2150.25,completed
0bf0c732-6f40-4cad-9d05-c59719549517,CUST0251,2026-01-04T05:35:00,4954.59,completed
faa8ef96-e722-4954-8349-61121575cc75,CUST0126,2026-01-04T05:42:00,1081.16,pending
89f48dc1-18da-4e1e-a0ce-f8433759a96d,CUST0367,2026-01-04T05:49:00,4303.5,refunded
baee10b6-c29a-4960-9e77-380bc128c941,CUST0115,2026-01-04T05:56:00,317.33,refunded
69d19b4f-948b-4207-abe8-80140c0473f4,CUST0380,2026-01-04T06:03:00,1156.3,pending
0230e70a-a68f-4f2c-a00d-3c17f511f7e8,CUST0368,2026-01-04T06:10:00,4592.8,completed
7312f22e-b8a4-4d13-aba0-21e8d9ee1deb,CUST0445,2026-01-04T06:17:00,4582.41,cancelled
f8cd1444-523c-470b-8c1e-1999e543f33a,CUST0183,2026-01-04T06:24:00,4109.99,pending
f8ec1511-b8a8-46ac-9942-adde13f9475a,CUST0424,2026-01-04T06:31:00,1268.84,completed
a61ea2c6-53e9-4fee-a604-f7e7e5f8f4ff,CUST0265,2026-01-04T06:38:00,2567.18,completed
965063eb-e4a2-4abe-a078-a52b00a56fdc,CUST0392,2026-01-04T06:45:00,4492.6,processing
7666b71d-240a-43c4-830b-a113a5a2305a,CUST0071,2026-01-04T06:52:00,4840.81,refunded
94a4cef0-7aef-4b06-aa75-1a979278b1f0,CUST0233,2026-01-04T06:59:00,1852.99,pending
c6f68a42-a4a2-4079-898e-c107ed587ea4,CUST0086,2026-01-04T07:06:00,1373.8,completed
3a2a2f9d-c8c8-410a-ae8c-fa60523f52cc,CUST0228,2026-01-04T07:13:00,2316.2,refunded
859b216e-d3ff-4fb4-b711-1c9139cc3120,CUST0125,2026-01-04T07:20:00,4179.78,refunded
d4de35c2-0616-4776-87dc-0b266dae7cb5,CUST0457,2026-01-04T07:27:00,505.87,processing
9915e637-6ba4-44f7-b38c-83e87c102f13,CUST0476,2026-01-04T07:34:00,2496.5,completed
6e41aef0-0a0b-473c-be00-96fb152f83ab,CUST0457,2026-01-04T07:41:00,2292.17,processing
c5242b26-3f37-47ca-9405-92c9ef7acb8d,CUST0023,2026-01-04T07:48:00,737.17,processing
3b1ffb30-d8a3-4db6-ba13-a6e283e82137,CUST0301,2026-01-04T07:55:00,2815.14,refunded
805fee15-8be2-4d00-854b-09c96526b8b2,CUST0300,2026-01-04T08:02:00,3863.04,processing
52a5aee7-ec6b-43c3-9e0d-0e759a7f73de,CUST0295,2026-01-04T08:09:00,2750.27,completed
3d07f230-be27-4ae9-b69c-192aa5e1d582,CUST0188,2026-01-04T08:16:00,3236.61,cancelled
73953abf-e1b6-4744-a122-1bf3cc2ab91e,CUST0097,2026-01-04T08:23:00,1057.85,refunded
99454e63-85b5-4364-afd1-eccb6569000a,CUST0135,2026-01-04T08:30:00,159.69,pending
b16aa3b5-fe20-4540-9274-959d78380a28,CUST0401,2026-01-04T08:37:00,4552.45,processing
d6675a34-4959-451f-b046-7092f6aa61c4,CUST0272,2026-01-04T08:44:00,3842.01,completed
a57f18cf-ebaf-4e85-b214-c01fe8f0e54f,CUST0343,2026-01-04T08:51:00,2726.91,cancelled
4dbc604a-24da-49de-857d-d74d9869f954,CUST0481,2026-01-04T08:58:00,55.61,refunded
89ffb7c1-de66-4373-acbf-83d3f9bb162f,CUST0123,2026-01-04T09:05:00,4770.56,refunded
62ab9b9b-8540-4c5a-b18d-dd0ce687eb12,CUST0254,2026-01-04T09:12:00,1693.12,cancelled
d2c6265c-ab5d-4080-83a0-c70d2d849f58,CUST0031,2026-01-04T09:19:00,157.18,completed
0e880399-8b35-4eb0-9b83-a13fba463339,CUST0231,2026-01-04T09:26:00,2868.91,refunded
22cc2d55-3b4c-4a51-8aff-cdb0644ce8d9,CUST0402,2026-01-04T09:33:00,1373.5,processing
a6315192-1951-4f6b-80c7-2a23c5120c4b,CUST0154,2026-01-04T09:40:00,4159.74,pending
2850d715-88aa-47ad-b5c4-ceedb4a99363,CUST0012,2026-01-04T09:47:00,1981.81,completed
d1e55423-fbb1-4f39-b609-b0976163bd2e,CUST0179,2026-01-04T09:54:00,11.28,refunded
4ed5d611-a261-4cd8-865d-3398b2fad5cd,CUST0194,2026-01-04T10:01:00,833.31,refunded
29b982f4-5114-4d07-a571-cabfb88f3fa0,CUST0178,2026-01-04T10:08:00,1614.35,pending
1a9650ef-fb69-41d6-a90d-6d542cd5d6b8,CUST0084,2026-01-04T10:15:00,2540.03,pending
42b86bc8-cbb0-4b33-a739-a43d1a09b981,CUST0146,2026-01-04T10:22:00,197.96,pending
2a298ebb-bdf5-4aaa-bf3a-b19c68b4ab7e,CUST0308,2026-01-04T10:29:00,2577.94,cancelled
d18d50df-c158-4a45-a140-7abe6497978f,CUST0416,2026-01-04T10:36:00,3674.88,refunded
43011772-416f-4f7c-bafa-358820daab5d,CUST0058,2026-01-04T10:43:00,4053.5,pending
dc7c04c4-87bc-4eac-9757-7982832e54f4,CUST0320,2026-01-04T10:50:00,4923.47,pending
5370d4ca-0c25-4b3b-b21f-0e2b3263f04b,CUST0413,2026-01-04T10:57:00,646.93,processing
392e54e3-7797-4d94-9d5f-b4573a189356,CUST0071,2026-01-04T11:04:00,4106.49,processing
a7840bdd-ea09-428d-86c0-764df1aaa430,CUST0472,2026-01-04T11:11:00,1094.11,pending
bf8b100e-7904-499f-9a27-71304868ee67,CUST0234,2026-01-04T11:18:00,3761.25,cancelled
29068afc-9e63-4273-a8e8-033541283228,CUST0471,2026-01-04T11:25:00,4186.29,processing
aff3932f-954e-4af7-914c-75d8ae22c034,CUST0356,2026-01-04T11:32:00,3614.93,pending
0cd506ee-79cc-479b-a330-0021a3385053,CUST0122,2026-01-04T11:39:00,3239.17,refunded
725572a3-2fb6-4147-8ed1-9a400b8d2bac,CUST0422,2026-01-04T11:46:00,2952.34,completed
bcfd23bd-6ff8-48bd-899d-9a160bb8b924,CUST0343,2026-01-04T11:53:00,4890.86,processing
ae394c48-4584-47d6-bce2-e78f7d242a1c,CUST0110,2026-01-04T12:00:00,4639.31,pending
09f6bee8-cc4b-4d5f-adf4-5028f9485fa6,CUST0127,2026-01-04T12:07:00,4266.71,cancelled
981ca5f1-d91d-4888-90bb-489755be460f,CUST0168,2026-01-04T12:14:00,3733.44,cancelled
c5ac604b-7dac-47b3-a8cc-51ae155ab1c3,CUST0039,2026-01-04T12:21:00,3769.43,cancelled
61deecb1-a8ad-4d77-9142-172438bd1e66,CUST0121,2026-01-04T12:28:00,1471.65,refunded
10c4243a-50e1-4c39-9ee3-54d0d867d500,CUST0019,2026-01-04T12:35:00,306.73,cancelled
1beb8d0c-7933-4904-871e-aa05a8e53687,CUST0113,2026-01-04T12:42:00,4745.61,processing
278ca01b-84d9-4aec-bb4d-c2d9ad5c9e4f,CUST0053,2026-01-04T12:49:00,2553.83,refunded
676d1165-44ae-4be6-a129-723a0294bc8e,CUST0405,2026-01-04T12:56:00,4522.7,refunded
03a9a1b7-0128-4fa0-8dfe-8cc25c63b4fd,CUST0215,2026-01-04T13:03:00,4460.34,pending
1fdc0245-adf0-48ab-88f1-f46db9a48b8a,CUST0422,2026-01-04T13:10:00,1932.5,pending
8f42a8cb-3be4-400e-a5a2-85196675d7e9,CUST0344,2026-01-04T13:17:00,4002.81,processing
2e8178e6-89ad-4d7b-9d12-c25c945cbf21,CUST0068,2026-01-04T13:24:00,4784.75,processing
244bf8cc-5f86-4f8e-a4ef-eeebb673a093,CUST0167,2026-01-04T13:31:00,2868.28,refunded
a8b2f6ed-5ce1-468f-93fd-aee1a367666c,CUST0433,2026-01-04T13:38:00,2742.28,completed
4df8430f-f8e5-45c6-a331-d5f5f4d38237,CUST0330,2026-01-04T13:45:00,3991.78,pending
6857ce3e-6f02-43c6-bfa5-652b8e726e11,CUST0492,2026-01-04T13:52:00,1411.59,completed
fdd20508-f3e3-4bf7-ac78-b7a1053da86f,CUST0028,2026-01-04T13:59:00,841.07,refunded
fc785ba7-cd83-43e0-8554-c753cf542980,CUST0303,2026-01-04T14:06:00,4225.37,refunded
214572a2-45f2-49cf-9c73-9e828365780e,CUST0221,2026-01-04T14:13:00,3489.1,pending
d97820c0-ad95-4d12-934d-3939ba7dd3b0,CUST0449,2026-01-04T14:20:00,208.85,completed
63576c22-3bdb-4530-b009-66634ecc815e,CUST0257,2026-01-04T14:27:00,4197.63,pending
40899639-25d2-4c83-a449-89c71d28500a,CUST0493,2026-01-04T14:34:00,758.6,cancelled
97b19bbf-3aeb-438c-a995-63b4c21cfd75,CUST0427,2026-01-04T14:41:00,1353.58,refunded
c61d5ec9-03f7-4eb9-a386-0c738389ee13,CUST0481,2026-01-04T14:48:00,3191.55,completed
ff88a090-eb5a-4533-a674-a4525dbb5701,CUST0333,2026-01-04T14:55:00,1918.06,cancelled
8ac81875-7847-4940-8aee-8b62670f887a,CUST0190,2026-01-04T15:02:00,4700.89,completed
5f6116c5-d48a-4c3d-b22e-42a83bb7ceb2,CUST0290,2026-01-04T15:09:00,3151.6,cancelled
9c13a997-919e-43a0-9346-15d9509bcb73,CUST0041,2026-01-04T15:16:00,98.89,processing
1cf85338-8922-4ffe-865a-30cf06886141,CUST0386,2026-01-04T15:23:00,342.96,cancelled
ca4622a9-949d-47da-9ebe-c80296214ca1,CUST0327,2026-01-04T15:30:00,4488.62,processing
396b6a46-e126-4018-a743-adc1b27c2827,CUST0203,2026-01-04T15:37:00,363.55,refunded
003ae9d2-ab5c-4bec-931a-9db883695496,CUST0230,2026-01-04T15:44:00,4794.0,completed
4244bb7a-eea3-44da-9aa8-43760ff5863b,CUST0047,2026-01-04T15:51:00,4718.72,refunded
a69be7d9-5695-4866-81cf-79090b5f68cf,CUST0354,2026-01-04T15:58:00,4668.18,refunded
488c67b5-822f-4f42-bce9-795725677044,CUST0037,2026-01-04T16:05:00,2346.93,completed
29a4d822-644d-4e1e-9057-3a802aec4c11,CUST0241,2026-01-04T16:12:00,3800.24,completed
8ca8ecfb-8608-4f08-88ec-d129cf7f5458,CUST0335,2026-01-04T16:19:00,4579.08,completed
d0d13fb7-a59a-42eb-89b4-92a1eacfb976,CUST0455,2026-01-04T16:26:00,4048.32,completed
1a2289a9-f4a9-41c9-ae5d-ad29c9ef6ea9,CUST0142,2026-01-04T16:33:00,4660.32,completed
ea6be523-290d-4bc0-a11a-b493dbfa5531,CUST0050,2026-01-04T16:40:00,2213.51,refunded
7d9a1198-4a21-49b7-8416-31561cd5dbb9,CUST0202,2026-01-04T16:47:00,4983.03,cancelled
18c4be26-75a0-45d0-ac46-bf730cf6ace8,CUST0365,2026-01-04T16:54:00,1622.08,processing
98fbc8ca-94f6-4e1f-acdb-c7aa4a453688,CUST0272,2026-01-04T17:01:00,4925.43,refunded
edc5816d-567a-44a4-bedb-6156af08fc6d,CUST0041,2026-01-04T17:08:00,479.58,processing
05760208-5cf5-429c-8948-507df968da37,CUST0076,2026-01-04T17:15:00,916.62,processing
a36698ab-006c-410b-9428-d08e666c4c5d,CUST0469,2026-01-04T17:22:00,93.06,pending
02b45587-0eb9-4f4d-a809-5627527d21e7,CUST0418,2026-01-04T17:29:00,1276.09,refunded
5b2c2b04-a010-43b8-9ae2-608ec560939e,CUST0351,2026-01-04T17:36:00,4471.63,cancelled
4d77e3a0-195f-4e7d-9435-873288e717c7,CUST0121,2026-01-04T17:43:00,4572.09,refunded
28376253-2edf-4b9e-b583-2fa0f2fc3c8e,CUST0347,2026-01-04T17:50:00,2502.41,refunded
308ec14c-3333-498a-bbd6-29359bcff9b9,CUST0197,2026-01-04T17:57:00,844.64,processing
7681f320-6852-41ce-a33a-468fb662b3aa,CUST0092,2026-01-04T18:04:00,3064.81,refunded
850ee127-b4b9-4a79-a4fc-ceae673163ef,CUST0097,2026-01-04T18:11:00,4898.17,processing
a7a5020c-c40d-4552-989d-f2adc5a6482e,CUST0130,2026-01-04T18:18:00,3687.94,processing
ac974fdd-2181-4283-a762-a362ce0341c0,CUST0272,2026-01-04T18:25:00,4478.75,completed
734d3b79-9b4a-43a0-a2b0-8a1c213b40f2,CUST0037,2026-01-04T18:32:00,3526.86,completed
1b7fcd1c-22df-4cb6-9a53-7b25e3dcde8c,CUST0339,2026-01-04T18:39:00,1083.92,processing
dd756c73-8d35-4e2a-99f9-87f6aa753794,CUST0315,2026-01-04T18:46:00,1873.59,processing
8a0d59dd-cf24-4e4c-8241-41e4321fec4a,CUST0107,2026-01-04T18:53:00,3208.85,cancelled
32eac9e9-d6f8-4791-9502-e463282a6fa6,CUST0106,2026-01-04T19:00:00,898.96,cancelled
fe6bf8be-11be-4afd-9d80-22e48aa0ed65,CUST0159,2026-01-04T19:07:00,3614.99,pending
5f70b114-702f-4e0f-b176-9b0371ba1000,CUST0335,2026-01-04T19:14:00,654.59,pending
1d293bc3-37ae-45b2-8a57-e418f22c47e9,CUST0010,2026-01-04T19:21:00,627.14,refunded
97cd660f-6c87-44da-ac97-55ed7c260ace,CUST0236,2026-01-04T19:28:00,713.7,refunded
09f6a6bf-ecac-4e3f-9abd-15dbc94369b4,CUST0016,2026-01-04T19:35:00,4576.84,cancelled
d450601e-80f0-43c3-b2a8-1d9d0347a1e5,CUST0455,2026-01-04T19:42:00,3809.4,refunded
d72ab924-5653-4fb8-964b-1c086c316c2d,CUST0120,2026-01-04T19:49:00,4078.12,cancelled
bf23bca7-82e1-41a1-9aa1-941c7c4c967f,CUST0033,2026-01-01T01:18:00,-50,pending
02e24f58-7b16-48dc-b70f-7b8a067cc5ec,CUST0349,2026-01-04T19:56:00,4843.84,completed
8d5242c2-5dae-4930-92e6-839a3078a957,CUST0226,2026-01-04T20:03:00,2359.71,cancelled
91d49ced-beb3-41e5-bd64-463b287c3158,CUST0419,2026-01-04T20:10:00,3017.44,refunded
faa0f92b-ec26-4af6-b630-2b041bb99381,CUST0102,2026-01-04T20:17:00,3029.74,refunded
6f50c48e-f4f3-46ef-a10f-d931256f2284,CUST0449,2026-01-04T20:24:00,1274.29,cancelled
a7a5e88a-d445-4652-8872-2b9a2448abe6,CUST0308,2026-01-04T20:31:00,2380.59,pending
10ff9da0-0217-4b8b-bc13-b37e62d91ea8,CUST0159,2026-01-04T20:38:00,4252.36,processing
d1e52650-f507-4b0a-827a-623460d86006,CUST0389,2026-01-04T20:45:00,1888.25,pending
635548e7-1afe-4909-8e7e-5c5ba600ac09,CUST0179,2026-01-04T20:52:00,1360.79,completed
a48d37d4-8783-4a80-af08-5e8398e6fe0d,CUST0098,2026-01-04T20:59:00,2782.31,completed
6caecfb6-a292-4ad0-a86b-4cb954addc74,CUST0045,2026-01-04T21:06:00,1992.06,pending
c48af77b-b6ef-412e-8a2b-cf01aa315488,CUST0062,2026-01-04T21:13:00,4602.57,processing
62448daa-52e8-49a4-827e-015b21676804,CUST0005,2026-01-04T21:20:00,4643.79,processing
72d87a3b-7bb4-4f10-b289-e22641493ff7,CUST0022,2026-01-04T21:27:00,3860.19,cancelled
91f0a6c6-ec1f-4dea-ac14-b83855b4303b,CUST0390,2026-01-04T21:34:00,558.97,completed
268d3bc2-afe6-4dfe-896d-181a2e5fc2bf,CUST0420,2026-01-04T21:41:00,3751.28,pending
75e3bebe-4cc4-4d86-9bb1-882d83d523da,CUST0231,2026-01-01T00:15:00,75.00,not_a_real_status
c0c21017-b7b3-4f35-bd13-55438d19746d,CUST0193,2026-01-04T21:48:00,2755.43,pending
45b72c75-2811-42e8-ac87-d0309feead5b,CUST0017,2026-01-04T21:55:00,1894.77,refunded
97b454b3-e45d-47ee-b7af-c3b467bb2f16,CUST0443,2026-01-04T22:02:00,2107.12,completed
daf8097e-a288-4955-af51-8d01a205c90e,CUST0156,2026-01-04T22:09:00,2702.97,completed
b569a76b-f177-418c-ba59-657b2860e89a,CUST0436,2026-01-04T22:16:00,3267.94,refunded
2122fdfb-e477-4824-9eca-d7c7c59a1d60,CUST0365,2026-01-04T22:23:00,1643.98,pending
4071c405-da47-41a1-8d06-e8ae8350f900,CUST0498,2026-01-04T22:30:00,4940.09,refunded
3dcddce5-ac56-4c64-8867-c7327f3c741b,CUST0266,2026-01-04T22:37:00,4861.21,completed
d75c5c34-6278-49f2-a39a-e18eb81f1437,CUST0081,2026-01-04T22:44:00,4169.53,refunded
d835b515-d56c-4c77-9f90-90161dde1e47,CUST0010,2026-01-04T22:51:00,4586.67,processing
573707b1-b32b-4823-9870-c6fbf7a9c53a,CUST0302,2026-01-04T22:58:00,4158.08,completed
7c6d2c46-7b4c-475d-8d51-47356adb78b7,CUST0333,2026-01-04T23:05:00,1982.23,refunded
c0778f7a-c3ac-4ba0-9816-49da178dc773,CUST0228,2026-01-04T23:12:00,4216.92,completed
8dad77b5-ad9f-4bdc-8c07-bfb7776e6966,CUST0439,2026-01-04T23:19:00,2942.82,pending
8f92133b-6f2c-427d-96ec-991ebfd94bcb,CUST0461,2026-01-04T23:26:00,10.85,refunded
699765a5-8607-4522-b5a6-5b0689dc6a38,CUST0454,2026-01-04T23:33:00,1194.33,pending
18b40f0d-8f99-491a-9312-209b39cae9d2,CUST0314,2026-01-04T23:40:00,2125.65,processing
c2e6e5af-0c39-4a40-9664-ebfe8df9dc54,CUST0108,2026-01-04T23:47:00,657.26,refunded
4492c925-b17c-48ad-8cd5-bb7b6ab49bd0,CUST0494,2026-01-04T23:54:00,1783.08,refunded
7f945430-168e-4a76-bdd2-cc561b8300ba,CUST0166,2026-01-05T00:01:00,2791.94,pending
5cbfc4cd-c370-42d3-adf5-ef16b9759ce8,CUST0088,2026-01-05T00:08:00,4514.2,pending
689a763f-6b88-40b0-aefd-d210336cccd2,CUST0029,2026-01-05T00:15:00,4403.08,cancelled
4c544c05-a4ed-4f80-9442-ab334ba6bcef,CUST0195,2026-01-05T00:22:00,1052.44,processing
9560543a-eae8-41e1-9875-ab79b4080577,CUST0340,2026-01-05T00:29:00,4866.27,cancelled
17a0c2e9-e049-49af-9b9c-4131a9a2aed1,CUST0014,2026-01-05T00:36:00,4424.65,completed
d0906da9-a158-47f2-9ab8-ad6eb8a41363,CUST0094,2026-01-05T00:43:00,1547.94,completed
71411a75-aaf9-4eeb-a64a-3c48c8a75b98,CUST0061,2026-01-05T00:50:00,2031.18,completed
78fa0a84-a68c-470d-809e-8e78684e4daa,CUST0269,2026-01-05T00:57:00,2142.42,refunded
da229972-96b5-4edf-861a-28d5eea57ed8,CUST0394,2026-01-05T01:04:00,441.92,processing
f5330a6d-bebf-441e-8c65-7942538a5f2a,CUST0245,2026-01-05T01:11:00,1619.41,cancelled
e08faee6-b9e9-4e57-9bdd-ac5e03d35ae0,CUST0393,2026-01-05T01:18:00,4947.47,refunded
c2235899-e156-4248-b3f4-4eff8c4d705a,CUST0251,2026-01-05T01:25:00,60.2,pending
bd345abb-700a-4230-a23e-c76722b88db4,CUST0180,2026-01-05T01:32:00,1376.53,refunded
bf63e571-907f-4f06-9bc4-229a591ca001,CUST0278,2026-01-05T01:39:00,468.79,completed
4a7a8597-4649-4236-85c3-43523102e201,CUST0037,2026-01-05T01:46:00,2765.2,processing
c3dc1570-51d0-4fb3-a07c-6fcdde526e86,CUST0378,2026-01-05T01:53:00,3714.98,pending
67a6bb75-632d-490b-8ccd-bbd29383944a,CUST0324,2026-01-05T02:00:00,2324.42,pending
f942755c-cc6a-4831-8c73-54dfe4a7e378,CUST0092,2026-01-05T02:07:00,1550.08,processing
c48d5266-61b1-433a-9afc-0695cb12e3fe,CUST0157,2026-01-05T02:14:00,3937.21,pending
8f7e8eeb-9f99-4597-b98c-f9f873e1c718,CUST0238,2026-01-05T02:21:00,2299.22,pending
f6a9ca65-827f-448e-9bed-f466815f5629,CUST0193,2026-01-05T02:28:00,2984.3,processing
b3ba1228-041a-4672-8ada-e99734638477,CUST0065,2026-01-05T02:35:00,4219.72,processing
741f7d8a-9cac-404f-a843-880c2c5382c5,CUST0087,2026-01-05T02:42:00,772.83,cancelled
7e2d104c-1a9d-473a-acdd-d8f62cb00f00,CUST0388,2026-01-05T02:49:00,3621.24,pending
9e1ece7a-4482-4fc8-8858-756c3b35ed57,CUST0157,2026-01-05T02:56:00,4783.13,refunded
910334f8-4fc5-4533-bf0f-4d2bab46fd8b,CUST0274,2026-01-05T03:03:00,2308.16,cancelled
1aef5da5-2ed7-4d0b-9a2b-119fa7f84d3d,CUST0153,2026-01-05T03:10:00,1946.02,refunded
b30d9eca-eba3-4993-aab5-76625303c641,CUST0102,2026-01-05T03:17:00,4021.65,processing
510b4195-1ad1-4786-8397-12cc4a7917cf,CUST0119,2026-01-05T03:24:00,4447.66,pending
80a8bfe1-4305-494f-914c-c6e105d5f31b,CUST0001,2026-01-05T03:31:00,2443.27,completed
ea7fb951-369e-48f3-99e7-719cd8d214cd,CUST0093,2026-01-05T03:38:00,3466.4,refunded
2f9c2d44-ed1e-41e3-a39e-b06a646506c5,CUST0056,2026-01-05T03:45:00,4363.02,refunded
cdb37acf-9ac6-4ade-8f56-7ef00afe1d39,CUST0265,2026-01-05T03:52:00,174.54,pending
5056fe41-4de1-4739-be06-5b9ab560acac,CUST0142,2026-01-05T03:59:00,1549.68,completed
15832520-dfc0-41d2-a9e4-6b8a2f4ecc6e,CUST0383,2026-01-05T04:06:00,3400.83,completed
100f9a9b-5a46-4166-b363-65343ba4222d,CUST0313,2026-01-05T04:13:00,3722.53,processing
8a031401-64d2-424f-98f7-879811195cfb,CUST0073,2026-01-05T04:20:00,4949.23,cancelled
46366026-1064-456e-9f4d-8df70bb23845,CUST0344,2026-01-05T04:27:00,1066.24,pending
dafd081d-2eba-44e2-8362-9e3b9495e461,CUST0243,2026-01-05T04:34:00,4249.73,processing
77d8baae-699a-4904-bce3-62d8f1cccad6,CUST0059,2026-01-05T04:41:00,3878.63,cancelled
436cc43b-85ac-4dc2-9d75-aacab75b9b3a,CUST0130,2026-01-05T04:48:00,76.83,completed
d1b0599e-695d-4106-b8c8-122b3f55f64e,CUST0105,2026-01-05T04:55:00,2209.7,pending
95cc6920-69f5-40f9-a5d2-c94f2d1aecfe,CUST0182,2026-01-05T05:02:00,4625.14,processing
7d278c51-53bc-43a3-90ff-7533971b9167,CUST0227,2026-01-05T05:09:00,120.73,completed
51af050e-6abe-4f19-ba99-7197e7afd874,CUST0372,2026-01-05T05:16:00,4116.97,pending
a34247b8-260c-4f54-9813-1ec00ffc93c2,CUST0396,2026-01-05T05:23:00,2724.45,processing
69bc2c80-1795-44ed-8b26-17c59b905af2,CUST0214,2026-01-05T05:30:00,1429.04,processing
bd80ce25-d5cf-455e-bd6a-7e3fe729aed7,CUST0148,2026-01-05T05:37:00,4810.21,completed
1dcb0f17-036b-4d4d-9d2e-7fab6ce1b800,CUST0393,2026-01-05T05:44:00,1534.18,pending
3ca1dff8-3787-4d20-a7a7-3dd99309fe3b,CUST0440,2026-01-05T05:51:00,840.9,pending
ba00194a-0392-40c2-b728-afb74435854d,CUST0383,2026-01-05T05:58:00,463.53,processing
9f97ca50-31ba-48c9-b1cc-3842a12a33ba,CUST0029,2026-01-05T06:05:00,644.46,completed
62b295cd-eed7-4330-84b1-3c68b9bc44a0,CUST0348,2026-01-05T06:12:00,2477.2,refunded
e6cb3d30-960b-41b6-87e2-8994c03fdc40,CUST0138,2026-01-05T06:19:00,2325.26,pending
60874839-5917-4dda-b63b-2278cd912b2c,CUST0186,2026-01-05T06:26:00,1166.4,cancelled
219ada62-44d7-4614-9a13-891e326d2312,CUST0355,2026-01-05T06:33:00,1555.92,pending
a1f20e01-0657-4b18-b59f-3571d70d9329,CUST0162,2026-01-05T06:40:00,3032.73,pending
d8564f5e-e690-44e2-8e43-1f386af8131c,CUST0395,2026-01-05T06:47:00,4843.86,refunded
bf95dbb9-f709-45e9-b0a9-a1765c0a8519,CUST0140,2026-01-05T06:54:00,137.44,processing
73388396-3d01-4e1f-acf8-d06f0a04b24e,CUST0471,2026-01-05T07:01:00,1395.64,cancelled
21eb2239-c984-4e35-85e9-ebd71d46aa6f,CUST0122,2026-01-05T07:08:00,2052.4,cancelled
7de75d30-0333-40db-87ab-7b7848476b40,CUST0136,2026-01-05T07:15:00,3213.13,completed
60c192d0-45b9-4131-98fb-83f7f4ae1430,CUST0434,2026-01-05T07:22:00,3320.84,cancelled
33f56de0-5576-4e63-8d8c-de842272c571,CUST0152,2026-01-05T07:29:00,2997.57,completed
76c01201-da70-4f36-8865-91babe6d7b19,CUST0366,2026-01-01T00:14:00,-50,pending
759d2471-9664-445d-86ae-2d5176d6b285,CUST0034,2026-01-05T07:36:00,2503.89,pending
70567924-aa15-4219-81b7-193c5fd13283,CUST0442,2026-01-05T07:43:00,3156.47,refunded
e3b90bc5-782b-4569-89fb-1b0718dd12e3,CUST0065,2026-01-05T07:50:00,3180.94,processing
dd952b33-1a2d-48e2-9bce-f337cb20daa8,CUST0392,2026-01-05T07:57:00,4808.94,pending
96d854eb-f2f9-4721-980c-f800f123fda8,CUST0144,2026-01-05T08:04:00,1012.52,completed
a4d876a0-36da-4678-8e88-2bce99739379,CUST0329,2026-01-05T08:11:00,968.89,pending
a913993d-7a76-4324-84d1-113c7a1986a8,CUST0226,2026-01-05T08:18:00,3000.06,processing
ab821c41-e602-4664-89a0-de0d465ecf77,CUST0221,2026-01-05T08:25:00,4523.63,completed
87aefe81-0219-43ac-a40d-ddd52f982b0c,CUST0048,2026-13-45,99.99,completed
75feed3b-a42e-42e0-ae5b-43d2172eedee,CUST0469,2026-01-05T08:32:00,1317.54,processing
21d3c128-a773-4f83-827d-4369ad79a580,CUST0012,2026-01-05T08:39:00,613.8,cancelled
6b61b822-6562-44e9-89c5-ea6c7a8c3e7f,CUST0334,2026-01-05T08:46:00,3498.08,cancelled
d85293f5-35b3-4508-8a54-beda8c1c486c,CUST0306,2026-01-05T08:53:00,4796.66,processing
788596f5-723d-4722-93a3-d00d8371eb30,CUST0254,2026-01-05T09:00:00,2713.72,completed
6b8aaa1a-b492-4258-a5ad-d6db3f13919c,CUST0265,2026-01-05T09:07:00,2505.8,completed
24e453e4-baa5-4c25-a1be-be9ea4bee2e3,CUST0447,2026-01-05T09:14:00,822.62,completed
186d75a2-a87d-4b8f-a5a8-9697e9ffb8b6,CUST0368,2026-01-05T09:21:00,3868.75,processing
67101dbb-312b-4cd6-89d2-31d4d9540f1a,CUST0050,2026-01-05T09:28:00,3975.88,completed
47ddc77f-099c-43fb-bff3-8ee9dc2e3ba7,CUST0306,2026-01-05T09:35:00,1159.01,processing
3932b384-72c1-4748-9905-fff9154890a1,CUST0411,2026-01-05T09:42:00,4072.7,pending
5edb39c9-3cca-4ceb-9ff2-38fbc45a1a2c,CUST0401,2026-01-05T09:49:00,4416.0,pending
e7f11524-8725-4652-ba87-f394b96290c7,CUST0272,2026-01-05T09:56:00,2063.32,pending
c9aeeaee-4f7b-4d4a-8b24-16cac3cba2aa,CUST0210,2026-01-05T10:03:00,1108.3,completed
bdbea07c-3552-4e32-ac3d-967aecf970ef,CUST0356,2026-01-05T10:10:00,2009.16,cancelled
94ee0033-f8b4-4d2d-b89d-934380c61cf5,CUST0189,2026-01-05T10:17:00,2220.84,refunded
e98bd6a0-652c-4b66-beaf-a7395cf06eaa,CUST0198,2026-01-05T10:24:00,3034.49,cancelled
6d226dff-c551-433f-aee5-ddc833e24baa,CUST0319,2026-01-05T10:31:00,326.59,processing
55e22278-a7eb-482b-96ed-165a2f36ddd9,CUST0105,2026-01-05T10:38:00,3445.91,refunded
91c261a3-f449-46f8-a5fb-6265d045bcca,CUST0176,2026-01-05T10:45:00,3031.64,cancelled
1523964b-e3da-4c29-b491-7f6e21a67621,CUST0026,2026-01-05T10:52:00,2465.18,cancelled
2d4319fe-f393-4f94-8813-1091c112a1f8,CUST0143,2026-01-05T10:59:00,2754.92,pending
174a1103-27a5-4f8e-9ee4-b8675021ad3f,CUST0391,2026-01-05T11:06:00,1104.6,pending
35ade1a8-2865-4e78-90ce-b42820f1a351,CUST0376,2026-01-05T11:13:00,1719.25,completed
7f219473-8316-47ca-b554-3e592bdaab2c,CUST0053,2026-01-05T11:20:00,2230.61,completed
dab30231-5c4e-4326-80a6-e64bf80345e4,CUST0113,2026-01-05T11:27:00,2680.13,refunded
e369c6a1-2c47-42bd-9875-fe1b58081014,CUST0270,2026-01-05T11:34:00,3243.74,pending
73a4a54f-ca36-46f6-b124-4d7652131076,CUST0139,2026-01-05T11:41:00,4333.29,pending
b7894258-6c1f-4c54-8fb0-7d355289be8f,CUST0420,2026-01-05T11:48:00,2054.79,pending
b6168a09-2851-431c-8708-be278c3f0fe0,CUST0012,2026-01-05T11:55:00,4750.79,refunded
d5d7bdd0-0d2d-4e96-89b1-94ba267dbe24,CUST0045,2026-01-05T12:02:00,2236.92,processing
7f00f984-7920-493b-91ef-d5323979ce38,CUST0494,2026-01-05T12:09:00,3736.53,refunded
9f83d146-3584-4586-8cbb-1b6f6b87850e,CUST0341,2026-01-05T12:16:00,628.16,cancelled
3f52c621-53d7-4ec8-80f2-de043e1d16b1,CUST0275,2026-01-05T12:23:00,1022.85,cancelled
07e0813f-54ec-4d25-b811-e98805dc74be,CUST0430,2026-01-05T12:30:00,3360.59,processing
71da35a4-0987-4fc6-af6d-1f8795a40673,CUST0121,2026-01-05T12:37:00,2976.0,cancelled
20168bab-109d-48e1-8105-ede7e8da4ba2,CUST0174,2026-01-05T12:44:00,3282.7,cancelled
f96675dd-944d-472c-9e4e-b6ac693fc10f,CUST0105,2026-01-05T12:51:00,2790.6,cancelled
65d25a72-151f-410f-9e50-987950c3ff66,CUST0077,2026-01-05T12:58:00,3764.18,refunded
7bce9a57-7463-499c-aa04-a325fc9cca43,CUST0422,2026-01-05T13:05:00,2845.56,processing
f4423fcc-f08c-4422-8cfa-915459c7271b,CUST0182,2026-01-05T13:12:00,4276.72,pending
281b523b-987a-40ec-aed1-5f98a3823399,CUST0111,2026-01-05T13:19:00,1059.43,processing
41d25f84-4d05-4484-941e-21cc3a3b03e4,CUST0018,2026-01-05T13:26:00,2878.96,processing
9a78fa4f-65a2-4c93-91d9-218b966faac0,CUST0444,2026-01-05T13:33:00,3539.2,pending
899b249c-e07e-4b65-95ab-df7e0871ed91,CUST0174,2026-01-05T13:40:00,1960.95,cancelled
600f7161-ea53-4fba-ad9c-c55eb49bef7e,CUST0257,2026-01-05T13:47:00,2081.82,processing
5f835e7c-5c49-45a3-9320-77eac57cd9c6,CUST0405,2026-01-05T13:54:00,316.79,completed
dec5691e-5a31-4b08-bcc0-56366f3a0f38,CUST0088,2026-01-05T14:01:00,3599.08,cancelled
672c53b1-8896-4d70-94a9-914db9672f19,CUST0345,2026-01-05T14:08:00,932.55,completed
b95def8f-81b6-4c26-b4fe-6a65576f3be6,CUST0182,2026-01-05T14:15:00,2521.84,refunded
596c48a1-17f2-4736-8284-743024fdff1b,CUST0473,2026-01-05T14:22:00,3380.37,completed
ddc78cda-5fa1-4c57-974d-69995d27f0d3,CUST0291,2026-01-05T14:29:00,2864.49,cancelled
1e49d561-28fd-4ea0-9214-41384a89ae06,CUST0262,2026-01-05T14:36:00,3992.26,refunded
e15e21fa-fa02-4e9f-b9f0-41ab057d83f6,CUST0193,2026-01-05T14:43:00,4882.88,processing
e4acbba7-2e7d-410d-89af-f3718ee55d41,CUST0328,2026-01-05T14:50:00,4623.25,pending
b5d9c829-9e48-4a20-b58b-31c3d054be65,CUST0198,2026-01-05T14:57:00,2500.37,pending
c1fcf7e1-90c1-4375-bdc0-d7420f9a620c,CUST0385,2026-01-05T15:04:00,691.34,processing
adba922b-2870-494d-a88f-0d81fb76d225,CUST0319,2026-01-05T15:11:00,2059.98,processing
daf06920-dc1e-42da-92a9-5f2d6ce98d4d,CUST0361,2026-01-05T15:18:00,2990.19,processing
7dc1d751-f221-4f86-9f0e-caca170bc6cf,CUST0482,2026-01-05T15:25:00,4493.75,processing
bc379636-6871-4d9f-baac-bc68c49209ef,CUST0485,2026-01-05T15:32:00,3093.85,pending
9eb6f2b2-4ac3-4681-a134-c3896bd03891,CUST0424,2026-01-05T15:39:00,1925.87,refunded
94868776-dc67-405d-ab40-a6abea77ddec,CUST0386,2026-01-05T15:46:00,4118.63,processing
9f67381c-7165-4cef-b867-14b663dbb3ea,CUST0495,2026-01-05T15:53:00,2017.01,completed
1f596393-8370-42bc-8d20-cce19cd3d9af,CUST0128,2026-01-05T16:00:00,2164.9,pending
c8989e53-35a8-427f-811a-dc6a6f4909bc,CUST0049,2026-01-05T16:07:00,2277.08,refunded
9286deef-d668-4310-9d90-e8ab24fab48c,CUST0015,2026-01-05T16:14:00,4992.73,refunded
9377f6cc-0213-4746-9dd6-6e7b919e9bbd,CUST0125,2026-01-05T16:21:00,690.47,completed
d290e118-cdd7-45b9-afc7-defc9ebda87b,CUST0216,2026-01-05T16:28:00,441.33,refunded
73bfbec6-5f2b-48a9-97cf-d8b7e5fdd392,CUST0394,2026-01-05T16:35:00,4557.03,refunded
0dba54d0-e8cb-4575-ab2b-4437b59e0ab8,CUST0199,2026-01-05T16:42:00,3029.18,completed
1a625eb9-ae1a-4e3f-90cd-6517c1527658,CUST0076,2026-01-05T16:49:00,2784.11,cancelled
1d6c0fcc-2f59-42c2-a793-942e5866ea37,CUST0349,2026-01-05T16:56:00,4896.32,processing
1e78d5fa-1ffa-451d-bde2-096b106d51b6,CUST0106,2026-01-05T17:03:00,4523.32,processing
78b4b80c-0924-4fc5-ad37-44c744319124,CUST0064,2026-01-05T17:10:00,3767.97,completed
9fd16603-6616-4e91-8df0-fbcff07109f3,CUST0074,2026-01-05T17:17:00,2116.94,completed
1d9b7813-2e9c-4987-9397-90a7891bc2de,CUST0347,2026-01-05T17:24:00,4969.8,pending
412c18b4-f117-4692-989f-11e3ba7dd38b,CUST0302,2026-13-45,99.99,completed
6467595c-cefe-4b9d-867d-109eefb60535,CUST0172,2026-01-05T17:31:00,888.35,completed
b5f6ad49-327c-4b78-8506-9aeeb3860dd0,CUST0451,2026-01-05T17:38:00,2469.82,pending
fe1f47ce-c9da-439b-bdc7-9dbf821a0d12,CUST0049,2026-01-05T17:45:00,2800.05,processing
0406c343-f8fe-432a-bd7a-f573646d8aec,CUST0128,2026-01-05T17:52:00,4291.28,completed
6ec3eed7-735c-44e2-b12e-87f6602ca620,CUST0136,2026-01-05T17:59:00,2187.91,completed
6d8a2e50-379b-4247-92a5-ce606e5f236e,CUST0180,2026-01-05T18:06:00,4790.23,refunded
b3ead27c-f4ce-4601-8ef9-27b77085672e,CUST0421,2026-01-05T18:13:00,1321.4,pending
26d5efc1-9aed-432e-b751-f7dd91ae6ddd,CUST0232,2026-01-05T18:20:00,1675.41,refunded
b7eca701-832c-41e0-824b-8ac06e72e565,CUST0310,2026-01-05T18:27:00,4908.35,completed
f5f30c28-b5a0-49a0-8860-fa3cc8274cfe,CUST0033,2026-01-05T18:34:00,3161.21,cancelled
6b41d37c-7abc-4a4a-a527-03820464d125,CUST0219,2026-01-05T18:41:00,1536.1,cancelled
33a544b1-4302-4847-a4f1-3dc5ed8bd69d,CUST0164,2026-01-05T18:48:00,4678.07,refunded
99c21c2e-be4f-4252-9a60-c50c8e7295cb,CUST0087,2026-01-05T18:55:00,2745.9,refunded
5e764bae-a259-4290-a552-d2f365ee5948,CUST0283,2026-01-05T19:02:00,568.27,processing
d02a9e6b-6bfb-4633-9d14-ba309cc70f5f,CUST0380,2026-01-05T19:09:00,3086.78,pending
df181ba2-55c1-4397-a2ab-c05669af9d9b,CUST0233,2026-01-05T19:16:00,3952.68,cancelled
f72d5f5a-3426-4074-9a50-a03064778b38,CUST0362,2026-01-05T19:23:00,4345.61,processing
44f7ec41-937c-484c-959e-38878d18b97d,CUST0495,2026-01-05T19:30:00,2854.0,completed
6532f687-5833-4c79-9799-cc9272beb19f,CUST0147,2026-01-05T19:37:00,4553.51,cancelled
26f4980d-3b8e-4964-9e54-ecb037a72894,CUST0303,2026-01-05T19:44:00,2246.59,processing
11d5ed4b-8418-4262-8ea4-b2a659ba2aa7,CUST0131,2026-01-05T19:51:00,2376.25,completed
be645b4f-7f53-4a1c-8402-0b4d5c5de4f4,CUST0086,2026-01-05T19:58:00,2798.0,cancelled
09347369-8e71-4b63-a9a9-46f8037e4ecd,CUST0040,2026-01-05T20:05:00,3174.91,cancelled
00c618d7-bd5b-413b-aa86-062ee5284554,CUST0039,2026-01-05T20:12:00,3400.06,pending
cdfc3dd1-7173-423c-af9d-2d24d4c8742e,CUST0292,2026-01-05T20:19:00,930.39,completed
78349c07-0bc2-411c-91fe-fece40515ec2,CUST0165,2026-01-05T20:26:00,4770.09,processing
2f2e01ab-2649-478c-842f-4c893a402c80,CUST0433,2026-01-05T20:33:00,4903.57,completed
5d5985b1-f9bc-4281-b6f6-117fba459135,CUST0260,2026-01-05T20:40:00,1988.15,processing
aaaf766e-4ad8-4ee9-9f1c-7508be94ef1b,CUST0033,2026-01-05T20:47:00,1413.92,processing
321cec1e-3419-41bf-8079-2850daa613d1,CUST0038,2026-01-05T20:54:00,1844.34,completed
9f6b1e21-8c44-4195-96ca-9a1b974c4775,CUST0445,2026-01-05T21:01:00,4939.21,cancelled
7e3ee945-3522-4511-9e05-127a3215b3c5,CUST0280,2026-01-05T21:08:00,3854.91,refunded
cebf34f2-dff4-4e50-983c-77f0ea70a22c,CUST0487,2026-01-05T21:15:00,4332.12,refunded
6e708ddd-957f-4ba8-9a37-e08ca73141ee,CUST0098,2026-01-05T21:22:00,2391.75,processing
c3a603cb-6889-4b76-9973-53642f154e4d,CUST0374,2026-01-05T21:29:00,1822.53,completed
32dbc3ab-d3fe-4e68-9e67-0e89f5ddf873,CUST0228,2026-01-05T21:36:00,3535.99,refunded
13104da6-b8b4-4a29-bb40-d9ace15f87cb,CUST0174,2026-01-05T21:43:00,3853.55,refunded
07f91504-25bf-40ad-8cbc-0b499b2fc75d,CUST0404,2026-01-05T21:50:00,3032.52,processing
092336b5-30e4-4395-b820-d552b47dc53f,CUST0436,2026-01-05T21:57:00,3276.33,completed
bfb22b9f-c384-4a4f-be1d-b15f6ac41bf2,CUST0383,2026-01-05T22:04:00,4619.21,completed
e8ac1fef-9927-46b8-8406-bc22715294e3,CUST0034,2026-01-05T22:11:00,1695.88,completed
55f4b9fb-a9d0-4209-8217-060c0f65300d,CUST0039,2026-01-05T22:18:00,3144.19,completed
399bdc5c-b872-4a34-aaa5-85954b2505b4,CUST0335,2026-01-05T22:25:00,987.23,refunded
e8d758e7-0831-4403-af62-96149be6b930,CUST0485,2026-01-05T22:32:00,35.82,processing
2e036d6c-554e-4027-8db1-54ff6c2cd3b6,CUST0226,2026-01-05T22:39:00,2152.72,processing
c3fcbfa8-7458-45a6-924a-bf47f5c66774,CUST0357,2026-01-05T22:46:00,3720.53,refunded
06a6a214-a994-4c94-93b1-49865096f37b,CUST0123,2026-01-05T22:53:00,3876.5,pending
fa92f813-0ffe-44fb-ad22-507e066dd858,CUST0172,2026-01-05T23:00:00,1193.64,pending
b84f382e-a034-43a1-b3c2-db4f0f1ff7dd,CUST0452,2026-01-05T23:07:00,1469.88,pending
4eaebb8b-b8ee-4774-b7ce-94f955d7e2a5,CUST0459,2026-01-05T23:14:00,2163.08,cancelled
44a526df-5393-4847-b686-594f298c4701,CUST0388,2026-01-05T23:21:00,2440.42,cancelled
1231c74d-264a-49a6-8999-a5029eae267e,CUST0043,2026-01-05T23:28:00,3761.29,refunded
00caab3f-f0d3-437e-a76b-7b754f748199,CUST0428,2026-01-05T23:35:00,838.43,pending
a1b81e7c-ea10-484f-8f48-921836c92120,CUST0035,2026-01-05T23:42:00,837.72,processing
bd474a99-c5da-4080-95ee-d55ee35fb41b,CUST0179,2026-01-05T23:49:00,4117.01,pending
2967b6af-b800-4f9a-b701-9ad96e5c4252,CUST0405,2026-01-05T23:56:00,4856.88,completed
0e167815-cbeb-4a72-85f5-f8d33746f9b0,CUST0289,2026-01-06T00:03:00,4480.19,completed
8edb7524-faf5-4f9f-83aa-db86a49053e7,CUST0019,2026-01-06T00:10:00,1533.68,processing
f95873db-4c69-4266-a976-9db6dbecf0be,CUST0203,2026-01-06T00:17:00,3304.24,pending
df1d6257-2015-41d9-8c23-722e37804c17,CUST0463,2026-01-06T00:24:00,2012.09,refunded
34c0ba42-ddd5-4cc3-b8a8-2cb80a6c1199,CUST0436,2026-01-06T00:31:00,1317.13,cancelled
9feb4c4b-3c10-4366-a1d7-47b8287b074f,CUST0467,2026-01-06T00:38:00,917.4,cancelled
7124267f-6730-4b27-9499-67231b55590b,CUST0246,2026-01-06T00:45:00,691.86,cancelled
ceb93177-0326-4f17-8647-b50dd03d34a1,CUST0091,2026-01-06T00:52:00,4208.3,pending
3ad0837e-8a85-4811-a708-69658e207cb1,CUST0074,2026-01-06T00:59:00,4213.9,completed
8b170407-5cdc-4495-a8fb-c5e468cda173,CUST0092,2026-01-06T01:06:00,1858.25,refunded
40bf00fa-0d02-4b17-8f8a-4cbee35ece61,CUST0092,2026-01-06T01:13:00,3196.46,processing
9fca1b1a-67e0-4252-afe8-d769561dbe20,CUST0337,2026-01-06T01:20:00,4006.77,refunded
d4956fea-39c7-4343-bfe7-ca2ba25b8cc6,CUST0290,2026-01-06T01:27:00,2392.09,cancelled
bcc2bf3c-8ee8-47d2-87b5-64334e67fba1,CUST0166,2026-01-06T01:34:00,3328.87,pending
0fa082fc-e5c2-42cc-a9c6-d457ff0cff46,CUST0480,2026-01-06T01:41:00,1087.1,pending
ff95267e-19d0-4436-9799-4f0254381ace,CUST0204,2026-01-06T01:48:00,1883.1,refunded
5ccd9738-dc3b-4d06-af40-8fddda330dba,CUST0241,2026-01-06T01:55:00,343.93,pending
02d893cb-2498-4751-9fff-8ec627c0af44,CUST0167,2026-01-06T02:02:00,3909.11,pending
5003a2a6-697f-4747-b6e4-266aa6fdb738,CUST0448,2026-01-06T02:09:00,2858.49,completed
8a33212e-0c86-4289-967e-10f0b168ce15,CUST0166,2026-01-06T02:16:00,172.14,pending
c6cbd48e-bca7-4f05-b68f-192ca9fbaac1,CUST0080,2026-01-06T02:23:00,4115.39,completed
a2b167e1-9700-46b9-a413-a4606a8f01b1,CUST0066,2026-01-06T02:30:00,714.13,processing
ca2d3790-73ba-4895-bbb0-20ac3dbb199c,CUST0358,2026-01-06T02:37:00,3008.4,completed
ddd4c1c0-436c-478a-a80c-0ffcfe3e4ac1,CUST0427,2026-01-06T02:44:00,1289.84,pending
75012b27-eb5d-4f91-8324-660538441d5e,CUST0294,2026-01-06T02:51:00,2759.44,cancelled
5247d507-cc32-49a8-b3d0-2627652be118,CUST0099,2026-01-06T02:58:00,3462.76,refunded
5ad52799-f96e-4d34-975f-d9ca06e06e53,CUST0500,2026-01-06T03:05:00,2520.91,pending
8c452ef5-61e8-4a40-8ece-872b14c1ebca,CUST0342,2026-01-06T03:12:00,3252.51,processing
a0d050a4-2898-461a-9626-c50262512b98,CUST0217,2026-01-06T03:19:00,609.37,cancelled
6fd0718d-81ce-4c86-ba46-f274c73e5a72,CUST0092,2026-01-06T03:26:00,4032.59,pending
db44f045-ac92-457e-ae53-da8e6482ca00,CUST0489,2026-01-06T03:33:00,4894.7,cancelled
d3991844-3984-4acb-8d55-52af809fb943,CUST0354,2026-01-06T03:40:00,3717.0,completed
e0da67d8-0a97-476a-aaff-87503326485a,CUST0461,2026-01-06T03:47:00,4555.66,pending
1b579857-5d9a-47bc-8360-502e9fd07343,CUST0047,2026-01-06T03:54:00,3424.81,cancelled
51bc0c33-6093-4673-9586-e3a4dca975c3,CUST0478,2026-01-06T04:01:00,1548.35,refunded
ed10127d-c312-4907-88be-5f6c6ee0734b,CUST0119,2026-01-06T04:08:00,3305.34,refunded
85aa1ef9-ef50-4930-9e90-7b7e0ab0ec21,CUST0042,2026-01-06T04:15:00,326.41,pending
1cce6fe3-63dc-4816-b47b-fee6c0c68653,CUST0186,2026-01-06T04:22:00,3457.51,pending
7ab135a5-9536-4ae2-8259-518a0dd3f2d5,CUST0155,2026-01-06T04:29:00,98.96,refunded
a574a96b-e4e4-446e-87cf-79e4a151f931,CUST0419,2026-01-06T04:36:00,3615.25,refunded
f606a525-6924-42b9-80d1-ac9880e0b6d3,CUST0240,2026-01-06T04:43:00,4242.84,processing
7ba28c38-fce5-4be9-a78c-d2a11aa48ae2,CUST0498,2026-01-06T04:50:00,597.39,refunded
faf74195-7a09-4c3d-a47d-4820cfd715be,CUST0077,2026-01-06T04:57:00,3261.56,processing
c14665d9-a4f8-471f-af43-7a341b7b9927,CUST0207,2026-01-06T05:04:00,4863.67,cancelled
3e383742-d3c0-4db6-91ad-cd210062f00d,CUST0464,2026-01-06T05:11:00,1870.16,completed
a493f576-2939-40de-b09c-7b1eb41db09e,CUST0398,2026-01-06T05:18:00,77.61,pending
f68d408e-8ac8-4abb-888d-1d2dd9c80fcb,CUST0294,2026-01-06T05:25:00,4318.9,completed
b834dff2-d409-459a-9867-c53a1b2992ae,CUST0348,2026-01-06T05:32:00,747.67,processing
555a43ba-ac4f-4471-88ee-343a5cb8a009,CUST0250,2026-01-06T05:39:00,3278.26,refunded
363297f1-2237-4513-afa8-e24036c1633d,CUST0230,2026-01-06T05:46:00,2934.09,pending
1cb4b9e2-de71-47bc-90b0-49ec214eea86,CUST0438,2026-01-06T05:53:00,2118.08,cancelled
3823acba-81dd-4f07-9b68-f8fcb7eb099b,CUST0008,2026-01-06T06:00:00,4718.81,pending
46ed4749-c5cf-4747-83ca-e3fe9bf7a23c,CUST0105,2026-01-06T06:07:00,3042.63,cancelled
aba6eca7-afd8-45f0-81fe-c4eb73a3166f,CUST0379,2026-01-06T06:14:00,4079.58,refunded
50ae69ba-218a-441c-a553-a75bb7369792,CUST0395,2026-01-06T06:21:00,4022.12,refunded
a28556cb-4825-45e8-8e99-1fe08084a5c3,CUST0015,2026-01-06T06:28:00,1345.71,pending
03bc0a39-6802-4578-b755-282b12bbc432,CUST0007,2026-01-06T06:35:00,2272.79,processing
6253b0ca-dc93-48e9-a7dc-b94f91005d68,CUST0075,2026-01-06T06:42:00,1869.86,pending
d42bf3d3-8e8d-4453-80ef-cdbf4302a41a,CUST0430,2026-01-06T06:49:00,1497.02,cancelled
a66e0917-9779-4f9b-9a78-71ba60d6ba30,CUST0017,2026-01-06T06:56:00,4052.48,completed
f0d6a94d-9813-43f3-ad45-12741bed8462,CUST0086,2026-01-06T07:03:00,1495.08,refunded
36db11f8-b53c-4019-ad7b-38d83eaba81e,CUST0130,2026-01-06T07:10:00,3418.73,cancelled
e3993766-193e-467d-8282-a990978a5c8d,CUST0261,2026-01-06T07:17:00,1708.13,cancelled
2549cb6f-ff27-45db-85ae-12a188dce5ac,CUST0477,2026-01-06T07:24:00,239.89,cancelled
9057da2c-9fc5-4642-ac03-a3be5833f56e,CUST0343,2026-01-06T07:31:00,2176.61,completed
8963dd57-77b5-4511-9cb6-fff0adb46459,CUST0094,2026-01-06T07:38:00,2642.85,pending
355cdda8-5e0e-4e6d-a444-fc72ee73c5ca,CUST0478,2026-01-06T07:45:00,3800.65,refunded
b8356671-7dac-4147-abb9-d2a1c9865713,CUST0234,2026-01-06T07:52:00,4634.67,refunded
b59afe0f-7fe3-4110-b22c-3dd5366394b2,CUST0452,2026-01-06T07:59:00,1263.92,cancelled
81ead71d-9e4d-4c8b-9e6e-c716dae12724,CUST0147,2026-01-06T08:06:00,647.09,pending
9370db54-1f9e-493a-9090-447cf6e5aa08,CUST0399,2026-01-06T08:13:00,3081.61,completed
383d0295-e854-4c08-8bdb-dd62ee35e16e,CUST0089,2026-01-06T08:20:00,1962.9,refunded
4ccc74d8-d364-4917-87fb-943152ff0ea4,CUST0268,2026-01-06T08:27:00,1454.71,refunded
d66d5758-24e3-40ab-baed-74bde4ad98c9,CUST0279,2026-01-06T08:34:00,4405.76,refunded
df66f374-ed67-48ac-ac88-1b8c8dd5aa87,CUST0453,2026-01-06T08:41:00,4500.65,refunded
e1861275-d6eb-40dd-b7e3-4aeb9a8ec6ec,CUST0394,2026-01-06T08:48:00,2093.23,cancelled
6ec04f9c-aff2-4cca-900b-e6be57a27ac4,CUST0212,2026-01-06T08:55:00,2855.13,cancelled
4cbb3ba2-98a8-445b-8e07-5930003c3133,CUST0387,2026-01-06T09:02:00,1990.29,cancelled
dcb005d0-eb42-4cf7-a4b3-cd817c089dcb,CUST0184,2026-01-06T09:09:00,4677.75,refunded
dc9d87e1-f87b-472a-9cef-28fdab273de4,CUST0249,2026-01-06T09:16:00,3981.04,refunded
9bd8f241-200e-4e2f-b7f2-e5c9a3d89ca4,CUST0233,2026-01-06T09:23:00,4665.95,cancelled
a8cabb8e-f5b4-4de6-ace3-216ebbfcecfc,CUST0207,2026-01-06T09:30:00,3956.05,cancelled
c20ee2dc-d483-4701-b0c2-67904a99ec03,CUST0232,2026-01-06T09:37:00,974.66,refunded
92409ded-1a61-4d72-9eee-33c399d5d9da,CUST0071,2026-01-06T09:44:00,1203.28,refunded
9c874fc0-bd4a-44bb-a017-f7bdc260dba7,CUST0060,2026-01-06T09:51:00,3471.98,processing
bbf09140-4051-4ce0-89eb-be09e30ca4c0,CUST0227,2026-01-06T09:58:00,3882.87,refunded
478fc1e3-f2f0-4cf6-8643-3a1a468939d7,CUST0161,2026-01-06T10:05:00,371.06,processing
3d6c0150-bab6-4728-a605-ca1ba1842d1a,CUST0426,2026-01-06T10:12:00,2826.82,refunded
80aaead9-19b3-4873-ac17-f09e9534e162,CUST0381,2026-01-06T10:19:00,1954.75,pending
debc147f-a5d2-4c11-98c0-49021a061e36,CUST0216,2026-01-06T10:26:00,1675.13,processing
9f4d7a17-7993-4f5b-b570-814cfa126f1b,CUST0069,2026-01-06T10:33:00,1189.55,cancelled
abec490f-15e5-469d-9e24-633970f0a2ee,CUST0350,2026-01-06T10:40:00,832.62,completed
6a429cbf-8fe5-4504-ad93-db2e6445dea8,CUST0476,2026-01-06T10:47:00,1423.38,refunded
83fd4c20-305e-41ea-99a1-caa7359d043c,CUST0480,2026-01-06T10:54:00,4050.09,cancelled
ab716626-a844-4900-99e8-1ad590552434,CUST0132,2026-01-06T11:01:00,605.68,cancelled
61886421-9baf-4f98-af98-223dd382971a,CUST0317,2026-01-06T11:08:00,975.08,cancelled
9c228d86-dcd1-4756-aa59-eba683cb91b0,CUST0346,2026-01-06T11:15:00,2282.54,cancelled
202bdb39-7458-4bca-9626-3c94e56a028b,CUST0455,2026-01-06T11:22:00,2018.22,refunded
da04c225-8f39-43a4-86f1-c400b99d8222,CUST0104,2026-01-06T11:29:00,3662.45,processing
0a9d9b37-aace-470b-b23e-258d4bf2b777,CUST0217,2026-01-06T11:36:00,2995.43,cancelled
f9998e86-6cc6-459d-b6e4-20bf55fa9518,CUST0226,2026-01-06T11:43:00,2046.29,pending
796d5283-1753-4ce8-a838-8a49ed701afc,CUST0262,2026-01-06T11:50:00,4007.69,processing
f00cec02-2c59-48df-9e14-1b66bcc5c06b,CUST0132,2026-01-06T11:57:00,2208.76,processing
be0e4b9a-1cf8-408e-8167-2975ae3794bd,CUST0305,2026-01-06T12:04:00,2204.4,pending
6bdc837c-cab2-4c66-a6c5-9464f11b4d1a,CUST0095,2026-01-06T12:11:00,123.68,refunded
554ef956-53a5-4523-bb73-7c044f36f19f,CUST0025,2026-01-06T12:18:00,3218.01,cancelled
5a35988e-d9a1-4883-ae94-a521b3e1e8e9,CUST0042,2026-01-06T12:25:00,1277.83,cancelled
984b31ee-c88c-4102-9926-465a2bd194ad,CUST0201,2026-01-06T12:32:00,3186.22,cancelled
0b3d06ca-bb4d-4a6c-b4b8-c727df570534,CUST0232,2026-01-06T12:39:00,4257.24,processing
5bf67998-f2bd-4b12-bc9d-328c18c23aeb,CUST0006,2026-01-06T12:46:00,2164.47,pending
4b9e682c-c334-454b-a900-b0786206cc71,CUST0186,2026-01-06T12:53:00,2799.38,completed
8017118e-bcdc-4e93-a901-0a7a48573bd5,CUST0009,2026-01-06T13:00:00,3457.05,pending
640934e9-ea99-42c9-8d9e-35cc18479597,CUST0239,2026-01-06T13:07:00,1332.13,processing
48ee9a75-55f6-46da-b7dd-59035b084c54,CUST0377,2026-01-06T13:14:00,4062.82,completed
22b4d549-c82e-4f22-9b4c-18aa7bf3862b,CUST0056,2026-01-06T13:21:00,3860.64,processing
c20ba25f-be82-48fe-9e34-ce9796a6c6d4,CUST0028,2026-01-06T13:28:00,4916.46,pending
812d11d2-62fd-4985-a7de-17c44a6382f6,CUST0097,2026-01-06T13:35:00,268.87,refunded
f1ed7fcf-31f8-4514-8dcc-0d68f410cddd,CUST0361,2026-01-06T13:42:00,3811.58,cancelled
bcd47d62-601c-41d5-9c10-7c8770c94642,CUST0348,2026-01-06T13:49:00,1540.08,cancelled
3cc2d783-4f8a-46ad-b88f-9b2ae317519f,CUST0431,2026-01-06T13:56:00,600.21,refunded
f7f2814b-e3f5-4fb0-b240-da5e72bcad53,CUST0017,2026-01-06T14:03:00,3744.09,refunded
ca574f5f-3f72-45e1-91b8-285659566b95,CUST0111,2026-01-06T14:10:00,1204.67,completed
b124ea8b-c239-449a-9a53-69f3c0b889f1,CUST0273,2026-01-06T14:17:00,4177.75,pending
d71bde46-e263-4104-a809-85c284fa2fda,CUST0258,2026-01-06T14:24:00,871.29,cancelled
5a7552d6-d2f3-4d5b-b10c-03f72481de40,CUST0379,2026-01-06T14:31:00,423.14,completed
bfdd3975-06c6-4b73-8fe5-4e657849397b,CUST0112,2026-01-06T14:38:00,3235.96,refunded
effc2d0a-f557-4712-83d2-fbfe31213d6d,CUST0100,2026-01-06T14:45:00,357.01,refunded
8b543d50-6d49-4195-ac0f-82c8964e33bc,CUST0083,2026-01-06T14:52:00,1949.15,pending
5b299bae-88c7-4fa1-82eb-baaab4b4e5f5,CUST0042,2026-01-06T14:59:00,1108.12,cancelled
5b9f60ff-647b-453f-aa24-1784ae704fc2,CUST0036,2026-01-06T15:06:00,4665.44,completed
c10c7a9f-755f-47de-85cf-2bcbd20d0dbd,CUST0282,2026-01-06T15:13:00,4782.63,processing
e9d07a56-a0fe-4dd0-b935-15ddae5dd65a,CUST0203,2026-01-06T15:20:00,3552.13,completed
d915c8dc-1b01-49cd-bc4c-00a7aba3103a,CUST0172,2026-01-06T15:27:00,1986.39,pending
2b93a203-6972-4764-96d3-166488eca98e,CUST0275,2026-01-06T15:34:00,2568.72,refunded
64d31395-c800-4608-8412-8d412cf2dcb8,CUST0340,2026-01-06T15:41:00,1197.31,pending
7383dc23-3ee1-45b9-8aa9-0edc6a3c6d4f,CUST0424,2026-01-06T15:48:00,975.78,refunded
233a45eb-d13e-44ba-8d2e-e84f66e2370f,CUST0021,2026-01-06T15:55:00,4932.09,cancelled
1a15bd40-71e0-4e5a-825a-51378e6ce632,CUST0204,2026-01-06T16:02:00,1315.84,processing
ec95ad99-f4b9-4301-a309-dd20ac5d0054,CUST0446,2026-01-06T16:09:00,3564.58,completed
f1a110d5-b0c4-4c8c-8dc6-ef13fb8a7f9f,CUST0174,2026-01-06T16:16:00,4546.05,refunded
fbfda4ed-bb3f-447d-b406-060631f6cfbe,CUST0127,2026-01-06T16:23:00,4860.25,refunded
f1912298-5582-4b06-8672-7fea445a7e10,CUST0247,2026-01-06T16:30:00,3284.13,pending
3e389a95-a001-4197-92ff-e2bbefd97289,CUST0240,2026-01-06T16:37:00,4894.41,cancelled
c42325d3-4fab-4388-8e88-ca10d24860bb,CUST0302,2026-01-06T16:44:00,775.73,cancelled
d582e418-1d29-4f17-8b72-acb61fb02ec6,CUST0347,2026-01-06T16:51:00,528.56,processing
5f8aac4d-80f0-424a-964e-1f832a9a1ddd,CUST0348,2026-01-06T16:58:00,2966.06,refunded
51e48ceb-ae2e-4e40-b431-d639fa209433,CUST0424,2026-01-06T17:05:00,2002.78,refunded
80783089-2b81-419f-bbaf-340f026e7c04,CUST0238,2026-01-06T17:12:00,4825.4,cancelled
2f680005-fc84-4621-bb7f-32c866aed95e,CUST0321,2026-01-06T17:19:00,1097.47,cancelled
5e5ba8d2-5394-4142-ade7-ee09eae5591c,CUST0068,2026-01-06T17:26:00,1423.14,cancelled
8c52a7c7-ca1c-4195-a643-cea5a26d9ba5,CUST0293,2026-01-06T17:33:00,2013.27,cancelled
c7035810-6129-4aed-9746-4e2822a04942,CUST0087,2026-01-06T17:40:00,2498.29,cancelled
5368f010-04be-4928-9683-e24e7534f41f,CUST0458,2026-01-06T17:47:00,1519.12,cancelled
a8d6f488-e620-488c-941b-cc7738f21f57,CUST0443,2026-01-06T17:54:00,3856.72,completed
f4dd0242-e63e-44f7-8cdc-e4357c0f649f,CUST0408,2026-01-06T18:01:00,1823.76,refunded
d1f61b48-5fec-485b-a935-1a4125464139,CUST0434,2026-01-06T18:08:00,1367.98,processing
83975920-4c31-4759-b2ee-299ca9da17ee,CUST0278,2026-01-06T18:15:00,3681.13,processing
ae55f400-a670-4d4e-88cb-8027d84239c1,CUST0333,2026-01-06T18:22:00,2229.32,refunded
a45edf6d-f298-4a72-a1e5-8eabded9fcfc,CUST0248,2026-01-06T18:29:00,4295.75,completed
80fd457b-ef03-42ae-a393-f54ed100295a,CUST0321,2026-01-06T18:36:00,86.11,refunded
acdc3885-846e-46b3-a93d-51bb54343758,CUST0497,2026-01-06T18:43:00,2020.86,processing
314354af-1676-47f4-8c58-fda975d3eb92,CUST0197,2026-01-06T18:50:00,930.35,processing
97793f93-ee9d-419d-9d8f-25a63de8ac4f,CUST0415,2026-01-06T18:57:00,4750.53,cancelled
0a5d1197-2570-496c-9632-267d0143d815,CUST0151,2026-01-06T19:04:00,1122.03,cancelled
dc159964-14b5-4221-b580-828d1fa04082,CUST0222,2026-01-06T19:11:00,1440.91,completed
5fe011a4-8cc6-4067-a8fa-0f8d154e4c74,CUST0113,2026-01-06T19:18:00,19.15,cancelled
5b569775-332a-4725-9391-08432c80967f,CUST0180,2026-01-06T19:25:00,2221.06,cancelled
669df7ef-c194-4f9c-99dc-ac86e37278f4,CUST0188,2026-01-06T19:32:00,2365.63,cancelled
6a53d205-d394-442f-8cc9-8b69d9abfb93,CUST0314,2026-01-06T19:39:00,1915.14,completed
7c8e2211-294f-498f-9fba-dbbdbd754cad,CUST0116,2026-01-06T19:46:00,266.57,pending
a95e495c-2926-4e8c-ad81-1673c175f7bc,CUST0397,2026-01-06T19:53:00,4894.32,pending
ce3f3530-a680-4998-831c-40decc4f2884,CUST0108,2026-01-06T20:00:00,1214.74,processing
d60f443e-5bf4-4fa6-88e5-c6c646bcbd1c,CUST0444,2026-01-06T20:07:00,4563.99,cancelled
80b5a1ff-6643-46cd-baa1-34717a367215,CUST0079,2026-01-06T20:14:00,3553.82,cancelled
a3481d32-4ad8-4c76-8cd9-67609006dac0,CUST0306,2026-01-06T20:21:00,2757.34,cancelled
3968a640-ae6c-4c1a-8a6f-ed11b98db270,CUST0266,2026-01-06T20:28:00,3786.75,processing
2bee666c-0d66-40b8-aae5-98d2c8508242,CUST0236,2026-01-06T20:35:00,4362.94,refunded
a47e146f-111e-4d83-ade7-0d057d1c5155,CUST0227,2026-01-06T20:42:00,2648.64,pending
ab0d8d1f-6593-4539-b29c-7acd5e71ebb0,CUST0067,2026-01-06T20:49:00,687.98,completed
c5efbfe4-b5e8-4c0b-adf5-ce09732a2f26,CUST0340,2026-01-06T20:56:00,1179.97,pending
1292ad5b-4a31-4a1a-99e4-9567e062443a,CUST0160,2026-01-06T21:03:00,2159.99,pending
b156a9a4-09be-4922-a2ad-1eb9f827195f,CUST0361,2026-01-06T21:10:00,1921.41,refunded
05ab78e8-4b14-4433-a3ca-d6f7d31d2799,CUST0203,2026-01-06T21:17:00,4639.66,processing
05faa540-a000-4276-8169-b359f624bb24,CUST0313,2026-01-06T21:24:00,439.79,completed
dd7773a1-502f-406f-b8be-6a3fcecd4ec8,CUST0355,2026-01-06T21:31:00,361.71,cancelled
ed366d97-9f02-45ba-ab60-bc72828cfba4,CUST0116,2026-01-06T21:38:00,171.68,pending
f882ea57-e14a-4d4c-baf3-d4cd8443faa4,CUST0010,2026-01-06T21:45:00,2575.82,refunded
ae08f7bd-20c3-4e93-aefc-e381ed322dd7,CUST0468,2026-01-06T21:52:00,2853.17,pending
5fd10ab9-6c02-4437-a761-31c93ecedbe3,CUST0407,2026-01-06T21:59:00,743.79,processing
c60f0874-2255-4405-8823-2e6ce9c75ce5,CUST0053,2026-01-06T22:06:00,923.16,cancelled
8cc14305-663c-4952-84fd-c8064e941241,CUST0199,2026-01-06T22:13:00,4733.18,completed
daf8f40f-9fa2-4ebb-9cc1-182cf15f81b1,CUST0193,2026-01-06T22:20:00,2979.33,processing
60cacd32-2ed8-483b-b846-975b20f2e8a6,CUST0008,2026-01-06T22:27:00,2314.4,processing
4b825f8e-8b6d-4a58-80db-76d6d161d420,CUST0312,2026-01-06T22:34:00,3087.33,cancelled
a5e45908-82e5-4062-918f-0a11b3351f25,CUST0409,2026-01-06T22:41:00,3621.06,cancelled
e8837d16-e499-41d9-8f6c-6e95000892f8,CUST0114,2026-01-06T22:48:00,1187.41,completed
5c3d2349-3743-464c-b468-292c8fa7a1dc,CUST0241,2026-01-06T22:55:00,2430.42,completed
267eed31-483e-48a8-a08d-24fa0aa61bca,CUST0476,2026-01-06T23:02:00,1371.88,refunded
76e80659-c793-439d-a5b4-5debec834d91,CUST0141,2026-01-06T23:09:00,3159.71,processing
55c75ce5-b789-4a33-a47a-ebc7ff544e49,CUST0335,2026-01-06T23:16:00,2527.89,pending
0ab39d82-c4c7-4726-9c32-1dea139389b0,CUST0241,2026-01-06T23:23:00,78.29,cancelled
78b6d07b-fe23-45d0-b641-2d82bb6985be,CUST0203,2026-01-06T23:30:00,1275.12,cancelled
743e766b-ebbf-496e-a056-6a10d3f2e80b,CUST0114,2026-01-06T23:37:00,4133.79,completed
74cba00a-5b9e-4783-995c-be7a40b78904,CUST0098,2026-01-06T23:44:00,4885.99,cancelled
9ec0fd2d-1506-48fe-845c-95d3c00c2df3,CUST0010,2026-01-06T23:51:00,3917.4,cancelled
268617a7-0d2a-46ca-aaad-5219b3d162c4,CUST0330,2026-01-06T23:58:00,1994.58,processing
4e733a1d-4470-4982-bd76-fd90ff8acd70,CUST0325,2026-01-07T00:05:00,3514.3,cancelled
dc01cb10-ee10-4901-a5c6-09131e40e5c4,CUST0418,2026-01-07T00:12:00,4410.67,cancelled
4b6ed4fc-0b39-40d2-b5eb-642249e3ccc8,CUST0022,2026-01-07T00:19:00,3214.2,processing
165bbea5-9366-46f1-a436-d005fd04baa0,CUST0115,2026-01-07T00:26:00,654.91,pending
956465a8-e166-485b-b1eb-605051d7dfd2,CUST0175,2026-01-07T00:33:00,777.46,cancelled
c3ea16a8-1978-4140-9668-0c19ab0c7e5f,CUST0020,2026-01-07T00:40:00,3981.74,processing
b997200c-7183-4735-a4d3-434a3646a742,CUST0045,2026-01-07T00:47:00,1674.44,processing
371f2c63-e1b5-45df-b5c2-de9bbf07d671,CUST0068,2026-01-07T00:54:00,1742.21,refunded
da49cbaf-b2eb-4a03-9699-6789017b6933,CUST0320,2026-01-07T01:01:00,1333.67,cancelled
8c1e4d12-8270-4540-98d6-f9baab68179a,CUST0210,2026-01-07T01:08:00,3540.62,refunded
9eb6d2b5-f835-4b2f-9372-186d65d834f6,CUST0428,2026-01-07T01:15:00,3253.09,refunded
ad2381de-ca41-4e5f-b33f-240d07923d06,CUST0054,2026-01-07T01:22:00,525.54,processing
d8b43873-641d-4421-a95c-7e9a62cef255,CUST0130,2026-01-07T01:29:00,3454.17,cancelled
3b4393e8-f0d9-4625-9cd3-783d1fa46e91,CUST0041,2026-01-07T01:36:00,573.29,cancelled
181614fb-f851-495c-bf8c-d69e9e1fa027,CUST0436,2026-01-07T01:43:00,3827.26,cancelled
b600c1ad-6f3c-4294-a62d-1694d7ce991f,CUST0325,2026-01-07T01:50:00,462.98,refunded
6ba71adb-8020-4f8c-98d9-092b85686dba,CUST0009,2026-01-07T01:57:00,2319.42,processing
3c3ca891-3b7d-4d8a-b96f-475477e79e79,CUST0399,2026-01-07T02:04:00,902.76,refunded
f5666e75-d514-4a09-ad9a-35e27105c3a1,CUST0450,2026-01-07T02:11:00,4350.28,cancelled
da2823c6-debc-4f2f-9b62-bd13cf8babd9,CUST0200,2026-01-07T02:18:00,3302.83,pending
9fea8fe5-6566-4621-b6c7-362f94af13a7,CUST0115,2026-01-07T02:25:00,1697.27,pending
c24388f6-4237-4f4a-80ab-4a7204c385c2,CUST0272,2026-01-07T02:32:00,3997.5,cancelled
7855757b-c7f3-4cb2-9016-68bf33d7b6b6,CUST0372,2026-01-07T02:39:00,2499.25,cancelled
b4249172-5dc9-4cc7-9132-2b0d3da71788,CUST0027,2026-01-07T02:46:00,1570.46,processing
d7011371-6b3e-4539-8877-7854715b9c94,CUST0484,2026-01-07T02:53:00,3174.34,refunded
56915633-1cb0-477d-b1f0-afacea2c8fdd,CUST0131,2026-01-07T03:00:00,134.72,cancelled
96f6eb32-bb5a-416f-b1d0-bb23a68a57a3,CUST0201,2026-01-07T03:07:00,1268.46,refunded
44c3b28a-8434-4ba9-b90c-5c41fe75f6ad,CUST0211,2026-01-07T03:14:00,4030.5,cancelled
96e94bb7-1cb1-41ac-bc0c-8d24739f2018,CUST0085,2026-01-07T03:21:00,1773.43,processing
43bd3bb3-a641-46aa-97d2-dd9aa98f25a0,CUST0127,2026-01-01T00:38:00,-50,pending
d6c44146-3cac-4196-b590-ea7d44593446,CUST0401,2026-01-07T03:28:00,776.0,completed
1db4ba55-f0cf-4112-921f-b51fca5947eb,CUST0208,2026-01-07T03:35:00,4125.96,processing
694bca1b-d094-4b7e-8a3c-0b7190369589,CUST0456,2026-01-07T03:42:00,1503.74,completed
d47513cb-f088-4a43-b166-19901cce513a,CUST0406,2026-01-07T03:49:00,3809.98,pending
4f97ead9-37c4-4089-8e09-ec8276de37b1,CUST0356,2026-01-07T03:56:00,2065.01,pending
f159f6bd-b939-43c5-9408-929ce55e4413,CUST0187,2026-01-07T04:03:00,675.81,cancelled
0424c650-09a8-40c9-85d1-6e55ce0029e6,CUST0117,2026-01-07T04:10:00,3516.38,refunded
213d6c69-5d44-4752-855d-9b78f5860abc,CUST0449,2026-01-07T04:17:00,422.66,refunded
706ad1bd-7c24-403c-91b3-50f857938509,CUST0253,2026-01-07T04:24:00,1023.74,refunded
0412c896-3dee-441e-a3cf-60613ce60689,CUST0446,2026-01-07T04:31:00,622.7,processing
26b2220d-eedc-4525-8462-df12d38271c6,CUST0455,2026-01-07T04:38:00,643.48,pending
b872a230-8b6b-4712-a8be-d061a08008b9,CUST0120,2026-01-07T04:45:00,2311.52,completed
8d3873b0-6562-478c-b365-6e79529edccc,CUST0413,2026-01-07T04:52:00,1833.82,processing
85171498-37c6-48e7-aa52-4e0d84dd4806,CUST0405,2026-01-07T04:59:00,2134.9,pending
311a20ee-ef78-482b-9cdb-83417c2004d7,CUST0418,2026-01-07T05:06:00,2080.37,completed
968c5425-a0cd-4ef0-bddd-7d4d35833207,CUST0284,2026-01-07T05:13:00,3524.51,cancelled
dc422470-18c5-4398-83dd-0fa8db24d3e4,CUST0443,2026-01-07T05:20:00,722.42,completed
2e91599c-deda-4dd6-81fe-7dc275d6d5a4,CUST0376,2026-01-07T05:27:00,2765.71,cancelled
443c9c0d-3b7a-4681-b753-0c91a495acd9,CUST0321,2026-01-07T05:34:00,2917.17,processing
0d5ab9b7-22e3-4a19-948c-f9f3080c5561,CUST0364,2026-01-07T05:41:00,254.76,pending
49d3ad21-66b6-457f-9c83-38f767271c19,CUST0138,2026-01-07T05:48:00,2436.98,pending
73bfbfe0-c013-44bf-80bf-4988ae766534,CUST0096,2026-01-07T05:55:00,59.33,pending
92067607-512c-4005-bd1f-9e1a5749392c,CUST0194,2026-01-07T06:02:00,562.42,processing
b90373e1-66c4-44de-9b92-511df6700e59,CUST0320,2026-01-07T06:09:00,1806.24,pending
cd438d9c-1278-4c39-9947-7f1055c2cc5b,CUST0388,2026-01-07T06:16:00,650.23,cancelled
558852b4-6a7d-4a38-a888-9b15490d405b,CUST0494,2026-01-07T06:23:00,1982.45,refunded
c24863a3-dac0-4a4c-86a4-02b057d5c697,CUST0282,2026-01-07T06:30:00,2866.52,refunded
e86cdc55-f0b1-4860-84c6-b9e996cbaaf2,CUST0230,2026-01-07T06:37:00,3465.37,refunded
0bca92bb-9f32-4ef7-8a51-0bfa2231e870,CUST0435,2026-01-07T06:44:00,4362.07,refunded
361a28f5-fe33-4fbf-9973-d58888da4ec3,CUST0250,2026-01-07T06:51:00,1918.03,pending
fd42c039-49de-494a-953c-b8ddc3d2c6f9,CUST0165,2026-01-07T06:58:00,2978.46,completed
e3f1aa12-5967-40b7-bf8b-0bd54b6fafbe,CUST0349,2026-01-07T07:05:00,786.3,cancelled
32418991-55d1-40cd-9859-1a67c4c57b34,CUST0259,2026-01-07T07:12:00,3128.87,processing
ef192b7a-37a8-4d28-8461-9b4856e2e638,CUST0212,2026-01-07T07:19:00,800.84,pending
bf230ea8-c11b-4159-87e5-3e0bce775703,CUST0077,2026-01-07T07:26:00,3759.04,refunded
347a33bd-39b0-41a4-99f0-7414fcc2e39e,CUST0403,2026-01-07T07:33:00,1043.48,completed
01e07ff1-d753-4915-a850-c30d7d001516,CUST0047,2026-01-07T07:40:00,583.54,pending
25a0d925-f1fa-43ed-ad32-e9c80b7e77d2,CUST0416,2026-01-07T07:47:00,4588.87,cancelled
d1b68aa9-f350-4734-ba14-d1805ff93b4c,CUST0418,2026-01-07T07:54:00,4464.8,pending
9753e7ff-1d84-4381-a9c7-63f219e24513,CUST0336,2026-01-07T08:01:00,3746.72,refunded
b08f2638-b3a6-4960-92b0-5870b1716ccb,CUST0258,2026-01-07T08:08:00,2204.57,pending
38ef4f90-b051-4c8b-a4ae-03814c6fa341,CUST0081,2026-01-07T08:15:00,635.84,completed
4498622b-b871-491e-88fc-224a53dd2bdf,CUST0319,2026-01-07T08:22:00,4941.65,refunded
3ebf42d7-5064-429c-8511-aabaea40ee8f,CUST0109,2026-01-07T08:29:00,4348.1,cancelled
f7b3ff52-75b0-49be-af24-e0b84d077bf3,CUST0391,2026-01-07T08:36:00,2692.59,cancelled
fe925ebc-a3b6-4619-aa80-beccc05ef63a,CUST0425,2026-01-07T08:43:00,2318.14,pending
280a2834-d819-4c38-9c4e-e5f5e4adfa6f,CUST0053,2026-01-07T08:50:00,2986.32,refunded
6dcc12d7-9358-491d-ac42-982bc795519b,CUST0405,2026-01-07T08:57:00,935.67,refunded
e9b7c495-f92a-43cb-aca1-4915ee8f90a8,CUST0131,2026-01-07T09:04:00,3382.73,pending
21d9e7c3-cac9-4e26-a1ee-bc419746bd36,CUST0176,2026-01-07T09:11:00,2560.09,refunded
d129e615-ca0a-422a-9b45-d1c1c2559e3d,CUST0289,2026-01-07T09:18:00,3790.01,refunded
52d3b352-4c15-4a79-a07b-37655648b43f,CUST0344,2026-01-07T09:25:00,752.07,pending
f050a5e7-3c63-49ea-acd7-c6831a367bd8,CUST0477,2026-01-07T09:32:00,84.95,completed
0758da19-4d73-4ed8-bc18-9146a7d8c31e,CUST0134,2026-01-07T09:39:00,406.83,cancelled
5f87bd1a-6b35-445f-85ba-b2e3ef92f225,CUST0372,2026-01-07T09:46:00,1232.03,cancelled
656cd42e-63fb-4487-b3a2-d57b4497cd93,CUST0046,2026-01-07T09:53:00,1604.96,processing
4ae34516-4de5-420b-8fd3-cfbd3ad00695,CUST0080,2026-01-07T10:00:00,1467.03,pending
25db859a-de89-43b1-ab84-d6cb0eac28e9,CUST0235,2026-01-07T10:07:00,141.72,refunded
1e88d55a-8f8b-4e82-9095-17d3ab58ecb0,CUST0389,2026-01-07T10:14:00,4683.8,completed
c19e14a4-54cb-4232-8b16-e69d107cb575,CUST0432,2026-01-07T10:21:00,1005.14,cancelled
6f8a8862-4a9d-4ca7-8946-565e9e5ce2d9,CUST0421,2026-01-07T10:28:00,2468.38,processing
f7e8fd1c-25ef-4794-a61e-6c9fe860ba8f,CUST0411,2026-01-07T10:35:00,4357.38,completed
e2014fee-89aa-4f6e-b99d-a29c11610ea8,CUST0295,2026-01-07T10:42:00,4227.87,completed
95e6037c-ee6f-497a-bbca-25295a751983,CUST0013,2026-01-07T10:49:00,526.14,cancelled
7afd6730-66d5-4aaf-98db-568aeeba61ed,CUST0129,2026-01-01T01:07:00,75.00,not_a_real_status
d8b1efc7-4c98-4977-8421-18905b1e530c,CUST0100,2026-01-07T10:56:00,4238.91,processing
24f530ea-54f1-45f6-a332-0ed9c69f8aff,CUST0327,2026-01-07T11:03:00,4170.35,cancelled
8caec976-13a6-4687-b8f6-2136280f8837,CUST0019,2026-01-07T11:10:00,1580.33,processing
c80e2d5c-690b-41ad-8e1b-e2df6f07fd4f,CUST0472,2026-01-07T11:17:00,1822.55,cancelled
9a618103-ce11-49d3-adc4-972e086c88cd,CUST0425,2026-01-07T11:24:00,2975.48,processing
bed9c182-f527-40fb-a308-a18cfd93d089,CUST0062,2026-01-07T11:31:00,1964.68,refunded
7cc01913-a443-4524-ba91-52bc5e3bf744,CUST0047,2026-01-07T11:38:00,4940.66,pending
fb7b3560-a636-48f0-980d-0f82b8c93c9f,CUST0200,2026-01-07T11:45:00,376.14,processing
64946bbf-7f1a-40a2-8cff-b5fd4eea244c,CUST0477,2026-01-07T11:52:00,1731.51,completed
f6d1bcef-20b4-4c57-b7dd-756fa4e108f7,CUST0475,2026-01-07T11:59:00,2645.71,processing
4ab86690-9fc0-42cb-93dd-d524cf808a5f,CUST0245,2026-01-07T12:06:00,3932.94,cancelled
ec9637ea-79f5-491e-8e9b-8f2f21d92128,CUST0274,2026-01-07T12:13:00,109.63,completed
899655f1-c3d7-42de-a1f0-d0b7f72f6eba,CUST0498,2026-01-07T12:20:00,3418.05,pending
c2c49d92-4cf2-4b70-8f48-f9d8c0215200,CUST0427,2026-01-07T12:27:00,2510.28,cancelled
ba3a0138-94cc-470b-a6a4-e874d2ebb394,CUST0013,2026-01-07T12:34:00,4338.4,processing
e94eb259-ee4e-4ac5-b437-26e0b8e4472c,CUST0101,2026-01-07T12:41:00,1822.58,refunded
b8c90338-dc51-4160-b159-8674f740a03c,CUST0123,2026-01-07T12:48:00,888.04,completed
4b514800-3906-4f25-a596-a2bd82c305a5,CUST0344,2026-01-07T12:55:00,4443.08,cancelled
af596d64-29c8-4d0b-a1ab-28449df3943d,CUST0333,2026-01-07T13:02:00,1109.78,completed
d59c5733-a26f-442b-8b36-cbd6f755bbda,CUST0261,2026-01-07T13:09:00,808.83,processing
eda85a8f-89ff-4f11-a3f7-e75d4e40d8f1,CUST0469,2026-01-07T13:16:00,3009.3,processing
3ad2dbb4-dabf-491c-9c3f-c82be9e8da11,CUST0459,2026-01-07T13:23:00,1884.05,cancelled
492cf616-d436-401c-857a-d800f1c1efa9,CUST0218,2026-01-07T13:30:00,3719.12,pending
0292fe83-0591-41a6-9372-763c381a07fa,CUST0398,2026-01-07T13:37:00,330.26,refunded
c7e064c1-fa6d-464f-b9f5-7c1e0347fb0e,CUST0239,2026-01-07T13:44:00,457.62,refunded
a7eda755-d8f7-4ee9-8c36-04af9193e11e,CUST0076,2026-01-07T13:51:00,2011.82,pending
7c78bc8c-6126-4964-9a3f-b86eef1d2081,CUST0167,2026-01-07T13:58:00,4889.36,refunded
be1aca62-ee8e-4a4e-894f-1c55ec03015f,CUST0456,2026-01-07T14:05:00,4491.79,cancelled
65f935cc-f16a-4f7f-9397-2dd11e9aa65c,CUST0150,2026-01-07T14:12:00,3508.57,completed
11334aaf-9fd5-48db-b1e3-c35a12fbcd0f,CUST0288,2026-01-07T14:19:00,899.89,completed
36d9d5a9-1416-46ec-bf65-939705b15d49,CUST0401,2026-01-07T14:26:00,1410.51,completed
59166d4a-9438-4605-b265-dbcb7e678ee2,CUST0463,2026-01-07T14:33:00,363.29,processing
37d88749-87a6-4780-b81c-05a4b5f80db9,CUST0129,2026-01-07T14:40:00,3278.46,refunded
54270d83-aea6-47cf-aa6f-9d2a42ccb227,CUST0479,2026-01-07T14:47:00,58.55,processing
abb84f47-4bc6-4e26-83a3-328ff31ca48d,CUST0075,2026-01-07T14:54:00,4857.5,completed
114c29da-9236-410f-8340-dfabaf065732,CUST0152,2026-01-07T15:01:00,2864.22,cancelled
6f4186ab-8215-40d5-9be2-4e3535c8ff7b,CUST0256,2026-01-01T01:27:00,75.00,not_a_real_status
91bef9b1-d649-4576-b06e-71eab23ad399,CUST0485,2026-01-07T15:08:00,537.39,completed
014ce017-491b-4c52-8d45-d4fac2512554,CUST0173,2026-01-07T15:15:00,507.57,completed
bcc0c44c-c77d-4f99-8ded-82957d14c543,CUST0286,2026-01-07T15:22:00,3978.4,completed
67891769-aa26-4706-b4c4-4fd0218858d7,CUST0115,2026-01-07T15:29:00,1771.09,processing
34ea41a0-e324-49c0-942e-47ff8e614d25,CUST0259,2026-01-07T15:36:00,4069.51,processing
ec6b3880-ab44-4b58-b2f0-b015ee7eb7ce,CUST0198,2026-01-07T15:43:00,4207.73,processing
a0d7630d-b778-4fa1-9d38-c18a77bee4a6,CUST0195,2026-01-07T15:50:00,4183.27,processing
d3bbdc28-9093-4090-b20f-9fe612d59477,CUST0239,2026-01-07T15:57:00,3565.86,completed
5d2b695a-76ba-44e1-bf9a-11f239890e94,CUST0264,2026-01-07T16:04:00,2940.2,processing
8db66bda-16d9-4b03-9e51-901959bc2850,CUST0171,2026-01-07T16:11:00,2686.42,processing
d528ec58-24b3-4703-a79f-1c9bef6673c3,CUST0062,2026-01-07T16:18:00,1853.92,pending
fd19b512-61a0-4be8-8abf-e114a200addc,CUST0181,2026-01-07T16:25:00,4523.96,pending
2c9bfea5-dd51-43fe-8c82-9081040e07db,CUST0295,2026-01-07T16:32:00,3982.43,completed
7d3c6026-48ab-446c-a0b5-55262d06ad71,CUST0257,2026-01-07T16:39:00,510.25,completed
2da18b30-7cbc-4b07-bd6b-4025ee00c244,CUST0185,2026-01-07T16:46:00,3190.0,completed
8d3edd63-8ef4-4c89-83fc-d2042218f0f3,CUST0476,2026-01-07T16:53:00,4283.75,completed
ea591f35-c010-472a-bb9c-48a4396851a3,CUST0136,2026-01-07T17:00:00,1428.64,completed
fa7569e2-47db-4a15-949c-bc29242dac5c,CUST0366,2026-01-07T17:07:00,4686.11,processing
3e2d9124-0743-4798-aff6-6f093b518d53,CUST0310,2026-01-07T17:14:00,1327.89,refunded
e6031613-17d6-4ce4-8387-1e985f1d1a51,CUST0195,2026-01-07T17:21:00,1540.15,cancelled
12b5f82c-6724-478a-8d51-39d392014690,CUST0032,2026-01-07T17:28:00,2939.29,cancelled
1758dd9c-b06a-47ad-97d5-6cc3cead8f74,CUST0060,2026-01-07T17:35:00,2367.22,cancelled
ed18f462-544d-4759-9c96-ece8a9cd0235,CUST0176,2026-01-07T17:42:00,2397.47,processing
37063f1a-1b2c-4432-b222-a6f581eebee5,CUST0144,2026-01-07T17:49:00,673.53,pending
a7041819-d22a-42a9-8a56-a2566d1d590f,CUST0207,2026-01-07T17:56:00,2920.28,completed
c78ffb42-437e-4cf2-9002-6e75d9562a42,CUST0240,2026-01-07T18:03:00,4457.92,pending
f998a661-93e7-4b3a-8e95-422226b33325,CUST0435,2026-01-07T18:10:00,3002.19,processing
9f2d3212-8b5e-48ec-9403-d6bbbf2651b1,CUST0374,2026-01-07T18:17:00,3288.36,refunded
0eb927c8-4968-4022-ad5e-0eda6fa7d45d,CUST0274,2026-01-07T18:24:00,669.05,cancelled
e65899b7-a709-40a7-8eda-b7753e8657fd,CUST0443,2026-01-07T18:31:00,1659.35,pending
3a98b7dd-5a36-4f2f-ba8a-99f1420791a3,CUST0082,2026-01-07T18:38:00,2746.41,completed
c4856384-9bc7-41e2-9b4e-bcbac70b3753,CUST0170,2026-01-07T18:45:00,4003.79,cancelled
087b96b5-3602-4a94-bcfc-4a38389009af,CUST0049,2026-01-07T18:52:00,1608.27,pending
1f83505a-2d00-43e2-bc2a-eb14729b015a,CUST0032,2026-01-07T18:59:00,2405.36,pending
0cad2000-49bc-4094-b1d7-e43013467c38,CUST0170,2026-01-07T19:06:00,1985.57,refunded
1ba7d5e5-8c7e-404b-ba88-ba97de93cae8,CUST0203,2026-01-07T19:13:00,451.84,completed
b7d3f0ac-89b6-46c6-a47d-4fc584f7389b,CUST0499,2026-01-07T19:20:00,1375.64,completed
02c90edb-9718-4d99-8397-7d70fff40b70,CUST0161,2026-01-07T19:27:00,4487.16,cancelled
f1bde8b8-f0f7-4f5b-9f4f-ec8146e94e78,CUST0164,2026-01-07T19:34:00,776.83,pending
58477b14-13db-464b-9f44-d39116633c28,CUST0475,2026-01-07T19:41:00,2016.85,cancelled
fa81ac15-3224-4008-8e69-a63b79f65edb,CUST0003,2026-01-07T19:48:00,1681.18,cancelled
25484283-a13d-4c0d-bb0c-8428859c3db6,CUST0164,2026-01-07T19:55:00,747.15,refunded
65f68be7-e959-47d4-977d-e2c9bd500142,CUST0142,2026-01-07T20:02:00,1059.08,completed
1ab7bcb0-9aee-4ca1-a764-d4280b25d957,CUST0497,2026-01-07T20:09:00,1695.11,refunded
135ada9d-7343-47c0-8335-5e0ec55e5f5f,CUST0049,2026-01-07T20:16:00,4073.95,processing
d7e30463-6f79-43d5-ae7b-00655f367cfa,CUST0329,2026-01-07T20:23:00,2415.32,completed
d8735f9a-0e47-44b1-b4e0-7861d2998bc1,CUST0074,2026-01-07T20:30:00,4978.02,cancelled
57d004f9-9f87-4d27-9d5e-eeec0fd20330,CUST0025,2026-01-07T20:37:00,1223.75,processing
1753810e-db6e-4ab9-b21e-b4adcd0c56b1,CUST0445,2026-01-07T20:44:00,1041.99,pending
d0508336-6745-4dd8-ae22-34ea93479f1d,CUST0256,2026-01-07T20:51:00,1287.05,processing
513cf0f0-957e-49f5-83f2-045ec300afba,CUST0120,2026-01-07T20:58:00,1603.38,pending
6e0524db-2bb2-4b52-a2d5-a29c1d1a26de,CUST0448,2026-01-07T21:05:00,1242.56,pending
7aa7a496-28a0-4c12-a175-fca112bd6e1c,CUST0207,2026-01-07T21:12:00,4198.97,cancelled
31cb6a0f-749e-4d78-a512-b314f94992ba,CUST0106,2026-01-07T21:19:00,1584.32,processing
5ed23743-8001-4d7f-a006-9b7378866dfa,CUST0352,2026-01-07T21:26:00,51.23,refunded
d8df9aa6-3b7a-4124-b78a-8fa990ea39ab,CUST0353,2026-01-07T21:33:00,2223.37,cancelled
45e0e087-af33-484c-a515-94a23f5995f5,CUST0490,2026-01-07T21:40:00,2246.55,pending
a8a28805-9f01-47ac-949e-9a9bba37098f,CUST0061,2026-01-07T21:47:00,4303.94,completed
fa219e5a-85db-4847-91ba-e7303db5c8a2,CUST0124,2026-01-07T21:54:00,1225.15,processing
487af70b-5329-49a5-9bbf-4fd997629890,CUST0279,2026-01-07T22:01:00,4141.38,completed
2c667154-9406-4310-81ec-7a24127b9800,CUST0358,2026-01-07T22:08:00,815.49,pending
e07a4c5a-1115-4bf7-bb24-000d096fd56c,CUST0322,2026-01-07T22:15:00,4952.25,processing
ef5f5ba4-404e-40aa-ab4c-816cb5690d77,CUST0378,2026-01-07T22:22:00,37.79,cancelled
abd1e168-d15a-4b27-af4b-c71411e5927e,CUST0290,2026-01-07T22:29:00,2703.59,refunded
f154b48e-b6f6-4374-b38c-6a29fb7f8d93,CUST0264,2026-01-07T22:36:00,3520.78,cancelled
a47342b7-542f-4034-b96c-4eb099c3b378,CUST0247,2026-01-07T22:43:00,1998.63,completed
cbfd5072-8194-461e-8c4e-fe38ee1c6f40,CUST0184,2026-01-07T22:50:00,3574.47,processing
84da8fa4-bc49-451b-a0b6-203e9b21bd74,CUST0167,2026-01-07T22:57:00,124.08,completed
134916b4-6474-4b39-9e05-15ea6cad6b60,CUST0075,2026-01-07T23:04:00,4753.23,refunded
9ed2a0c1-90cf-4b6c-97f2-ee9e1d347313,CUST0292,2026-01-07T23:11:00,610.45,completed
6eb1fd51-db2b-4a5f-ba06-5e6d436b2a87,CUST0465,2026-01-07T23:18:00,3917.25,completed
4b8385b0-b1d0-4c1f-9e17-751399c174ed,CUST0225,2026-01-07T23:25:00,3434.13,completed
5f6803e9-afcd-409e-9db4-8321c08fd7ea,CUST0437,2026-01-07T23:32:00,1759.6,processing
4ad48b6d-f871-4af1-920f-c0542c2aa8f7,CUST0001,2026-01-07T23:39:00,1398.4,refunded
649f444d-2712-4cd9-9a51-da1ab4a6b0e9,CUST0136,2026-01-07T23:46:00,2817.84,processing
abe68969-8008-4dd3-8220-d8c2d5706623,CUST0182,2026-01-07T23:53:00,899.47,refunded
f31e9bc5-0728-4173-85e9-4ad3605e7b2a,CUST0104,2026-01-08T00:00:00,2224.92,completed
ed26f6a4-e1db-4b85-9f03-7ab58f539b77,CUST0291,2026-01-08T00:07:00,1118.44,processing
0228a63b-5fce-452b-b2dd-752823a73807,CUST0135,2026-01-08T00:14:00,4609.34,pending
8553b36c-19e5-42dd-92fa-fe558e17818e,CUST0090,2026-01-08T00:21:00,1762.44,pending
c4ea4d6c-2374-4d8b-b5a0-1d289a17d8bd,CUST0087,2026-01-08T00:28:00,1909.05,cancelled
06e69cfa-58fa-42d3-acb1-df19dd3abcfe,CUST0303,2026-01-08T00:35:00,4908.96,pending
e7b43afb-4d00-4f61-8bae-16f6963fa9fd,CUST0204,2026-01-08T00:42:00,1122.69,cancelled
92d0772f-25d3-490c-90b1-4cd3a83d2711,CUST0154,2026-01-08T00:49:00,4304.23,cancelled
0c748f1e-12a7-4b09-943b-2ae6d438ba1a,CUST0020,2026-01-08T00:56:00,1847.25,processing
f0279b70-7fb9-44fb-b53d-902c763ea005,CUST0285,2026-01-08T01:03:00,318.39,refunded
4c9cadfb-80b8-488e-840a-112a72a7d8db,CUST0448,2026-01-08T01:10:00,260.29,processing
8994ddc7-ec85-4a58-92f5-56b94371e866,CUST0188,2026-01-08T01:17:00,17.79,completed
9005aa9f-99eb-4bc1-a82c-2c38ec09896b,CUST0119,2026-01-08T01:24:00,4753.4,completed
9f1018cc-468d-4c43-8c1f-e112e4f53cd5,CUST0177,2026-01-08T01:31:00,3766.2,completed
7051a067-c01e-42ca-9060-c15feaa6157a,CUST0205,2026-01-08T01:38:00,2425.37,refunded
c9662a13-c0dd-48a7-a473-495d23a642f7,CUST0027,2026-01-08T01:45:00,731.53,pending
585fc23c-4596-4fa8-8172-f57136f40e46,CUST0077,2026-01-08T01:52:00,2512.16,refunded
9ae9cfb0-6e1f-49b8-96f8-e7085ac6e459,CUST0207,2026-01-08T01:59:00,3566.27,pending
a32de413-4967-478a-9cbe-9cb95d8945a2,CUST0330,2026-01-08T02:06:00,3176.52,refunded
ffcf0225-0e3a-4fd6-8379-f8cae93adec1,CUST0182,2026-01-08T02:13:00,3890.48,cancelled
51134843-a8e7-49ff-8e90-db250de47e53,CUST0110,2026-01-08T02:20:00,4283.26,completed
f2efaaab-d67c-4c74-9d80-de6592040cad,CUST0419,2026-01-08T02:27:00,2182.46,refunded
b4f6e853-043e-4125-92e4-06deb46996d0,CUST0211,2026-01-08T02:34:00,1460.56,completed
441ab698-49f0-4606-bda1-267752f74770,CUST0055,2026-01-08T02:41:00,4785.56,cancelled
35fd193f-212f-4108-9816-a91742ceba95,CUST0447,2026-01-08T02:48:00,1202.7,pending
66850cee-45b1-4d14-91bf-07e481b43487,CUST0090,2026-01-08T02:55:00,3669.37,processing
68e4df9f-cbce-4f84-b5b7-7f516071af06,CUST0352,2026-01-08T03:02:00,1138.92,processing
63722d89-74fa-4a3e-b961-e4586420cef2,CUST0059,2026-01-08T03:09:00,2830.58,pending
7c114b86-498e-49e6-ad97-a32bd1fdcdc6,CUST0319,2026-01-08T03:16:00,2750.99,completed
fa092663-6c30-45e5-8612-68636926b089,CUST0339,2026-01-08T03:23:00,4460.92,cancelled
cfa60a34-871e-4956-bb99-2002c3bfa2aa,CUST0010,2026-01-08T03:30:00,795.15,cancelled
6cd84486-0bf4-48d8-b43e-2ff642bd831e,CUST0359,2026-01-08T03:37:00,2735.2,completed
51f027ae-eea6-4b19-b920-a69bbb384910,CUST0382,2026-01-08T03:44:00,2159.64,pending
0a942c1c-18d9-4fba-a4a9-7a17178dc4e8,CUST0315,2026-01-08T03:51:00,4385.78,completed
dd47b3b0-9dc0-48dd-bbe9-35fc2dcf63e8,CUST0420,2026-01-08T03:58:00,393.98,processing
0872fb5b-7b14-46d5-a6a5-fd995f68a01e,CUST0111,2026-01-08T04:05:00,1661.86,processing
707713d4-98e6-484c-a37c-3aec2676f48e,CUST0430,2026-01-08T04:12:00,141.81,cancelled
4533e7a6-ccf4-4073-ae45-6647cd98dd6d,CUST0389,2026-01-08T04:19:00,895.77,refunded
2f632ab6-bbe6-439d-b2c3-13922546f2c5,CUST0384,2026-01-08T04:26:00,4837.26,pending
b242389d-ad7a-46bb-8a41-45e9d9e56de4,CUST0266,2026-01-08T04:33:00,795.46,pending
5a72d52b-6a76-465f-9d56-67f0e716e9f2,CUST0012,2026-01-08T04:40:00,1256.46,refunded
1ff0bdac-1ce8-45f0-bd5d-fcb99c8a5a85,CUST0243,2026-01-08T04:47:00,3536.86,refunded
60781aa4-246a-4300-8092-fc77513a3139,CUST0252,2026-01-08T04:54:00,2213.44,completed
a8418441-cecc-49a1-add0-3d48df40d812,CUST0331,2026-01-08T05:01:00,1968.61,completed
4fd696d2-5597-4ac6-af70-836704f6027e,CUST0383,2026-01-08T05:08:00,2361.54,completed
a72f50e5-9365-4af5-8e81-9beeafbd51a4,CUST0276,2026-01-08T05:15:00,3735.87,refunded
6920c36f-7e41-4efd-bc77-9c0a9dd9d83f,CUST0291,2026-01-08T05:22:00,1220.59,pending
6f14e2bf-26b6-49a8-a2d1-6e065fb4b69f,CUST0444,2026-01-08T05:29:00,4749.75,processing
518f6cae-45a0-43b1-a812-d972cd71d750,CUST0193,2026-01-08T05:36:00,3866.93,pending
ab67609b-37f7-472a-80a4-b3d4dd7cbb2a,CUST0017,2026-01-08T05:43:00,2063.54,pending
7cc9c7f7-5fc9-452f-a5ac-4f295e479f14,CUST0142,2026-01-08T05:50:00,3006.9,pending
e7bd04e9-2eda-4ad9-838c-f059dd32552e,CUST0155,2026-01-08T05:57:00,4822.6,completed
8b9aa180-3a08-4113-9969-b647ddd13a56,CUST0324,2026-01-08T06:04:00,423.77,pending
cb26d58f-32d5-4742-bf69-d926bb17eb62,CUST0338,2026-01-08T06:11:00,4959.54,pending
2bf7c0be-0c04-40ce-b812-44fe42acbc5f,CUST0393,2026-01-08T06:18:00,4229.44,refunded
7cd244de-8032-4dcd-80c9-f7b38143b38d,CUST0002,2026-01-08T06:25:00,95.61,processing
866aa5f0-fea5-4d6d-8a53-867749bba6f9,CUST0490,2026-01-08T06:32:00,3924.44,completed
64682d8e-ae33-4344-a199-d8292cf46cbd,CUST0451,2026-01-08T06:39:00,4174.65,refunded
2a395017-73b7-4cf7-b5aa-37b06136a2eb,CUST0063,2026-01-08T06:46:00,4870.57,pending
46a16f42-afd1-47bc-8ed1-ee118ae994fa,CUST0046,2026-01-08T06:53:00,4819.84,processing
afed4079-a40f-4b86-ae8a-b6def719daad,CUST0454,2026-01-08T07:00:00,3696.51,cancelled
562fcc21-6439-4597-a3ee-b0ef94e1e389,CUST0116,2026-01-08T07:07:00,3606.64,pending
5a35e573-2bcb-451f-8d67-aeff106ab9fc,CUST0259,2026-01-08T07:14:00,4218.53,refunded
088046d1-c79d-4881-a194-72de1b58bdfe,CUST0346,2026-01-08T07:21:00,1994.43,cancelled
377ea0f9-c094-4013-ba70-cacb77c22162,CUST0075,2026-01-08T07:28:00,1007.77,completed
06f6be59-f78e-4792-bfbf-0a5d7ca56c01,CUST0411,2026-01-08T07:35:00,3215.48,cancelled
40a93bea-7e9c-496c-8ad7-ffa26a4de351,CUST0344,2026-01-08T07:42:00,2534.33,completed
7cd690c9-82f6-44f8-b6f5-2a3fd31acd40,CUST0074,2026-01-08T07:49:00,2362.07,cancelled
736e26c9-e446-488e-a44b-995f9d754d0c,CUST0123,2026-01-08T07:56:00,3127.88,refunded
5f52745d-3dfa-44ca-8c1f-ebc0e62ede3f,CUST0216,2026-01-08T08:03:00,2844.97,pending
ad662821-2883-4d9b-8b62-2a8fbb22d0a0,CUST0158,2026-01-08T08:10:00,1572.92,cancelled
603c52b4-7107-4673-bfe5-0cfef148a3a4,CUST0143,2026-01-08T08:17:00,2601.23,refunded
c074cc10-96d6-4fa3-824d-a92479ffb215,CUST0446,2026-01-08T08:24:00,4710.65,pending
bdc74f98-48d5-4b2f-90f2-74abdd15be56,CUST0370,2026-01-08T08:31:00,1284.51,completed
e5acd002-407b-4aee-b43f-e6981731a786,CUST0380,2026-01-08T08:38:00,2733.72,pending
9e9db020-4297-44f0-822a-41b551ee5316,CUST0001,2026-01-08T08:45:00,789.37,processing
8bda225a-7f8f-4a73-a4e6-eb4558cf3c2d,CUST0419,2026-01-08T08:52:00,2664.08,refunded
348455d7-36ee-42c3-824c-cf64875ef685,CUST0089,2026-01-08T08:59:00,4485.51,cancelled
754adbe0-ca9b-4bcd-8865-7395c94662d5,CUST0383,2026-01-08T09:06:00,2611.21,processing
e74ced27-33d8-4f62-a5a3-e42713dde1a6,CUST0264,2026-01-08T09:13:00,2611.08,completed
35a0dc93-2aa4-456b-b2cc-504ee7722780,CUST0449,2026-01-08T09:20:00,3906.16,cancelled
025ead17-95d0-4182-b2ce-e0a5bfc7fae4,CUST0334,2026-01-08T09:27:00,3981.02,pending
260c484a-731f-4c88-a377-3e4ad6c0a1fd,CUST0187,2026-01-08T09:34:00,646.04,cancelled
9aee6505-2653-4d76-9149-80326b727048,CUST0047,2026-01-08T09:41:00,2142.77,refunded
e2aa5bab-3fe7-4a4f-8a78-99a77f07eb8e,CUST0150,2026-01-08T09:48:00,4195.42,pending
cd49d7f4-1424-4feb-9ceb-96ab6a56cf63,CUST0257,2026-01-08T09:55:00,3942.03,pending
da638a7e-8510-4227-ab25-222d4014f0b3,CUST0479,2026-01-08T10:02:00,4908.47,completed
44ced07f-92c1-49c8-b27e-0fe0ecf03738,CUST0082,2026-01-08T10:09:00,1996.45,cancelled
df0867f3-1ce6-4030-85d1-c9cc220264b1,CUST0402,2026-01-08T10:16:00,3659.36,cancelled
1064d061-1dc8-4d6a-a9a4-433e5c3686a1,CUST0207,2026-01-08T10:23:00,1736.85,processing
2ca0c27d-8760-482c-a40c-14901159b31e,CUST0233,2026-01-08T10:30:00,4540.7,refunded
a2a9b132-ef79-4874-823a-787fb3fe0444,CUST0267,2026-01-08T10:37:00,729.7,processing
0fccab78-6c34-4a40-bfe9-94c22546214d,CUST0210,2026-01-08T10:44:00,2255.01,completed
3241956f-e759-44b2-bb35-6abd4eecde41,CUST0336,2026-01-08T10:51:00,1537.33,refunded
ff8a1d6d-001f-42f1-bf33-4e313d6fcbaf,CUST0271,2026-01-08T10:58:00,4237.93,pending
f5c652e0-019e-495f-8db3-e604d7d817b7,CUST0391,2026-01-08T11:05:00,2620.76,processing
4c1e8140-d9c2-471e-8675-7ad717f1ce9e,CUST0047,2026-01-08T11:12:00,2255.18,processing
f751c86c-d85f-4742-afab-2887730f0452,CUST0032,2026-01-08T11:19:00,4221.98,pending
6a92c359-7c4d-4d74-b16c-1a7cc863a4d2,CUST0152,2026-01-08T11:26:00,3642.6,cancelled
d793e065-2146-4d0b-a343-297b1b3f63ea,CUST0489,2026-01-08T11:33:00,1625.16,completed
3ae331dc-6910-40c5-9044-e52aaa195c79,CUST0089,2026-01-08T11:40:00,3954.06,processing
fc646a71-7dd3-4ea4-b406-ddce885b0130,CUST0170,2026-01-08T11:47:00,3069.64,cancelled
96600695-6300-431d-8efc-63f3202c1d22,CUST0027,2026-01-08T11:54:00,3334.58,pending
c8661cff-d18a-4b87-81db-16ece15f8bb4,CUST0216,2026-01-08T12:01:00,226.85,cancelled
01d3f30a-bd01-43a4-94d8-a528dad214ff,CUST0338,2026-01-08T12:08:00,4503.65,completed
2e5a2305-190b-4968-b7bb-56965378a476,CUST0054,2026-01-08T12:15:00,3889.44,processing
2caa4dd4-5fd7-4978-8d81-56982ad75771,CUST0453,2026-01-08T12:22:00,1249.06,cancelled
45fa5ecf-8d8d-4cde-b7d5-8f363c8ccf1e,CUST0155,2026-01-08T12:29:00,805.95,cancelled
60ed4d4d-a307-4cde-8e70-2ed5c1a80efe,CUST0325,2026-01-08T12:36:00,3269.29,processing
1b1232f6-5098-4f21-97dd-080e46576627,CUST0370,2026-01-08T12:43:00,2837.36,refunded
38f00dc4-0ec0-4e1b-9512-10a8521ee3b1,CUST0041,2026-01-08T12:50:00,4982.39,completed
0328dd58-0af1-49de-b9e2-99a4e4b72cda,CUST0311,2026-01-08T12:57:00,2099.44,processing
461d8798-cbd6-4767-9f15-dcedbae9c5d1,CUST0251,2026-01-08T13:04:00,4246.69,cancelled
e4d39ddc-f77b-4080-83d6-053e2f6970f8,CUST0118,2026-01-08T13:11:00,4727.55,processing
3a885ee5-c493-4c53-9b90-da3e8dc5b544,CUST0307,2026-01-08T13:18:00,2318.16,completed
aee0e676-3182-4c91-b9f8-75ad2e2ec571,CUST0143,2026-01-08T13:25:00,389.55,completed
b8fed91b-2a31-4eda-855f-c98d96d8132f,CUST0162,2026-01-08T13:32:00,1313.11,processing
18c015e9-d0ff-4b86-9910-42143cb3d4af,CUST0160,2026-01-08T13:39:00,1072.73,cancelled
25876186-6955-41e9-8557-d2769f1845f3,CUST0198,2026-01-08T13:46:00,4766.6,processing
1fc8fe55-3857-4601-bc8c-9288dbc9c616,CUST0172,2026-01-08T13:53:00,2415.65,completed
ab0bd65f-4524-4d4a-b041-9baf532144d7,CUST0195,2026-01-08T14:00:00,3675.03,refunded
887149eb-6a7f-475d-b143-664569a21c78,CUST0060,2026-01-08T14:07:00,3831.63,refunded
5f61adcb-dd2e-4a0a-bd84-ab1826fc0177,CUST0137,2026-01-08T14:14:00,3996.52,completed
c866b2e6-6421-41c4-9b58-3571b9718824,CUST0271,2026-01-08T14:21:00,949.94,refunded
c9070198-79af-4dbe-8e99-7cf9879f09d9,CUST0246,2026-01-08T14:28:00,385.33,cancelled
3db54b36-ef08-462a-acf6-7b651027b31a,CUST0037,2026-01-08T14:35:00,3631.67,completed
cdd77b7c-bbbe-4512-9bed-9713e8fa3840,CUST0200,2026-01-08T14:42:00,2152.73,processing
9c209467-1283-4e12-81b2-0136f3868021,CUST0422,2026-01-08T14:49:00,2621.82,cancelled
dffee54d-c702-4a7e-9d8e-a3f7e9e80787,CUST0285,2026-01-08T14:56:00,2003.93,refunded
2e36ef5d-75eb-4572-89c9-3e18530ec335,CUST0488,2026-01-08T15:03:00,4248.76,cancelled
2a1f1acd-7174-4a77-99a1-bed4e3bf5b9e,CUST0168,2026-01-08T15:10:00,483.79,cancelled
61a455b5-479e-4603-b900-7f4fb4369f58,CUST0003,2026-01-08T15:17:00,2556.49,processing
4d106adb-4b76-4819-8dd6-404abdf5144f,CUST0331,2026-01-08T15:24:00,1347.21,processing
9219c49f-9176-4524-b618-db6b3186eacf,CUST0208,2026-01-08T15:31:00,3226.51,processing
89e13035-a72c-4058-8101-7fce906f35c4,CUST0288,2026-01-08T15:38:00,753.26,completed
b28fb394-9192-4341-bed6-e95bc04abfd3,CUST0450,2026-01-08T15:45:00,359.97,cancelled
4f595eb8-454a-4fad-92e9-33b18ed5cf6d,CUST0480,2026-01-08T15:52:00,1894.64,pending
c936327f-1f59-481d-bf59-e764c7f54fd7,CUST0035,2026-01-08T15:59:00,4384.24,refunded
87d0885b-d44b-4b45-bedb-224926d10900,CUST0447,2026-01-08T16:06:00,1126.71,refunded
c3dfcc87-578d-4c76-ab4d-2d0a6a52e140,CUST0379,2026-01-08T16:13:00,942.56,processing
ace3bc66-d7a1-46b7-a459-7ad65793cfde,CUST0306,2026-01-08T16:20:00,1334.0,pending
874ea095-d43d-4ec3-bac1-04b454fcbbee,CUST0079,2026-01-08T16:27:00,452.17,completed
194bb813-f5c9-4b79-a6f3-835b7bb9b9e0,CUST0136,2026-01-08T16:34:00,1934.74,processing
687cfb51-6e0e-4467-85cf-ecd8b5a0960f,CUST0247,2026-01-08T16:41:00,2918.49,pending
d17dbf3a-f4d4-451f-9afb-dfa738a9d6c3,CUST0436,2026-01-08T16:48:00,1683.7,completed
23d538ec-84f8-48d7-bd04-26a15b663966,CUST0056,2026-01-08T16:55:00,392.24,processing
5511c2c8-cce5-4832-8ce0-653c6cfc4ab2,CUST0284,2026-01-08T17:02:00,4398.85,pending
9f2dc517-8898-4df5-b0b1-c331d1091fcf,CUST0403,2026-01-08T17:09:00,3281.06,cancelled
bb306edf-fd2e-430d-8262-c9ff1d850d99,CUST0261,2026-01-08T17:16:00,631.05,cancelled
d0df36f5-a927-437a-8a76-547670a48b06,CUST0204,2026-01-08T17:23:00,342.36,pending
bd593d58-00e3-4d8f-a1b5-cffb4bf79f9b,CUST0238,2026-01-08T17:30:00,2694.22,processing
7c737769-d0bd-460c-b801-137259ad0630,CUST0172,2026-01-08T17:37:00,3513.45,pending
f8fb0510-593a-4f25-abfd-8f4b5d41d830,CUST0374,2026-01-08T17:44:00,427.66,cancelled
39520594-75a3-4cf3-a622-14aa3f7a6069,CUST0435,2026-01-08T17:51:00,222.63,processing
9d990dd9-009f-4f9e-8364-f866a7aef23f,CUST0217,2026-01-08T17:58:00,785.11,completed
ebedc38b-2a7b-4513-b972-bcfb9f948d71,CUST0059,2026-01-08T18:05:00,3362.23,processing
5703a14b-93f5-4690-9163-a60b8967f35f,CUST0374,2026-01-08T18:12:00,4359.7,pending
45808c40-5141-4332-8ace-eae9e617f47e,CUST0091,2026-01-08T18:19:00,4084.31,pending
09f210d5-ecfd-42fc-b371-24c770d52626,CUST0381,2026-01-08T18:26:00,2246.84,cancelled
e4cb6e25-4f60-4ddf-9dfc-2b635334f56f,CUST0175,2026-01-08T18:33:00,1129.4,pending
aec057e9-3d00-4d3b-b640-6bff7c9fcbbd,CUST0263,2026-01-08T18:40:00,651.23,refunded
43feb517-a4f6-49a7-b2ca-a708c80eda15,CUST0469,2026-01-08T18:47:00,894.56,cancelled
534293e1-ef09-4882-9d56-dfd9f92c8d94,CUST0068,2026-01-08T18:54:00,2592.46,pending
b5d5ef13-d23c-43c0-9bea-83b347b1a0dd,CUST0100,2026-01-08T19:01:00,112.38,pending
15d4b1d8-1a39-4e1a-83de-29b46bd00830,CUST0497,2026-01-08T19:08:00,47.29,cancelled
72806b9e-b414-49fc-ab66-6acf7d7177ce,CUST0314,2026-01-08T19:15:00,128.83,completed
91e44280-f45b-426d-ab75-d5f71dd04c51,CUST0355,2026-01-08T19:22:00,842.08,pending
888b811a-ff6b-494b-a7fb-208bf4c4e893,CUST0375,2026-01-08T19:29:00,1961.86,pending
185b39de-7eb0-433d-92d7-12f72ca385a9,CUST0142,2026-01-08T19:36:00,4431.34,pending
037259d5-46c4-4348-a128-422fbe72c51c,CUST0056,2026-01-08T19:43:00,4712.04,refunded
41a8273d-2d0b-431c-a3d2-87c6a6b27519,CUST0080,2026-01-08T19:50:00,3890.12,cancelled
7d203a1c-9d52-4e3a-940b-d2ee28b6cedc,CUST0357,2026-01-08T19:57:00,245.2,refunded
ee9fb38e-9140-4206-b091-ed7d56dabeba,CUST0068,2026-01-08T20:04:00,2093.17,refunded
7bb979e1-bef5-46f5-977b-40fa7bd00902,CUST0257,2026-01-08T20:11:00,1490.62,processing
419ccb71-d2c1-4014-b278-c891a8a231ac,CUST0483,2026-01-08T20:18:00,286.12,completed
5c11ea46-9fe3-4e08-9794-f28486c59a38,CUST0043,2026-01-08T20:25:00,1221.67,refunded
ba57d4b0-f986-402d-b498-efab41492ba4,CUST0335,2026-01-08T20:32:00,3672.6,refunded
cc8f620a-afe3-4d1a-8b3e-4d6053ecb1a8,CUST0250,2026-01-08T20:39:00,974.49,completed
61710d79-f286-426e-b57c-e95569be4333,CUST0011,2026-01-08T20:46:00,57.03,refunded
69cd654e-d17a-4e86-bffd-420514c8a0cd,CUST0457,2026-01-08T20:53:00,530.12,processing
4c2ca764-658b-42a0-83eb-9b9693f6c28a,CUST0214,2026-01-08T21:00:00,4896.14,processing
e2dfd43b-80d2-494e-a52e-feced0c40224,CUST0229,2026-01-08T21:07:00,1337.7,refunded
cac96c0a-b833-4e32-8476-4486efc9c4f3,CUST0119,2026-01-08T21:14:00,2391.53,processing
87902e17-78dc-4ca0-8a5d-e18d0cad07c5,CUST0246,2026-13-45,99.99,completed
f5c71032-26e0-4a8d-9886-7df636dfd5df,CUST0343,2026-01-08T21:21:00,1973.46,processing
550a95fc-c9cd-4f68-b8e4-536f4480aae0,CUST0062,2026-01-08T21:28:00,1307.08,processing
208947ed-e650-46da-aa46-99378ee4c002,CUST0106,2026-01-08T21:35:00,1472.1,pending
8baebe37-ead6-4d13-ba86-09717c9b4191,CUST0239,2026-01-08T21:42:00,2019.05,completed
fd33ddd0-af87-4835-aa1a-1a4432754398,CUST0224,2026-01-08T21:49:00,659.51,cancelled
da39b41d-7e23-486b-84cd-f7457dcefe35,CUST0122,2026-01-08T21:56:00,4818.59,completed
72309db0-2f3e-43e1-9ce0-3c165b892840,CUST0153,2026-01-08T22:03:00,2948.59,processing
e9acf060-dba5-4906-b304-805b8d141718,CUST0361,2026-01-08T22:10:00,42.04,refunded
a7ac8a44-72ec-4448-8a2c-30dec2aee36e,CUST0372,2026-01-08T22:17:00,3812.31,processing
a447f6e8-d427-4820-b87c-ee534fd6cd56,CUST0358,2026-01-08T22:24:00,3901.11,cancelled
546e6ef6-cf96-4229-b0d6-c3954fb43c38,CUST0372,2026-01-08T22:31:00,2968.78,pending
08f758d0-36c0-4331-8c6e-4546f6913479,CUST0197,2026-01-08T22:38:00,2138.24,pending
7788a2fb-e428-4bba-bcd5-69e2abb5cfe5,CUST0465,2026-01-08T22:45:00,557.02,pending
c331e0e9-9ca5-493f-aafb-6feb30e748c0,CUST0276,2026-01-08T22:52:00,547.74,completed
1a1b4a0c-f3d5-43ea-8db7-c3e4a99f63d6,CUST0095,2026-01-08T22:59:00,4424.92,cancelled
22b8e0d1-b40e-454d-adff-57ba5ae97613,CUST0110,2026-01-08T23:06:00,1918.44,refunded
73bee70f-06cc-49a1-bf1f-108a8eebcbe6,CUST0239,2026-01-08T23:13:00,1972.66,processing
bf9d5822-ca18-45ca-9d5a-80209eeec7ba,CUST0400,2026-01-08T23:20:00,243.87,refunded
b58a2c58-90a3-4d8f-a29a-70424b1ea0eb,CUST0411,2026-01-08T23:27:00,3397.26,refunded
917cd6b9-c004-491d-bb04-571c4868834d,CUST0204,2026-01-08T23:34:00,595.17,completed
8b501966-b1ae-46f0-a556-e84f2e8510b2,CUST0124,2026-01-08T23:41:00,1281.68,processing
ab061288-b53c-4952-babb-4c240300d76d,CUST0157,2026-01-08T23:48:00,2242.99,cancelled
a8b39a23-44ce-45ab-8850-129a973113ed,CUST0051,2026-01-08T23:55:00,3439.19,completed
90806df5-e3cd-4640-8f5e-7332410acc08,CUST0171,2026-01-09T00:02:00,1924.88,refunded
5d8d98a8-08e2-42dc-aae0-29a82a7c51b1,CUST0488,2026-01-09T00:09:00,2880.39,completed
4df807d8-7d13-415a-a43a-8b3e125e99b2,CUST0063,2026-01-09T00:16:00,4251.89,processing
41cbef37-d17b-4442-8b37-2029249649ab,CUST0259,2026-01-09T00:23:00,58.82,processing
2abe3ef4-3355-48f2-9ae2-9e13e25886b6,CUST0458,2026-01-09T00:30:00,1299.19,refunded
a230ddc7-9ecd-4707-b8bf-6ca893646d9f,CUST0458,2026-01-09T00:37:00,1936.98,processing
b14384b1-83bf-4018-a806-ff200ec0a064,CUST0184,2026-01-09T00:44:00,4186.37,cancelled
d0a52aad-a5d3-497d-a21c-d4b2acc7b9dc,CUST0358,2026-01-09T00:51:00,3391.67,cancelled
6be7e2ff-b78d-4daa-bc8d-215b68a1800d,CUST0072,2026-01-09T00:58:00,214.5,refunded
a428eb2e-c195-4fb4-8bb0-5f9586024993,CUST0326,2026-01-09T01:05:00,2576.65,refunded
ca412c22-84fb-4d3d-b35e-2a22a4b80446,CUST0039,2026-01-09T01:12:00,2343.82,pending
b804424f-d18e-4354-bcc4-c3f0e0e92659,CUST0400,2026-01-09T01:19:00,806.13,completed
66586198-f64f-485c-874a-66b27f6b91cb,CUST0448,2026-01-09T01:26:00,649.12,completed
42808f24-a057-4628-9404-21d23db59b1b,CUST0388,2026-01-09T01:33:00,2812.96,processing
1f8721b5-f190-4c4b-8203-c553ae27d069,CUST0464,2026-01-09T01:40:00,3046.57,pending
b8c9d5db-556e-4639-bccd-7f469325dca7,CUST0340,2026-01-09T01:47:00,3706.13,processing
b8782f27-3950-4d3b-9e27-72e8d919c9c6,CUST0375,2026-01-09T01:54:00,2132.74,completed
06ed3158-0415-4e30-a4f6-5ffd128d6f3f,CUST0120,2026-01-09T02:01:00,4119.9,cancelled
c1d02160-5ef2-4b63-b01f-a66bfc01ab8d,CUST0363,2026-01-09T02:08:00,2117.41,pending
af55f893-5a7c-4b22-8069-584cad9b32bf,CUST0439,2026-01-09T02:15:00,100.08,refunded
773e1b57-2ebe-475b-bcb6-2cad56402717,CUST0460,2026-01-09T02:22:00,2327.35,processing
b610e87f-6214-406a-833c-62226a22db39,CUST0108,2026-01-09T02:29:00,760.74,refunded
dba91826-9449-40a7-b0d5-c0d8d98c4e99,CUST0155,2026-01-09T02:36:00,2481.65,refunded
48b6c010-be09-4bf6-8d36-c763fb12d97c,CUST0457,2026-01-09T02:43:00,703.89,refunded
1b05ba7f-6346-4e8b-88fd-c09ad308b5cf,CUST0341,2026-01-09T02:50:00,998.05,processing
bfb2024f-cdec-4f3a-8d15-9a584601b92d,CUST0425,2026-01-09T02:57:00,270.27,processing
e2a1deaa-7562-4244-af51-6ddbc0893abb,CUST0435,2026-01-09T03:04:00,910.3,cancelled
1e47d159-126f-4017-97d3-d0d655c4c5c4,CUST0329,2026-01-09T03:11:00,3072.77,pending
6da7f1e1-a3e1-438a-a09c-43d1a54a2ff2,CUST0320,2026-01-09T03:18:00,1354.95,processing
531e47a7-a4b9-40ef-a11c-5a20eeefff48,CUST0326,2026-01-09T03:25:00,4832.97,cancelled
52dca204-656f-4d55-a703-e47fca25242c,CUST0076,2026-01-09T03:32:00,759.15,pending
3384ca8c-4b3a-4aa8-bfdc-1e04188d0b2c,CUST0426,2026-01-09T03:39:00,1483.03,refunded
db45bb7c-59c2-4690-aad7-f15b729987aa,CUST0487,2026-01-09T03:46:00,3878.04,completed
cfffe7e5-9829-462e-a36d-a26a6540e1a5,CUST0251,2026-01-09T03:53:00,3595.93,pending
25ad548e-918b-4d0c-83b6-8863fff92a2d,CUST0368,2026-01-09T04:00:00,2628.0,processing
69985339-6f7d-4e31-a381-b49b949a493b,CUST0028,2026-01-09T04:07:00,4426.32,refunded
4a1e0f80-b6d8-415a-beee-304d9a83feda,CUST0120,2026-01-09T04:14:00,2159.46,completed
dd5a69a9-e47c-4e96-bc0c-8e11c61b5e81,CUST0500,2026-01-09T04:21:00,2193.48,processing
657cd98b-26ae-4772-a39e-e0ee49e673d2,CUST0002,2026-01-09T04:28:00,390.4,completed
1b18236b-03f8-4d5a-8568-30dfd4a15bdb,CUST0496,2026-01-09T04:35:00,2796.2,cancelled
84560500-713f-4bab-b06e-3a1f20f5b33c,CUST0025,2026-01-09T04:42:00,3555.36,pending
1d7ec156-61d3-42bc-a735-8c5bba5c9d6e,CUST0309,2026-01-09T04:49:00,2842.96,refunded
74a05d2f-3f7d-4969-ad57-5bf39f31b18b,CUST0214,2026-01-09T04:56:00,1626.8,refunded
6d272f9c-08cc-4137-b220-5f5a827225c5,CUST0469,2026-01-09T05:03:00,1920.34,completed
4aa3821d-6301-4462-be79-8662b10a899b,CUST0012,2026-01-09T05:10:00,2654.27,refunded
fd2e04c8-b63c-4838-ba85-1828e72535e1,CUST0449,2026-01-09T05:17:00,1498.05,pending
6ff406cd-d14d-4fe2-9c7f-7ac702002fed,CUST0093,2026-01-09T05:24:00,37.22,completed
76bd5a78-a4c1-494c-b83c-8f5e000893b2,CUST0129,2026-01-09T05:31:00,4771.74,refunded
767b9229-d2fd-4d01-88af-a2257db344b8,CUST0032,2026-01-09T05:38:00,298.81,pending
840798ad-d819-49a3-821a-bce1acdacfdc,CUST0409,2026-01-09T05:45:00,4681.26,refunded
d5253b2c-3e14-4697-95f8-6592c8c5ec55,CUST0449,2026-01-09T05:52:00,2576.96,cancelled
abe57ffa-9a41-4729-9bee-3d5f63f338f6,CUST0034,2026-01-09T05:59:00,4567.23,completed
6e85e863-d2b2-4ef2-af80-ac31471f9c85,CUST0002,2026-01-09T06:06:00,1377.02,refunded
0d4d137b-4a6f-4d2d-b27c-ce09c3aedd30,CUST0365,2026-01-09T06:13:00,1377.58,refunded
1b0c8394-1672-4afd-b211-06c03aac544e,CUST0174,2026-01-09T06:20:00,2634.93,pending
ddb50a23-5386-4828-9197-0447e92df51a,CUST0195,2026-01-09T06:27:00,4338.43,processing
cbbbc32b-4c38-4f0c-87b8-d96ecd18e794,CUST0396,2026-01-09T06:34:00,3520.31,refunded
6b1e6ef4-a472-4056-91d4-32e2d3885655,CUST0384,2026-01-09T06:41:00,2685.12,pending
9bc0717e-0c99-4788-b9fb-1d8c77df012a,CUST0368,2026-01-09T06:48:00,1037.51,processing
457c9ae6-db91-4311-b779-f21eebe7a7bc,CUST0493,2026-01-09T06:55:00,4488.53,processing
33cbffd3-c810-40c8-bedc-490b9e43ef8f,CUST0426,2026-01-09T07:02:00,1044.39,pending
d4ac7e78-42c5-4e69-a311-13c5d8e916b7,CUST0187,2026-01-09T07:09:00,1729.94,completed
e48f39e7-1e88-440f-8c2d-d6c760f5626f,CUST0202,2026-01-09T07:16:00,4683.48,pending
058c94e4-080c-46db-b4df-aea93e6ff840,CUST0445,2026-01-09T07:23:00,3109.4,cancelled
1c73f691-0fcc-4571-8260-e8773cfcb40b,CUST0368,2026-01-09T07:30:00,3740.02,refunded
6aed8c4a-7f33-4ce6-b9c0-3f1edf94f07e,CUST0397,2026-01-09T07:37:00,2871.73,pending
077f653b-af3c-417e-afb5-dddcc5f5f8bf,CUST0433,2026-01-09T07:44:00,285.56,cancelled
90a540ef-432c-438f-80ec-3e07b5b0c0fd,CUST0434,2026-01-09T07:51:00,2521.8,refunded
c3eb4a88-5f52-44eb-b27f-f078b033ba0e,CUST0265,2026-01-09T07:58:00,412.99,refunded
f9ec4c9b-d8d6-4dbf-a23f-7cab282c16eb,CUST0237,2026-01-09T08:05:00,623.77,refunded
49d4da94-5e63-4283-a115-8a4974e713ab,CUST0436,2026-01-09T08:12:00,3605.68,cancelled
47e3672b-1a74-4c4d-b44b-536a2b2a8441,CUST0046,2026-01-09T08:19:00,2017.37,processing
1befb28a-da0d-4211-ab9a-3619448f6c47,CUST0113,2026-01-09T08:26:00,1023.84,completed
4ca3a4ff-be83-4c30-9b7a-a6f63ca0e62c,CUST0096,2026-01-09T08:33:00,2467.87,pending
ce486d9e-c714-4eb0-8d43-fe16855f2f56,CUST0320,2026-01-09T08:40:00,928.26,pending
d9a9c1e3-227d-42f4-b1c3-46473d17dceb,CUST0164,2026-01-09T08:47:00,1323.14,cancelled
13afc905-b596-48b2-a3c7-a737b2ace43f,CUST0229,2026-01-09T08:54:00,3900.2,cancelled
7849d444-2738-472f-b7db-e085eaab43ab,CUST0232,2026-01-09T09:01:00,2834.78,cancelled
f0af585a-39b9-4641-b6fa-b89f369cad5c,CUST0082,2026-01-09T09:08:00,2172.39,refunded
49372e35-026c-456f-8e4c-befaae164ecb,CUST0308,2026-01-09T09:15:00,2670.45,refunded
9b547c95-e24d-4f26-858e-e8cb5c64a375,CUST0340,2026-01-09T09:22:00,4451.91,completed
332dd467-479e-41a9-ac46-f4cc6d4422d7,CUST0442,2026-01-09T09:29:00,2391.6,completed
0f8ea807-49e4-4e69-802f-64d5ef98baaf,CUST0499,2026-01-09T09:36:00,393.74,refunded
039095b4-a205-400e-a257-04d5696f33e7,CUST0415,2026-01-09T09:43:00,3411.22,completed
efc1c06e-6ea7-423e-916b-28be0a6e8a5c,CUST0383,2026-01-09T09:50:00,3874.58,processing
37e5fd93-e233-4b16-b532-357a77b51605,CUST0484,2026-01-09T09:57:00,2576.36,processing
202c0bf7-dfc2-4a64-b1dd-f209d74d0e3f,CUST0189,2026-01-09T10:04:00,2323.79,refunded
a3dd4733-4904-4dbd-9f25-2bd966c51293,CUST0448,2026-01-09T10:11:00,3285.87,completed
e9d47e16-66f7-4df5-bea7-21ae5f6c09b7,CUST0124,2026-01-09T10:18:00,4670.62,processing
a011b341-6b5f-4f25-a6fd-01c9987f1749,CUST0061,2026-01-09T10:25:00,597.27,refunded
a4935dcb-2228-43ba-9480-584231b0fe19,CUST0304,2026-01-09T10:32:00,801.27,cancelled
04b6be83-6ea1-440b-a8e9-8143104da70a,CUST0054,2026-01-09T10:39:00,2324.38,completed
5d27f616-3232-4901-8f0e-920b3d190bcb,CUST0321,2026-01-09T10:46:00,910.41,cancelled
b7878553-323b-4a36-a88b-ea250915117c,CUST0243,2026-01-09T10:53:00,1995.66,cancelled
69b599aa-ec8e-41b8-ae1b-c5188c64930b,CUST0433,2026-01-09T11:00:00,3238.41,pending
22b32515-3803-42f8-af2a-8ba9f9360ff1,CUST0377,2026-01-09T11:07:00,1317.02,processing
da7254ba-3710-40ac-9c52-0ced2068512c,CUST0155,2026-01-09T11:14:00,2668.86,cancelled
98fb3637-709f-43c5-95fa-b61401a84632,CUST0007,2026-01-09T11:21:00,2289.15,processing
5d835847-9797-44ac-b310-393fec514139,CUST0122,2026-01-09T11:28:00,360.39,refunded
97ee97f5-7183-42cc-95e2-308fbafc7a2a,CUST0296,2026-01-09T11:35:00,427.88,processing
77210de7-7cb9-403d-82f1-3e68c0892364,CUST0083,2026-01-09T11:42:00,3283.86,cancelled
3e130ab8-11e2-44ef-8e09-e4398599c166,CUST0082,2026-01-09T11:49:00,170.51,refunded
ad03a668-301c-4b66-8fb0-c95a28249194,CUST0084,2026-01-09T11:56:00,1318.61,pending
0a8bcbdc-c13c-4b8a-a43d-9fd72b69e2ed,CUST0165,2026-01-09T12:03:00,3170.24,completed
38c032be-eca3-4701-9998-c987d8db11c3,CUST0482,2026-01-09T12:10:00,1724.88,cancelled
6e1d727b-c6aa-49fa-979d-fc6b9157cb63,CUST0245,2026-01-09T12:17:00,4820.21,completed
43a7656a-dead-42ab-b72d-04ab6bbcfaaa,CUST0171,2026-01-09T12:24:00,520.21,cancelled
dca9988c-daf2-41da-8491-8bc2dd0fd325,CUST0342,2026-01-09T12:31:00,3812.35,refunded
8bdeb942-842b-4807-a0a5-2da1e7764469,CUST0282,2026-01-09T12:38:00,3206.49,completed
b7269f4b-fffa-46ac-880f-7e46e1371685,CUST0090,2026-01-09T12:45:00,3774.88,pending
2ae12ad9-a336-46b0-befa-cd6f2104789a,CUST0098,2026-01-09T12:52:00,1189.85,processing
7d5dca2c-44bc-40c1-819a-caca65244804,CUST0262,2026-01-09T12:59:00,4424.81,completed
9240b528-5982-4d1f-a148-a56ca8b95542,CUST0108,2026-01-09T13:06:00,3629.64,refunded
1bcc64b1-c950-46c4-a9ac-9111ff9fa7cf,CUST0437,2026-01-09T13:13:00,224.8,cancelled
4129e7e5-2577-47a5-a492-dbad5ab19139,CUST0157,2026-01-09T13:20:00,2921.18,processing
1a8633bb-257f-4fa2-a08e-2d11eedda844,CUST0062,2026-01-09T13:27:00,3776.74,pending
5f819801-f60d-4a8d-92b7-fa01b98702a7,CUST0254,2026-01-09T13:34:00,1620.5,pending
7901cac3-3fce-48da-8745-a5dc100d4800,CUST0170,2026-01-09T13:41:00,4019.01,processing
3e144891-3fad-4796-b6b4-3436b0e38789,CUST0342,2026-01-09T13:48:00,441.7,cancelled
cfb01ec2-4d8b-4a68-a371-65616b07c224,CUST0028,2026-01-09T13:55:00,646.31,processing
551815bf-a25b-4131-92cc-2d0c9aa6509f,CUST0364,2026-01-09T14:02:00,41.77,refunded
61ad1e52-70f5-4df2-bedc-50e889aa6716,CUST0252,2026-01-09T14:09:00,4854.01,refunded
6b74d114-d45c-4f1e-9e1d-a09be07f3ab7,CUST0248,2026-01-09T14:16:00,4840.14,pending
9006570f-1cf0-4f7f-aa92-d7ce8e16154d,CUST0180,2026-01-09T14:23:00,2255.48,refunded
e73a3f39-da70-43a6-8119-c4a0bb4f656a,CUST0173,2026-01-09T14:30:00,3270.92,processing
907efa17-1b99-47f6-93d7-ba7d56b93f9c,CUST0181,2026-01-09T14:37:00,2730.27,completed
091ab351-3587-4d0b-8131-036eb09937ad,CUST0402,2026-01-01T00:31:00,75.00,not_a_real_status
02aaa77d-3979-4de4-b2b3-29b163cdb24e,CUST0262,2026-01-09T14:44:00,3490.61,pending
369e591c-9098-42ef-b422-185fe1e46954,CUST0042,2026-01-09T14:51:00,3809.9,refunded
d9c699bc-3bd5-46ab-9e0f-df2937880c21,CUST0136,2026-01-09T14:58:00,1624.24,cancelled
e865969b-ed27-4e3d-8ea0-54b0d6c9a85e,CUST0105,2026-01-09T15:05:00,2810.74,processing
178da5d7-7497-4212-94c9-9e4e2ce93dfe,CUST0388,2026-01-09T15:12:00,4224.83,completed
88cd6521-bdd9-4c64-9dc6-9dc035c8b467,CUST0491,2026-01-09T15:19:00,4952.05,refunded
9a8d4173-dc90-4cc2-9080-68f52926f68f,CUST0024,2026-01-09T15:26:00,1081.41,completed
420d7faf-6f81-4c9f-934e-70eda1c0e4d7,CUST0017,2026-01-09T15:33:00,4757.79,cancelled
53f3eedd-cf12-4edc-8f9c-afdcdc8b7294,CUST0354,2026-01-09T15:40:00,3340.39,processing
bcb31d36-bbfd-4956-adec-20b41bcdf11b,CUST0448,2026-01-09T15:47:00,4722.12,refunded
100289ea-6b0f-41e1-b5bd-f2320e33ceda,CUST0369,2026-01-09T15:54:00,3064.21,pending
71cff62e-9fd7-496a-9d9f-f3eca45e330b,CUST0249,2026-01-09T16:01:00,1844.03,cancelled
5b757c75-400a-4aa4-b43a-019a005a09f8,CUST0297,2026-01-09T16:08:00,2653.69,cancelled
4a1bb2ac-3dd0-4c9f-8a95-2b935272d9fd,CUST0128,2026-01-09T16:15:00,889.32,completed
8ec2d40a-e11e-45b3-88a5-46dba67cc96c,CUST0448,2026-01-09T16:22:00,2923.17,pending
70dc6ec8-b484-4836-81d7-c39eece4b113,CUST0036,2026-01-09T16:29:00,3853.29,refunded
02c29938-ed7d-465a-a711-89fc923bfc93,CUST0180,2026-01-09T16:36:00,105.78,completed
55b4874f-4950-42fb-985b-647c8fedecff,CUST0172,2026-01-09T16:43:00,3225.79,completed
94cb03e6-85fc-4b24-ace3-f3b65f15eede,CUST0363,2026-01-09T16:50:00,3497.85,processing
4c1ff412-dc6d-4726-9617-5b8ce4510eaf,CUST0466,2026-01-09T16:57:00,1070.96,refunded
718e00f1-6321-4366-bdd9-7af0d2bbeefa,CUST0412,2026-01-09T17:04:00,3239.29,pending
fa490654-b20e-4af6-815d-eee4b30f0c8d,CUST0325,2026-01-09T17:11:00,805.71,refunded
98b095eb-9ad5-457d-8223-800dfe8bafe8,CUST0036,2026-01-09T17:18:00,1543.82,processing
71e49061-ebbd-43e8-9c51-1345ccf26fd4,CUST0316,2026-01-09T17:25:00,373.51,completed
733916dd-1b13-48ec-a935-5d25af943004,CUST0258,2026-01-09T17:32:00,4554.7,pending
c2ab3384-883a-4e07-8e28-dc4676941781,CUST0332,2026-01-09T17:39:00,1207.92,pending
6cb6bc49-fe33-4d4d-b903-afddd03534ed,CUST0448,2026-01-09T17:46:00,625.73,processing
22a2ca27-389d-42c8-ab60-2c3d4437b434,CUST0315,2026-01-09T17:53:00,4828.33,completed
3452e652-3c1f-49a1-809e-ae1a030f1eaa,CUST0256,2026-01-09T18:00:00,2419.46,processing
d0da5ac2-d811-4694-b492-732e28cfbe7b,CUST0074,2026-01-09T18:07:00,3135.21,processing
00dc5840-02a7-45f0-abd0-e47377270335,CUST0121,2026-01-09T18:14:00,2488.07,processing
e0fb58b9-ce27-4048-8e43-3be64a285bc6,CUST0199,2026-01-09T18:21:00,3189.09,processing
7afe72e6-df5d-4605-88b7-f27a768c7942,CUST0126,2026-01-09T18:28:00,4546.93,cancelled
44355ec1-102b-4922-aab2-93e183a0b2c1,CUST0101,2026-01-09T18:35:00,3354.31,cancelled
1ed28cba-3459-4036-b764-2fcb5c64a73f,CUST0088,2026-01-09T18:42:00,4128.99,pending
2f8aaf90-dd30-43f1-bf32-0b14b909f0c8,CUST0301,2026-01-09T18:49:00,2670.76,cancelled
26bfe77a-d43d-4f8b-86b6-1d31ad77d096,CUST0193,2026-01-09T18:56:00,1611.74,pending
5b7b4549-a437-49ba-b664-659972f27947,CUST0433,2026-01-09T19:03:00,1158.59,refunded
fbe1c465-cb51-41bd-b4f9-7f04d7e46301,CUST0113,2026-01-09T19:10:00,4105.13,refunded
4faa287e-bdf1-4a51-911e-18792d6590e3,CUST0068,2026-01-09T19:17:00,3750.41,completed
3e806bc0-80fa-4955-aa5d-51da6d5d5a04,CUST0028,2026-01-09T19:24:00,4507.91,pending
f405aee7-a830-4758-b6ac-79456718f63d,CUST0462,2026-01-09T19:31:00,280.88,pending
6e10cb05-50f2-45d1-8ba4-b840d921bbb4,CUST0048,2026-01-09T19:38:00,1751.28,cancelled
32bb35ef-14dd-4b1d-9ae9-aaf1aeef6a7f,CUST0238,2026-01-09T19:45:00,1619.03,processing
bbcfa95f-9bd3-4cdc-9f0d-b089c0d96150,CUST0481,2026-01-09T19:52:00,300.62,completed
3c9a3927-dd91-4751-a567-ab346f43eb73,CUST0411,2026-01-09T19:59:00,3177.84,refunded
21296391-9ab5-4e14-bd61-0e1548613db3,CUST0454,2026-01-09T20:06:00,4327.7,refunded
f3ceff2d-3a41-4b63-a182-2c3a828a07e9,CUST0061,2026-01-09T20:13:00,1201.45,pending
5a326751-224c-4be6-b253-a51dccdda162,CUST0002,2026-01-09T20:20:00,2689.04,completed
36673659-c65d-4bb6-b1a6-323e091ff661,CUST0430,2026-01-09T20:27:00,4982.67,completed
28bb9bc4-6bd0-44b6-aa3f-7340180d8131,CUST0045,2026-01-09T20:34:00,4433.73,completed
98d99a06-4021-42c5-9659-e95a64427902,CUST0231,2026-01-09T20:41:00,2093.62,pending
7966ff11-e594-4ade-9589-dfdf27e47976,CUST0361,2026-01-09T20:48:00,2255.32,cancelled
289b2efb-110d-4c8d-acbd-b1184a6b80f9,CUST0042,2026-01-09T20:55:00,3807.56,completed
dfa2829b-e68f-4c96-ad31-7630e8cefb0c,CUST0223,2026-01-09T21:02:00,1172.43,completed
f466c773-52cb-468e-b9d8-16073d90749c,CUST0411,2026-01-09T21:09:00,3632.11,cancelled
91089522-cecd-4c1c-9161-2d67cff0ba7a,CUST0045,2026-01-09T21:16:00,3273.18,completed
7fafa878-8f04-4738-bcce-1c47c8a7eaf0,CUST0287,2026-01-09T21:23:00,4591.77,cancelled
32853590-7903-496f-a354-5c186a266265,CUST0034,2026-01-09T21:30:00,543.72,cancelled
392b6495-4cb4-4a2a-9dc1-9eea58a607a5,CUST0119,2026-01-09T21:37:00,4896.01,completed
921edee3-cf97-4bb5-b28e-bd9a04c89417,CUST0184,2026-01-09T21:44:00,2255.44,refunded
17baf1ee-dc6e-4092-9ff2-9bb88c1ac680,CUST0009,2026-01-09T21:51:00,2499.38,pending
058a1f21-5949-4a8b-b853-ccdf6a2df104,CUST0212,2026-01-09T21:58:00,12.84,cancelled
0d147c5e-58f0-451b-8e65-305f7020d87c,CUST0191,2026-01-09T22:05:00,3077.24,pending
c9b3e75b-7c39-44b2-8628-27a4b6220554,CUST0170,2026-01-09T22:12:00,3998.19,pending
15ad17e6-15a5-44a1-961e-a4a0541e6d49,CUST0175,2026-01-09T22:19:00,3473.39,processing
da20953f-ce39-481b-a548-3ad5c7739e96,CUST0331,2026-01-09T22:26:00,2444.95,processing
c31cb5da-04de-44db-a51b-bfe9cba65462,CUST0493,2026-01-09T22:33:00,2051.28,pending
32ec3e3c-1917-436f-9a46-c18a180a306a,CUST0070,2026-01-09T22:40:00,4924.86,cancelled
412d9116-00a8-4b2f-8f82-f26e298dcde0,CUST0032,2026-01-09T22:47:00,3696.73,completed
0f8f0b4d-0b76-4a03-bac1-17438ab19973,CUST0229,2026-01-09T22:54:00,2653.64,processing
57ed35e0-c645-42aa-ace7-ddd98c5a5eda,CUST0450,2026-01-09T23:01:00,737.83,processing
d3a9c1d6-df6e-42cd-9a81-5147e6d09039,CUST0335,2026-01-09T23:08:00,1884.46,processing
2e766e40-8793-494f-aa69-d56bbb08b4da,CUST0422,2026-01-09T23:15:00,1900.24,refunded
e23ff2d0-d064-4257-af2e-608ac78b35fc,CUST0215,2026-01-09T23:22:00,3016.89,completed
0b7e4d28-96bc-4651-a3fa-06a4393c767f,CUST0016,2026-01-09T23:29:00,819.98,processing
81061f34-591b-4640-98b6-bfe190b22a2f,CUST0192,2026-01-09T23:36:00,2998.31,completed
055a92b3-af0c-486e-943a-a6421717bb99,CUST0069,2026-01-09T23:43:00,1043.16,refunded
c2cc4abd-da62-4545-b65c-d17f078edc4a,CUST0245,2026-01-09T23:50:00,3788.1,pending
b3af5a76-10b8-46b9-b29d-8ec92dde7c0d,CUST0163,2026-01-09T23:57:00,644.29,processing
634cb714-2e99-4397-899e-f3c11674d55c,CUST0322,2026-01-10T00:04:00,2067.28,cancelled
14e46178-adf9-463a-a0ab-5b05fa4e91b1,CUST0473,2026-01-10T00:11:00,394.35,pending
31b773c0-3ba7-4608-a13a-33f46c11892e,CUST0464,2026-01-10T00:18:00,3600.35,cancelled
007102d5-4b4e-4710-a2c8-9b4572ebe981,CUST0413,2026-01-10T00:25:00,1093.23,pending
049bf7ec-8a2d-427d-a69c-459751fa7a05,CUST0053,2026-01-10T00:32:00,207.82,cancelled
60bf8605-4c93-4d5e-99a3-6040b97cd13f,CUST0063,2026-01-10T00:39:00,786.21,processing
1b20dcc9-87c6-45c3-9c1b-a817a2eebeeb,CUST0103,2026-01-10T00:46:00,162.68,completed
32245d3e-a15a-4844-9138-b5b694c395fb,CUST0254,2026-01-10T00:53:00,2469.22,completed
1f048e35-8d62-46d5-87f4-e46687c898e8,CUST0150,2026-01-10T01:00:00,609.91,pending
040b6ea0-e6e1-489a-b82e-78f591e573a0,CUST0320,2026-01-10T01:07:00,729.92,cancelled
48dd60c2-ff16-41f7-8805-2eecb3921bf9,CUST0408,2026-01-10T01:14:00,1784.16,completed
8f544312-f6c2-4eee-8e75-68fe548dbd30,CUST0473,2026-01-10T01:21:00,1230.7,completed
b984712f-4da3-4c58-9953-760a14339358,CUST0051,2026-01-10T01:28:00,4713.17,completed
cf352fc5-02a2-4cef-a268-87f937b31afc,CUST0417,2026-01-10T01:35:00,4725.12,pending
d23b1366-a2cc-4788-9336-0aca277d4d4f,CUST0136,2026-01-10T01:42:00,4668.89,completed
4ced1c81-538a-41cc-97a1-daf771272e39,CUST0047,2026-01-10T01:49:00,602.0,cancelled
943c06fa-1b07-4d20-8944-fc5f3357feeb,CUST0020,2026-01-10T01:56:00,469.89,processing
0650f739-1bac-4efb-b374-9dce733578cf,CUST0097,2026-01-10T02:03:00,1493.44,cancelled
dc55377e-e5f0-4bcf-85ee-e6ed6b421643,CUST0441,2026-01-10T02:10:00,2821.65,refunded
90d5d91f-af4f-4e3d-a717-6da679e080c7,CUST0195,2026-01-10T02:17:00,3855.32,refunded
bc5a0647-d372-41be-b5bb-77a50bc14c2e,CUST0420,2026-01-10T02:24:00,3644.47,refunded
4ad1ffdc-ef0a-4e3f-9e36-991227073c5e,CUST0275,2026-01-10T02:31:00,2487.6,processing
e8476b78-2648-4d87-a214-f46ce8870427,CUST0428,2026-01-10T02:38:00,1499.07,cancelled
c1e5e3e7-ffb4-41c2-9df1-86e8933697a4,CUST0489,2026-01-10T02:45:00,4638.87,pending
32951caa-797b-4613-818d-efe194a4b935,CUST0083,2026-01-10T02:52:00,4773.01,completed
09283c71-97c6-442b-94db-155dffab3637,CUST0477,2026-01-10T02:59:00,4762.72,processing
45cd1b95-fefb-4259-9c71-2fc7742cb8dd,CUST0276,2026-01-10T03:06:00,415.12,processing
b25f3043-9399-4c98-9268-3cde73c632cd,CUST0115,2026-01-10T03:13:00,3962.09,completed
4f4663a1-ee77-4c42-a983-7011a18551ea,CUST0068,2026-01-10T03:20:00,2619.74,cancelled
2a7c25db-1caa-4170-a3f3-8742e95fd91f,CUST0388,2026-01-10T03:27:00,566.79,refunded
e29c3263-664b-49fa-9593-2da6c35b9615,CUST0037,2026-01-10T03:34:00,1491.38,pending
429149b4-98b0-43af-8969-05decbdc05ae,CUST0270,2026-01-10T03:41:00,826.19,completed
75ba815f-4b6d-4f79-9d01-881a9de8700a,CUST0118,2026-01-10T03:48:00,896.38,pending
674729b6-820c-48b8-8440-45365e4320ec,CUST0213,2026-01-10T03:55:00,4903.6,cancelled
1b41d54b-b917-417c-8089-4eeae30bc522,CUST0236,2026-01-10T04:02:00,3793.4,processing
b8369f3a-e9d8-47a3-85a1-b5f96ec22f8c,CUST0342,2026-01-10T04:09:00,3406.26,processing
9459033e-96c0-4cce-ac2a-c3ce0b66a794,CUST0116,2026-01-10T04:16:00,2864.89,completed
40798fb4-0461-412d-a2aa-e28ba85fa877,CUST0101,2026-01-10T04:23:00,1205.9,cancelled
e2a4adfd-9328-4b08-ac3d-2aed3c8efcf8,CUST0100,2026-01-10T04:30:00,2297.77,completed
26f9901c-0e27-4955-b549-69a6df3dce9c,CUST0457,2026-01-10T04:37:00,4855.63,cancelled
eae46941-62b4-4b06-b486-35e37e4a6591,CUST0177,2026-01-10T04:44:00,2887.11,completed
b9e3c957-a963-4995-9d97-b3403da8cd7a,CUST0396,2026-01-10T04:51:00,485.08,pending
63c64035-90a6-4f6e-9273-1b6190003d28,CUST0248,2026-01-10T04:58:00,4077.75,completed
e7e9a33c-9f98-48b3-b3fd-580078f2ada4,CUST0026,2026-01-10T05:05:00,3169.42,pending
79582e3a-a353-429f-a3d3-9100caca25e4,CUST0144,2026-01-10T05:12:00,4346.6,pending
c12a0067-c65f-48e7-a33f-016efbc23dda,CUST0405,2026-01-10T05:19:00,2074.9,refunded
8caddaaa-8602-48d2-81c3-c2465792a89c,CUST0053,2026-01-10T05:26:00,2927.98,processing
aa65ee82-4cf3-44aa-a0ca-ff6d296bef51,CUST0053,2026-01-10T05:33:00,1901.81,cancelled
b22bdad9-c102-4b66-85d4-337b9282a1a6,CUST0154,2026-01-10T05:40:00,4438.69,completed
fb13a30d-0a32-439e-88b6-a09a096d6f8d,CUST0068,2026-01-10T05:47:00,4554.75,processing
fbcf58e6-f267-482e-93d7-f5fa4d5c0981,CUST0340,2026-01-10T05:54:00,4761.39,completed
2d11c49b-1500-428f-a540-d6db56dbcf53,CUST0272,2026-01-10T06:01:00,1237.49,processing
68cfcbfa-dd23-4fd0-993f-87ab0ea4a04f,CUST0416,2026-01-10T06:08:00,2091.37,cancelled
aa822009-c2f8-430b-a7da-5d21094b3be8,CUST0174,2026-01-10T06:15:00,1669.3,cancelled
20c2b464-92ab-41db-99c3-1bdea3d77ef6,CUST0391,2026-01-10T06:22:00,2549.48,processing
a2c7e3b0-94b9-427b-904f-838d7562d671,CUST0404,2026-01-10T06:29:00,3175.42,pending
179fecc3-9098-4462-964d-7d61af943400,CUST0081,2026-01-10T06:36:00,1910.06,refunded
a2c07c3a-4b7b-4344-a9dc-9e364eff928f,CUST0470,2026-01-10T06:43:00,574.84,pending
f3733ac0-fed5-478d-aaa4-337f6af6c22b,CUST0132,2026-01-10T06:50:00,2224.9,completed
41af4b71-b714-47d8-8255-a32dbb3581e8,CUST0135,2026-01-10T06:57:00,4713.9,pending
829bae2f-4f49-49bb-be80-9de321a108ee,CUST0473,2026-01-10T07:04:00,3038.6,cancelled
971181d0-7de3-42ad-a4fd-3db898f3c866,CUST0301,2026-01-10T07:11:00,513.11,completed
2d6959ae-4d2d-4744-a18f-c4b050828046,CUST0114,2026-01-10T07:18:00,713.71,refunded
8b9ec496-291c-4778-8874-7a2cfbdb4673,CUST0341,2026-01-01T00:51:00,75.00,not_a_real_status
19570659-45c9-4fa2-a4bf-60e74ce17834,CUST0034,2026-01-10T07:25:00,267.5,completed
500928ca-55fc-4fa4-a5e2-af8fe54f192d,CUST0367,2026-01-10T07:32:00,72.18,refunded
8b7d8c04-cadb-4867-a6a3-b1e358ff978e,CUST0166,2026-01-10T07:39:00,4266.45,completed
69f7bd93-7199-4f00-b43b-48e67d312dda,CUST0347,2026-01-10T07:46:00,1865.92,pending
4c1498c5-6f5b-499d-a792-64070d19923c,CUST0413,2026-01-10T07:53:00,1567.36,processing
e5ee4c4d-fce4-46ac-9bba-ef6a3cb2ced0,CUST0298,2026-01-10T08:00:00,1261.82,cancelled
b1e7d251-b35c-4157-8d39-3c938ff8b58f,CUST0418,2026-01-10T08:07:00,4129.16,refunded
19545101-fb4a-4bda-8f04-7f3fd4d852bd,CUST0095,2026-01-10T08:14:00,4513.0,processing
c76e1643-8a4a-455f-b6fc-934999c9d257,CUST0269,2026-01-10T08:21:00,4811.32,processing
e181a160-af38-4f8c-86ed-1ce39506c78d,CUST0433,2026-01-10T08:28:00,212.52,pending
1f875385-92eb-472c-bbab-ac2d478ac795,CUST0254,2026-01-10T08:35:00,2708.52,processing
2ea20584-7a8e-4e9f-a709-e03039c017d3,CUST0277,2026-01-10T08:42:00,1415.03,processing
,,not-a-date,abc,
6b1b0e78-e1cf-4f29-9771-1a80aa48f9c4,CUST0108,2026-01-10T08:49:00,1498.89,completed
57fbcf35-4518-4e30-8d74-4ef39e5d4c75,CUST0315,2026-01-10T08:56:00,1970.02,completed
da95a950-6fe6-4ef7-b4e4-996f32ec5be4,CUST0432,2026-01-10T09:03:00,1104.68,cancelled
94c8c734-be1d-4977-a21e-4dc734a561f1,CUST0096,2026-01-10T09:10:00,1295.22,processing
b5068f5b-c444-42a3-ac84-37317c3fd150,CUST0410,2026-01-10T09:17:00,4048.58,refunded
b556abcb-3fa4-4e8a-8b76-ce709e6551ec,CUST0111,2026-01-10T09:24:00,4976.61,completed
3d878959-6f98-4738-ba42-fc32444bab62,CUST0401,2026-01-10T09:31:00,4996.59,refunded
078a49d6-ddc2-473d-86c7-ef71c5598d01,CUST0038,2026-01-10T09:38:00,4833.9,completed
a95e50a3-b5d6-455f-a839-9a48e6f16fd1,CUST0242,2026-01-10T09:45:00,4189.55,refunded
70211547-f32d-4dd9-b1ba-ab8822005cb2,CUST0208,2026-01-10T09:52:00,749.15,processing
3d008ebf-e948-4ab3-8a05-c65de8c7c15d,CUST0236,2026-01-10T09:59:00,2658.32,completed
57f2e7b2-ce68-4f76-8e0b-4e19585af0f1,CUST0241,2026-01-10T10:06:00,2245.34,processing
8afaf6d2-c128-4247-b9fc-5afb44753059,CUST0177,2026-01-10T10:13:00,2762.03,completed
ce7925d4-c745-4ea3-bcc4-b2971226c329,CUST0323,2026-01-10T10:20:00,3272.2,completed
884ed459-0b2c-4e31-af7f-b6019f1ff3b6,CUST0347,2026-01-10T10:27:00,4281.48,cancelled
93f3ca75-68ff-4938-95f0-aa6216699d0d,CUST0325,2026-01-10T10:34:00,1439.88,pending
3031cfcd-9ea0-4fcf-b6c0-b2321b670beb,CUST0197,2026-01-10T10:41:00,2523.28,cancelled
706fdcc3-3020-4e42-aa92-2bac7c33227f,CUST0231,2026-01-10T10:48:00,1561.5,completed
cf87cb97-cb7c-4bcb-a616-62605e7e9482,CUST0029,2026-01-10T10:55:00,2722.17,cancelled
b2eaa45c-5f86-469f-b376-9a710d6fec74,CUST0326,2026-01-10T11:02:00,716.11,refunded
2d285acf-1b55-46e4-9ac1-3ede927bbb04,CUST0317,2026-01-10T11:09:00,459.8,pending
2c56212e-bb08-423d-b4ef-950773a0c49b,CUST0038,2026-01-10T11:16:00,4022.82,processing
97fa0991-3a19-4776-b2fd-cfd4c5f25e70,CUST0277,2026-01-10T11:23:00,3659.49,refunded
28093e25-2f01-4d3e-958e-1cedc75c4262,CUST0292,2026-01-10T11:30:00,2186.47,pending
07af785f-ee56-4594-a7e9-0ffc5d2b0369,CUST0091,2026-01-10T11:37:00,2973.66,processing
56e57eee-8262-4050-9186-1151b5890650,CUST0439,2026-01-10T11:44:00,2583.72,refunded
12dfaa1c-c172-401b-9fea-d80e401ff96d,CUST0199,2026-01-10T11:51:00,455.57,refunded
f4e167ec-cbd7-400e-a19e-bf18dd3360d1,CUST0260,2026-01-10T11:58:00,1077.18,refunded
8e624f26-ef18-4122-b961-efdeb85e70e1,CUST0170,2026-01-10T12:05:00,2524.56,pending
43a75f12-0376-49a9-9c7c-1e883c6c3fdd,CUST0034,2026-01-10T12:12:00,4499.49,processing
7ef8b27d-c4bb-4aa9-9779-1d9a7c0d589b,CUST0080,2026-01-10T12:19:00,957.15,refunded
5d1e5a5c-cd70-4719-9b48-3db02f076423,CUST0430,2026-01-10T12:26:00,640.67,completed
69ebedd7-096c-4985-bfe0-f0c3e5459810,CUST0055,2026-01-10T12:33:00,342.44,refunded
26d6a9ef-d263-40c6-86fe-2b1922b07ed5,CUST0087,2026-01-10T12:40:00,971.25,cancelled
4b928688-a5a0-4cf8-b25c-1041d0264e98,CUST0322,2026-01-10T12:47:00,2772.49,cancelled
13095a25-044b-4f29-9062-8920aa4b27d4,CUST0085,2026-01-10T12:54:00,1981.13,processing
02159f5f-7977-464f-9a0c-bae7da025161,CUST0021,2026-01-10T13:01:00,2189.19,cancelled
dbfe37b8-5777-4168-a559-cf1af1d804f9,CUST0063,2026-01-10T13:08:00,4429.33,pending
862053d3-f6eb-43b6-a490-ac0992a2a66c,CUST0049,2026-01-10T13:15:00,3322.88,refunded
d6874af1-ea2e-4071-be3c-960b8517f233,CUST0099,2026-01-10T13:22:00,2565.79,cancelled
1893264f-1b04-4111-bfac-32fc9b12f2ed,CUST0023,2026-01-10T13:29:00,4515.87,processing
cd70c05b-17e5-4e7b-a7d2-cd40b0b75750,CUST0428,2026-01-10T13:36:00,3212.34,pending
50578a67-4d09-4571-84eb-605214052936,CUST0482,2026-01-10T13:43:00,3654.85,refunded
963f8b50-5e76-4578-bdb8-cba2b841326d,CUST0378,2026-01-10T13:50:00,1265.14,cancelled
93292da5-61d5-461d-b4d5-9748833ec1d8,CUST0172,2026-01-10T13:57:00,256.31,completed
f605cd86-721b-44f9-8e8a-bd4b504725f2,CUST0387,2026-01-10T14:04:00,4720.51,processing
2d847a00-de81-42d7-be34-d557c7e06996,CUST0485,2026-01-10T14:11:00,1362.52,completed
06ca82c2-0740-41a3-899f-f917a32ba100,CUST0339,2026-01-10T14:18:00,1594.84,cancelled
2688dc68-9786-43a5-94b7-2dc17de0d5d8,CUST0477,2026-01-10T14:25:00,793.03,refunded
c28de020-4d44-4930-a61b-63e82ec39058,CUST0433,2026-01-10T14:32:00,2890.69,cancelled
1e1894df-65a9-4311-ab2f-a4e9ebf319a8,CUST0199,2026-01-10T14:39:00,4324.5,processing
ead6e746-a271-4f3d-8f99-fa4a4b637e41,CUST0266,2026-01-10T14:46:00,4249.63,processing
149494d5-ac9d-4a85-958a-54569b6a9eed,CUST0117,2026-01-10T14:53:00,2399.43,pending
1fc052ae-ef9e-4d00-83fe-94f9289ed5a3,CUST0451,2026-01-10T15:00:00,4865.1,pending
0d14cdbc-46ff-44b1-be06-d561df4d39a2,CUST0198,2026-01-10T15:07:00,649.42,cancelled
86553967-d76b-40fc-88d6-9fc40dfb9297,CUST0498,2026-01-10T15:14:00,1623.24,processing
0bda2681-fd86-4ac5-ab1e-ecb29ddaa590,CUST0374,2026-01-10T15:21:00,1648.61,processing
cef7c3a3-5eb4-4cde-826b-d1420d5c9cf9,CUST0492,2026-01-10T15:28:00,4991.59,processing
6742f911-0545-48ce-b398-fb63c00c2352,CUST0410,2026-01-10T15:35:00,3261.57,pending
12b7d93b-b6e1-44a0-bb7a-3111bd68aafc,CUST0410,2026-01-10T15:42:00,670.57,cancelled
ccdea2a5-a45c-490e-a797-a938e596776d,CUST0378,2026-01-10T15:49:00,3775.26,completed
0f6d3d2b-4eda-432d-b54b-e45a9804661a,CUST0010,2026-01-10T15:56:00,4429.42,refunded
d33704f3-fd71-44d4-9004-752b0e4f0556,CUST0456,2026-01-10T16:03:00,702.43,processing
105b24c4-7ca1-4369-b495-5ca42a8d3eb0,CUST0312,2026-01-10T16:10:00,144.08,completed
f348da2e-1de8-4846-ab79-632a3d012f2e,CUST0370,2026-01-10T16:17:00,182.49,processing
50cb5dc6-d710-41c6-9822-bc45be26102c,CUST0412,2026-01-10T16:24:00,4344.78,processing
ea604ce3-e0da-4207-a589-d66d1ae1079f,CUST0344,2026-01-10T16:31:00,945.61,completed
72101cda-de00-46fc-a97d-7dc9eb29fd7c,CUST0188,2026-01-10T16:38:00,1977.63,processing
88be0151-bd70-48f5-950e-f278a31c8d0a,CUST0274,2026-01-10T16:45:00,395.93,pending
415e24fc-0a69-40c1-a08f-ff007ab9374c,CUST0286,2026-01-10T16:52:00,1491.35,refunded
7efd0e71-d104-43a5-9adb-81b497b8afc2,CUST0094,2026-01-10T16:59:00,1833.04,cancelled
1def4b85-1acb-40ea-a0ce-f9bc0ccca9f5,CUST0486,2026-01-10T17:06:00,4280.2,processing
49d41c47-d27e-4af9-aed4-48a6aabef56f,CUST0016,2026-01-10T17:13:00,2642.25,completed
4d789bf3-1345-424d-8a4f-fd77a1d4a104,CUST0468,2026-01-10T17:20:00,4484.94,pending
43873e6d-2bd7-4a01-a978-e4890f190b82,CUST0468,2026-01-10T17:27:00,94.92,refunded
a8a33ce3-8eb9-49a4-902c-22f06ad2faab,CUST0475,2026-01-10T17:34:00,4962.75,completed
2eb4c8ee-176d-4c8f-ba32-89b71e4eabd3,CUST0064,2026-01-10T17:41:00,1969.08,refunded
354d958e-a89b-4d6c-82ba-b31c017d887f,CUST0188,2026-01-10T17:48:00,2672.88,completed
feb76164-fe0d-4fa9-94a2-7f3af479e095,CUST0200,2026-01-10T17:55:00,626.76,refunded
ce1b61a7-7c2e-4ba2-93d8-4df9292d7cb6,CUST0440,2026-01-10T18:02:00,1057.3,cancelled
19da6f8e-a57c-4e13-a4c1-6a7b310a3691,CUST0403,2026-01-10T18:09:00,3469.41,pending
9a41a169-f0e2-46fe-b975-9e7e03b9b6bb,CUST0288,2026-01-10T18:16:00,2092.85,completed
e4af3b60-d104-4faa-bc83-feb4e1bd2a45,CUST0301,2026-01-10T18:23:00,708.07,cancelled
719da2e1-b558-4986-bf57-468e553bcbc6,CUST0083,2026-01-10T18:30:00,3341.32,processing
b91f17c0-4ca8-44ed-89b1-49a596ff7fd9,CUST0061,2026-01-10T18:37:00,718.81,cancelled
14e2718d-0f8f-4075-877a-26c317467179,CUST0484,2026-01-10T18:44:00,3535.65,pending
119bdc6f-9049-44da-baa3-32f64efc46d7,CUST0485,2026-01-10T18:51:00,3547.36,processing
7da93ce6-ae3d-4065-970a-63a8e464bd9c,CUST0440,2026-01-10T18:58:00,1874.57,processing
7b182584-00cc-46ff-8a3e-d324f36b40fe,CUST0019,2026-01-10T19:05:00,4981.15,processing
5ce796a6-10ec-41de-9860-5b208b6f85a9,CUST0491,2026-01-10T19:12:00,855.59,completed
e1d93834-a82d-479a-9e37-1f15bd4802e3,CUST0371,2026-01-10T19:19:00,2458.77,pending
b880fc48-eb61-4633-9dd9-0851fdc805be,CUST0481,2026-01-10T19:26:00,3563.69,cancelled
adfb1ff2-e0ad-40b1-8558-868b59073cb0,CUST0296,2026-01-10T19:33:00,4859.07,pending
944acbde-6169-45e7-8366-ebe87ff94872,CUST0009,2026-01-10T19:40:00,3505.25,refunded
4e616ef7-79f6-4359-a865-dfdfe35a0f7e,CUST0377,2026-01-10T19:47:00,420.01,refunded
e62ac7dd-05cd-42c2-8d39-c60a76cd8a92,CUST0074,2026-01-10T19:54:00,2114.45,completed
1b608d63-eb91-48f0-8639-46bff2b2bbae,CUST0240,2026-01-10T20:01:00,2342.93,processing
67a92c4d-dd24-4d7e-867c-caefa7b8c620,CUST0294,2026-01-10T20:08:00,2803.69,refunded
60743df7-2370-4abf-8910-2e79bde6f27a,CUST0256,2026-01-10T20:15:00,2131.86,pending
417e8651-444a-4719-b1d6-6e072c9496a8,CUST0221,2026-01-10T20:22:00,4553.3,pending
4db85e33-7317-4a90-a4e2-4d836355b4be,CUST0140,2026-01-10T20:29:00,2483.61,cancelled
4987c955-6dd1-48b5-9a78-87227275deb4,CUST0406,2026-01-10T20:36:00,4037.0,pending
1684b6b7-ef30-44a4-95f1-ac776fe7cc23,CUST0205,2026-01-10T20:43:00,664.87,refunded
b3038318-3b4b-4be0-8667-e4aa735002be,CUST0158,2026-01-10T20:50:00,3210.64,cancelled
b703063a-f748-4d2e-b9db-af5e39660de5,CUST0421,2026-01-10T20:57:00,3774.53,processing
51606b81-c208-4a82-b51e-fc9b38d58168,CUST0159,2026-01-10T21:04:00,4706.09,completed
06028e8d-0404-4c6c-b8f4-839b7b697f5f,CUST0119,2026-01-10T21:11:00,2335.68,pending
a3f99dd5-8cfc-44ba-9d30-a6362a0f041b,CUST0030,2026-01-10T21:18:00,4558.24,processing
0aae08ba-7aeb-46a2-a7a4-37993fb3d0fa,CUST0121,2026-01-10T21:25:00,1897.61,pending
cf4444c4-9944-40cd-b8f8-568fea5ec458,CUST0055,2026-01-10T21:32:00,2300.09,processing
9c25e0bb-0da7-4872-ad91-f32769bdb369,CUST0243,2026-01-10T21:39:00,4190.97,refunded
47d0e1dd-ee51-4abd-abb9-3130fa6ff447,CUST0232,2026-01-10T21:46:00,1636.93,completed
72b030f5-8451-4124-9a77-26f21c007f58,CUST0467,2026-01-10T21:53:00,1759.29,completed
ba82aede-70c0-4e61-8e43-c9631406319d,CUST0431,2026-01-10T22:00:00,2328.37,refunded
7c36c7e8-c4f0-4efa-a18d-361a9943dd46,CUST0082,2026-01-01T01:35:00,75.00,not_a_real_status
70309f3a-0c68-41f3-b77d-d3e3e27f136f,CUST0251,2026-01-10T22:07:00,3156.97,pending
41673e71-b2f4-4d05-b4b2-ffa23d62ba86,CUST0422,2026-01-10T22:14:00,2533.94,completed
85abb68f-c519-4824-b078-9c6d5e27bb00,CUST0194,2026-01-10T22:21:00,4173.82,pending
e4cd5e0b-088a-4d27-a3a7-e9552927ed75,CUST0225,2026-01-10T22:28:00,4754.39,pending
0e5d73a3-42d4-4435-b000-063ac7d5efa3,CUST0025,2026-01-10T22:35:00,1389.71,refunded
708120d4-034b-413e-9924-f8d4e6f186a8,CUST0496,2026-01-10T22:42:00,3132.16,pending
af1d11c6-5564-47f6-85a4-07cdd8f17b49,CUST0102,2026-01-10T22:49:00,3276.37,cancelled
cd825faa-42f6-4061-9cbe-9c2123d0de85,CUST0292,2026-01-01T01:19:00,75.00,not_a_real_status
9d6fba39-ee60-432d-b178-e83e66797d95,CUST0429,2026-01-10T22:56:00,4477.13,processing
7c86d1aa-0ccf-459b-b114-035a2f82118e,CUST0371,2026-01-10T23:03:00,52.17,cancelled
8748b7c3-b9e8-46c0-a848-95dd2d4c5c29,CUST0261,2026-01-10T23:10:00,2228.01,refunded
d3c6f62f-1310-4706-af96-9d91e3bfac6d,CUST0307,2026-01-10T23:17:00,2837.04,pending
,,not-a-date,abc,
e8435df6-8ae3-42e5-854c-7095d23292db,CUST0204,2026-01-10T23:24:00,1087.48,pending
d33d1d98-ee64-487c-96ef-11c1acfe4235,CUST0287,2026-01-10T23:31:00,4697.12,cancelled
ceba6215-34da-4adb-bf4a-a85c647e88ec,CUST0461,2026-01-10T23:38:00,4947.31,refunded
cb6b000c-e872-4a7e-b9ad-9531c90e4b27,CUST0268,2026-01-10T23:45:00,4704.94,processing
16407489-3137-48d3-9af2-2522432d3c8f,CUST0044,2026-01-10T23:52:00,586.35,completed
86267d4d-0bfd-4882-8a33-5e753437b7ea,CUST0006,2026-01-10T23:59:00,2508.79,pending
8a758068-e46a-4569-ac99-319b3059efed,CUST0131,2026-01-11T00:06:00,80.62,completed
9d6a0a51-7be2-4222-9f17-6204546edb5d,CUST0207,2026-01-11T00:13:00,3654.69,processing
64a8e421-497f-4c9e-af71-5816fdcbe1bb,CUST0348,2026-01-11T00:20:00,3126.27,pending
793dbcc5-834a-4ec6-b45d-3bcb3c95f983,CUST0245,2026-01-11T00:27:00,4947.78,pending
0c98daae-bb52-4629-94e6-8033f607998a,CUST0073,2026-01-11T00:34:00,3684.03,cancelled
18c68e86-cddf-4550-8cbc-1cb4706c9482,CUST0350,2026-01-11T00:41:00,3945.15,pending
09633930-d57c-456b-a58d-ae14167b585a,CUST0261,2026-01-11T00:48:00,2428.82,processing
87f89eee-21fd-4136-bde2-fce2dee70e1a,CUST0253,2026-01-11T00:55:00,2745.89,processing
9a047190-b902-4739-ad5b-57cd82579dc5,CUST0166,2026-01-11T01:02:00,1363.67,processing
ce5a145a-305c-4310-976b-6c8d9c1efadb,CUST0103,2026-01-11T01:09:00,3560.56,processing
a8b8dea7-c097-4cad-9a33-7c24c777ac1e,CUST0491,2026-01-11T01:16:00,1341.77,processing
18783508-f07a-40c6-a623-68e37b05e82a,CUST0277,2026-01-11T01:23:00,4195.69,processing
b796022b-0488-48e4-8e7a-f81cc4c6d6bc,CUST0161,2026-01-11T01:30:00,1891.88,cancelled
9b12636f-c3f3-4f94-bae0-405ff8aad5a1,CUST0083,2026-01-11T01:37:00,3028.36,refunded
76044eff-0d20-45c7-97f2-60c5ed6d895d,CUST0422,2026-01-11T01:44:00,1612.86,completed
23e64a15-c332-4a4e-b1b0-056f563d09a6,CUST0331,2026-01-11T01:51:00,4264.52,cancelled
e860722a-375f-41ad-8014-e5fe5a197ea9,CUST0375,2026-01-11T01:58:00,1635.63,refunded
0368393b-3932-4508-bb5b-b587e7d73cff,CUST0346,2026-01-11T02:05:00,2546.1,cancelled
bf19b874-1ed7-4f14-a8d8-fa63e374b1f1,CUST0373,2026-01-11T02:12:00,2842.63,pending
d4a317cf-bf50-4446-b9e3-11f0330b2a4a,CUST0450,2026-01-11T02:19:00,3502.55,completed
4fcfc5a9-9b86-43a0-b26f-09679987b18c,CUST0404,2026-01-11T02:26:00,3155.84,processing
e821e7d6-03cd-4293-89a6-e93408923a60,CUST0208,2026-01-11T02:33:00,1199.59,processing
cf0485aa-3b46-41ff-a680-19781fc2a0fb,CUST0125,2026-01-11T02:40:00,2719.75,pending
db11cae2-facb-476b-b9f9-d584b4ab3599,CUST0010,2026-01-11T02:47:00,3255.69,cancelled
303d1cf0-e5a7-4847-907f-3468aaf9092a,CUST0347,2026-01-11T02:54:00,2374.43,completed
4cef2420-eca8-4b11-b0a6-8302cc488af8,CUST0441,2026-01-11T03:01:00,4361.89,processing
c6465c5f-c617-4847-98aa-ee315141fa0c,CUST0225,2026-01-11T03:08:00,1620.71,pending
a666e138-0534-4771-902e-60faa4425572,CUST0138,2026-01-11T03:15:00,1805.01,processing
ad7fd66c-d201-42e5-8f05-242584f3b1f5,CUST0210,2026-01-11T03:22:00,4576.75,pending
7b0e9742-cd90-430e-b603-dc4d4280262f,CUST0116,2026-01-11T03:29:00,178.7,refunded
1060d1f5-cbf6-4d6d-8b0e-6310f382428d,CUST0109,2026-01-11T03:36:00,2528.27,cancelled
0a139265-7d41-4fe7-8853-3f56397b2621,CUST0298,2026-01-11T03:43:00,3948.78,refunded
d4f7bee3-fd1e-44fe-aa8f-a13743d5a731,CUST0231,2026-01-11T03:50:00,4646.67,refunded
8c727f23-2d02-43f6-8f36-123adf76b4ac,CUST0062,2026-01-11T03:57:00,3327.34,processing
abddba5d-6083-40bb-8a50-ee47ec444096,CUST0166,2026-01-11T04:04:00,3228.01,processing
05038bb5-a19f-420e-b114-46b3844529c5,CUST0300,2026-01-11T04:11:00,4698.62,pending
6b5a0288-c6d0-4e00-8906-7cc90ae8f841,CUST0431,2026-01-11T04:18:00,4541.98,refunded
0e1b3906-c4de-477f-880c-e977bb7609fd,CUST0015,2026-01-11T04:25:00,4626.29,processing
166be57f-5cbc-4d34-80e0-1dee7f620228,CUST0010,2026-01-11T04:32:00,289.61,processing
73e9d33e-b5e7-465b-812d-d1f03061c7be,CUST0044,2026-01-11T04:39:00,1466.38,pending
77d6f86e-6ec3-4a8a-81c0-09f4ce4a8d00,CUST0118,2026-01-11T04:46:00,2672.94,processing
c0c5e289-a206-4362-876b-5b20218fa694,CUST0135,2026-01-11T04:53:00,1485.23,processing
fcc6885f-b66f-4edc-a601-f186047c0cd8,CUST0370,2026-01-11T05:00:00,3716.36,refunded
a380bea8-60f8-4484-800d-2efb38c24200,CUST0294,2026-01-11T05:07:00,1094.06,completed
281ed2a5-5fbf-4255-916d-0467ddc3ed7e,CUST0442,2026-01-11T05:14:00,3392.68,processing
a4193630-299b-45d8-ae8f-abd63b634c35,CUST0226,2026-01-11T05:21:00,1514.87,refunded
9532d5be-a45b-4e5e-b55f-27826d3f9d32,CUST0001,2026-01-11T05:28:00,3950.06,pending
1d0390f6-bf51-471a-ad50-eff26affb55a,CUST0448,2026-01-11T05:35:00,4765.06,refunded
f5d824b9-7c8f-4541-948e-44de6f204f21,CUST0274,2026-01-11T05:42:00,1567.51,pending
1d5f4d72-6f30-43f5-ae9f-2911b59434e3,CUST0482,2026-01-11T05:49:00,4330.62,cancelled
c4e04d6f-7be9-4399-96cb-a9f7aa874197,CUST0017,2026-01-11T05:56:00,4940.93,pending
51959f75-4703-4a2c-afe0-83eaaef23ea6,CUST0267,2026-01-11T06:03:00,3660.82,completed
90a29d14-56bc-44e4-a3b5-a7c0e84c24c4,CUST0142,2026-01-11T06:10:00,3548.53,cancelled
0332f02a-d9f0-4b12-a6bb-ffcc1e9e92d3,CUST0182,2026-01-11T06:17:00,220.73,cancelled
7496de5c-209c-4842-b50f-28f0c4c82d38,CUST0452,2026-01-11T06:24:00,1460.09,processing
fdee7482-cd61-4fd6-9f0d-fe3a778235c7,CUST0134,2026-01-11T06:31:00,2609.22,pending
2337f7c7-58cd-4ede-8667-5036988bdc93,CUST0299,2026-01-11T06:38:00,538.8,processing
100076bd-728e-4f83-a9e0-dda08541add3,CUST0100,2026-01-11T06:45:00,3461.27,processing
321c0fb8-04b8-46b9-ad10-490cb4c82c7f,CUST0473,2026-01-11T06:52:00,186.71,pending
491acadb-8778-47eb-8cc8-5cea4cd09fdb,CUST0252,2026-01-11T06:59:00,2141.17,completed
fbbd4942-94b3-427d-80d8-306729d5c802,CUST0494,2026-01-11T07:06:00,398.97,processing
dac9e23a-566c-4675-9f9d-e881cbc50393,CUST0266,2026-01-11T07:13:00,1370.41,completed
000165c0-bd46-4b1d-990f-486acee05cf9,CUST0494,2026-01-11T07:20:00,2749.67,refunded
68353cf6-c6f0-40cd-9722-d77f1a2ba058,CUST0416,2026-01-11T07:27:00,2886.33,cancelled
351ebecc-1f3f-4c72-adcc-bab23b6b3131,CUST0157,2026-01-11T07:34:00,1754.21,processing
2a41bc9d-9099-4738-a504-044144fabad1,CUST0131,2026-01-11T07:41:00,1331.39,cancelled
f9fbe25d-0c40-45a2-a509-e211031db995,CUST0074,2026-01-11T07:48:00,2884.16,processing
200eed95-9122-4183-835f-d57542e850e7,CUST0142,2026-01-11T07:55:00,2101.75,processing
fba58d72-8be9-4d44-923e-e548a16c7895,CUST0074,2026-01-11T08:02:00,2424.74,cancelled
0520b5e2-41fb-45d5-87b3-14db6640394b,CUST0225,2026-01-11T08:09:00,4769.44,cancelled
3765f4f4-b06d-4a34-9da4-87227c8d17b0,CUST0232,2026-01-11T08:16:00,924.75,pending
80e3c1bf-bad4-46a2-8713-7ab24b49679d,CUST0039,2026-01-11T08:23:00,1453.35,completed
0d428a7a-f230-4ff1-a61e-22a392e0ba35,CUST0009,2026-01-11T08:30:00,1529.5,cancelled
500ee9ef-b2da-4889-8295-d5178365e6ba,CUST0248,2026-01-11T08:37:00,41.79,completed
33ae3f66-15fc-45a6-88dd-170685b3ebdb,CUST0181,2026-01-11T08:44:00,1165.29,completed
3615db02-3d75-4922-bd3b-54194671e2b2,CUST0140,2026-01-11T08:51:00,35.15,processing
e17bc9fa-606a-481e-9eb6-4a3010c37a90,CUST0115,2026-01-11T08:58:00,2024.5,refunded
c81de531-249f-4b10-b18f-93fa2a358576,CUST0279,2026-01-11T09:05:00,2342.1,cancelled
108bc18b-eb19-4911-80ee-9a234f3b9616,CUST0452,2026-01-11T09:12:00,1399.91,completed
844c5629-d50b-4236-9282-fc84c5a9618d,CUST0134,2026-01-11T09:19:00,2022.77,completed
bbfddf0e-abd1-41a6-9d7a-16f534ca95fd,CUST0392,2026-01-11T09:26:00,2095.03,refunded
8ad1b58b-dcaa-47e8-b5a2-a4c58251b884,CUST0314,2026-01-11T09:33:00,1604.98,pending
adae858d-5d37-4dc3-b132-731483cfa3d9,CUST0199,2026-01-11T09:40:00,2062.7,refunded
2e4981b2-a9dd-44ef-94ec-1d9318d79fa4,CUST0177,2026-01-11T09:47:00,245.47,pending
1e0d9579-fa23-4e9a-a14c-bbe931e7bbfd,CUST0480,2026-01-11T09:54:00,1425.46,cancelled
06a70922-a586-4380-bc7a-039f181f04ab,CUST0432,2026-01-11T10:01:00,3048.25,pending
1fc8a75b-859d-4ef8-8c9d-c27415fda4a7,CUST0085,2026-01-11T10:08:00,2709.62,refunded
9cdfbb70-0723-4c30-b977-392b76ad2110,CUST0031,2026-01-11T10:15:00,54.75,processing
489121f2-ab40-4fb3-849d-66005410955b,CUST0379,2026-01-11T10:22:00,1394.06,processing
fb4f6ccc-26ab-44a0-883b-78e507b076e5,CUST0402,2026-01-11T10:29:00,2882.58,refunded
c670439c-df54-4d92-ba11-35c638173217,CUST0149,2026-01-11T10:36:00,223.37,pending
eae92c5e-8797-4130-804f-c7f3c094a139,CUST0350,2026-01-11T10:43:00,1691.81,refunded
bb482586-3d63-49cf-ac80-22c53ca47870,CUST0185,2026-01-11T10:50:00,3613.18,processing
367cc9e6-4cca-42d8-b7d3-288494034c98,CUST0271,2026-01-11T10:57:00,3585.3,processing
760c9253-bbe3-4e9d-8f92-19bfbc0f78df,CUST0446,2026-01-11T11:04:00,4642.74,completed
9c9ba083-8c51-4db9-984e-0f00980a5816,CUST0208,2026-01-11T11:11:00,1071.95,processing
6478ecf7-cb31-43f4-b81c-3e1089311100,CUST0497,2026-01-11T11:18:00,904.82,refunded
89a76726-2cac-415c-9583-f471a5e6429a,CUST0003,2026-01-11T11:25:00,3022.81,cancelled
388026b2-225a-4a2e-b9fa-34b8afe1c065,CUST0365,2026-01-11T11:32:00,4728.83,completed
8f41f04a-a141-4960-a8aa-2a977a5ff31f,CUST0388,2026-01-11T11:39:00,1278.91,completed
af63b395-d1f0-409b-82ea-2cb7d117e216,CUST0031,2026-01-11T11:46:00,1705.06,cancelled
cc06015a-d115-4dc9-9035-80d5bbc38d30,CUST0178,2026-01-11T11:53:00,574.88,refunded
286b6998-7ff6-4e26-ae20-8ac64992134e,CUST0042,2026-01-11T12:00:00,3032.63,completed
18e62a81-23fa-4bc5-a880-4fc8913cff51,CUST0465,2026-01-11T12:07:00,3987.47,completed
4b1db47b-9c08-498d-bd70-a55a08ce4b82,CUST0208,2026-01-11T12:14:00,4271.17,processing
b0294198-9a90-49aa-9062-0d692bcea116,CUST0290,2026-01-11T12:21:00,2937.43,pending
571531cb-4b8f-4fb8-b234-22cb10c632a5,CUST0242,2026-01-11T12:28:00,279.73,cancelled
f7afdd5b-07a1-49b0-bb65-a7a73f3cb34c,CUST0075,2026-01-11T12:35:00,4367.59,completed
75bec218-cec9-4f2a-bd71-62413403d73f,CUST0398,2026-01-11T12:42:00,4765.19,refunded
2d7441d1-424f-4100-97ae-05e32e28d26c,CUST0420,2026-01-11T12:49:00,3999.35,cancelled
9d4965bf-129e-490e-a67e-f933bb761040,CUST0397,2026-01-11T12:56:00,729.78,pending
1118af01-1a9f-40b0-8e45-02958a5c6df6,CUST0404,2026-01-11T13:03:00,73.16,refunded
77d42075-b143-40ff-8ccb-7641eeb66de0,CUST0134,2026-01-11T13:10:00,3857.28,pending
86c612d0-c73d-4f1c-9958-362d624db4b8,CUST0458,2026-01-11T13:17:00,4897.32,processing
5fe07912-444c-4cde-a911-7b4d82dd7ea8,CUST0399,2026-01-11T13:24:00,81.21,cancelled
4a442584-89ff-4d49-b5d3-725e4dc476d4,CUST0275,2026-01-11T13:31:00,1463.53,refunded
ad20e554-9f79-4469-9868-8a54eb7b8095,CUST0428,2026-01-11T13:38:00,2230.3,refunded
dfc8a6d5-492b-4ad8-b1de-d98818fde7a3,CUST0181,2026-01-11T13:45:00,4063.33,refunded
49bce9e1-04a1-4ac1-9725-2465bc055e5f,CUST0443,2026-01-11T13:52:00,1461.66,cancelled
3cf01494-c595-441c-9870-0ef9b8640029,CUST0382,2026-01-11T13:59:00,2480.68,pending
d5c41349-9452-4963-ac25-f307072f09f0,CUST0068,2026-01-11T14:06:00,92.93,cancelled
ba9c0731-de5d-464c-bac9-e8d8f08e69b9,CUST0050,2026-01-11T14:13:00,3914.22,cancelled
53cb9df7-9a97-4f54-8016-5bdd5603feaf,CUST0129,2026-01-11T14:20:00,1492.53,processing
25b78ecb-dff9-4a26-9c99-816dffa57c74,CUST0112,2026-01-11T14:27:00,4814.27,completed
478d56e8-92ac-4fbd-a2cf-252ebe0d6e14,CUST0059,2026-01-11T14:34:00,4472.05,cancelled
2e4309c0-6df7-4c5a-9c4f-e30a42217ea2,CUST0276,2026-01-11T14:41:00,1746.99,completed
248befd6-3da0-4cde-ab6f-0bc70e891777,CUST0167,2026-01-11T14:48:00,3629.12,refunded
00008474-49e1-493c-8230-b2f67e1c2308,CUST0244,2026-01-11T14:55:00,2510.71,pending
2923732e-ead4-412f-8edc-73d40cd732a1,CUST0123,2026-01-11T15:02:00,1021.67,pending
436746d7-170b-4c5f-aef5-5450c014750d,CUST0036,2026-01-11T15:09:00,4564.87,pending
ad496722-abf5-4214-8ca7-6059f7b62d73,CUST0154,2026-01-11T15:16:00,4472.92,cancelled
54a58ed9-a05c-4b8b-ac90-710d24845945,CUST0263,2026-01-11T15:23:00,1447.71,pending
70651e8d-1dd4-43c4-948e-47d13185f88c,CUST0109,2026-01-11T15:30:00,4427.6,pending
521a7c59-1955-4973-8b22-8df07803f4ac,CUST0271,2026-01-11T15:37:00,3910.05,cancelled
2e1621b2-7a75-420d-9455-2158d638a4cc,CUST0187,2026-01-11T15:44:00,592.82,completed
a0fd28c9-74cf-4a2f-a686-0c386f1b57b9,CUST0010,2026-01-11T15:51:00,3846.22,completed
1e624b3e-f0fe-4431-8b61-fa25eaf7d5f3,CUST0454,2026-01-11T15:58:00,4630.52,processing
e40f8532-397d-46c9-8ec4-86c4fbf62323,CUST0240,2026-01-11T16:05:00,1983.03,processing
8215dfd9-76c8-438e-9a00-a4ad84fc428e,CUST0414,2026-01-11T16:12:00,1546.63,completed
bf8d308b-b532-4fd2-ac15-bb10b9027947,CUST0482,2026-01-11T16:19:00,4691.7,completed
da017547-7f6d-42f5-a307-61276cb53b16,CUST0331,2026-01-11T16:26:00,4441.92,refunded
eb36045f-8a3e-4f69-bb91-4f2323abf921,CUST0320,2026-01-11T16:33:00,1386.85,refunded
c2dcd54c-0021-40c6-a3f0-b8abb739f758,CUST0317,2026-01-11T16:40:00,4712.4,cancelled
7509b615-f57a-4106-9d47-d0367e858f4e,CUST0431,2026-01-11T16:47:00,3907.82,cancelled
8c2a3758-4590-4635-b52a-22c54fa0bcef,CUST0207,2026-01-11T16:54:00,1834.39,completed
e6cbbcb4-3461-40cc-9c0b-2d1303bf1f51,CUST0054,2026-01-11T17:01:00,2347.5,refunded
d333a325-2619-40ca-bf9d-7f5769d6cf7a,CUST0221,2026-01-11T17:08:00,3068.4,refunded
bbbc06ad-e25a-4b77-a8b2-9e13eb1ea4f1,CUST0476,2026-01-11T17:15:00,895.57,cancelled
637c1bc0-d6b2-42c0-b114-521c4e22dafc,CUST0491,2026-01-11T17:22:00,3023.83,refunded
dc4038ba-0f2a-420f-af5f-979f17bbbc16,CUST0469,2026-01-11T17:29:00,3248.91,cancelled
fda63059-bbcf-4ad2-8fb0-e81075501b83,CUST0424,2026-01-11T17:36:00,276.91,cancelled
181aec59-c314-419f-9de1-d4e128098875,CUST0161,2026-01-11T17:43:00,4939.88,pending
ca994604-010e-4604-a043-3d8d09234b4e,CUST0252,2026-01-11T17:50:00,41.28,completed
af4e7baa-7153-4dad-86d2-34e2af681072,CUST0226,2026-01-11T17:57:00,794.72,processing
8e01f4b2-5cf7-44f6-8a8a-3125f750968a,CUST0454,2026-01-11T18:04:00,2904.91,cancelled
4f01e1d4-2bf9-42ba-b506-7e66e9c3f56a,CUST0207,2026-01-11T18:11:00,4154.98,processing
be0e6906-4d2c-49f4-b02d-f5f71ddbf31f,CUST0348,2026-01-11T18:18:00,3843.75,pending
ca024066-1438-4f1f-ae30-47b3f0b8da19,CUST0464,2026-01-11T18:25:00,4620.87,processing
31a0e18c-1bcf-4c01-abc8-c5b62e872466,CUST0288,2026-01-11T18:32:00,3914.94,cancelled
9e8123fb-1b07-4e07-9a46-8e38d25472e4,CUST0002,2026-01-11T18:39:00,2651.2,completed
1f731dae-9d9b-44ad-881d-4298887ae9ce,CUST0194,2026-01-11T18:46:00,2676.1,pending
460aa32a-0150-4668-a5bf-789779b6a972,CUST0248,2026-01-11T18:53:00,4821.08,processing
54aa292c-f18b-40f3-9767-48b18a61bd7f,CUST0385,2026-01-11T19:00:00,3773.97,processing
841611cf-adca-4207-8e62-1e4efe364b46,CUST0413,2026-01-11T19:07:00,2747.31,refunded
8dbcefdf-3c37-4680-9b4c-4899fa00478c,CUST0008,2026-01-11T19:14:00,2362.46,processing
60bfb6f0-c63e-4220-a329-2f04dee1a99e,CUST0227,2026-01-11T19:21:00,2452.79,cancelled
e94c51e3-31a9-440d-937d-a83c118d0411,CUST0188,2026-01-11T19:28:00,604.65,cancelled
967a01da-c786-4c05-82f1-0b98547d7c36,CUST0470,2026-01-11T19:35:00,4885.37,refunded
f6988aa9-be88-4804-a18f-977f666ab254,CUST0295,2026-01-11T19:42:00,3688.85,pending
46bffbd6-891f-4b2c-ba09-46203fdd9875,CUST0019,2026-01-11T19:49:00,3540.63,cancelled
c4f8d9a8-4fe8-4d74-9c85-a85c95614aa8,CUST0192,2026-01-11T19:56:00,4565.21,cancelled
02dc009d-ae38-4aeb-b8d8-f98061a85cf2,CUST0031,2026-01-11T20:03:00,2245.71,cancelled
b5bea9f6-577d-4974-8f0d-7498169f633f,CUST0067,2026-01-11T20:10:00,4589.3,refunded
7ceba01d-a960-422e-b7e3-482565f0e080,CUST0079,2026-01-11T20:17:00,1896.79,pending
94d639b4-8188-42f0-b15b-c9dfde33ab86,CUST0241,2026-01-11T20:24:00,3744.89,processing
6864770f-1d91-419e-8f99-c06911580f5d,CUST0412,2026-01-11T20:31:00,1908.9,processing
7bdd189a-6d8c-4384-9845-804eb2f15120,CUST0372,2026-01-11T20:38:00,2267.86,pending
c9b5b564-6002-445e-ae60-df1dada5a2c2,CUST0073,2026-01-11T20:45:00,999.28,cancelled
b963a948-10fc-4093-bc71-06da2c3956d4,CUST0286,2026-01-11T20:52:00,3044.71,processing
ebe4eef1-1a75-409a-9d31-40f38affd1bf,CUST0326,2026-01-11T20:59:00,459.18,processing
8b11d832-b23b-42eb-a283-894293039c31,CUST0430,2026-01-11T21:06:00,4641.48,pending
55e1af13-fc8b-41c9-ab34-84034a842b85,CUST0100,2026-01-11T21:13:00,3857.19,processing
c78560a1-16b4-46bb-91ac-698f46656416,CUST0064,2026-01-11T21:20:00,4525.38,pending
db9be54e-fc20-4a49-ba73-c972a3cf0f4e,CUST0306,2026-01-11T21:27:00,3552.08,completed
63aa7d67-75ff-4f6f-a18e-5c0674fb9f62,CUST0478,2026-01-11T21:34:00,3467.93,processing
096aefaa-8538-40a3-bac6-ed6f8f5f8ba7,CUST0399,2026-01-11T21:41:00,4675.32,refunded
1542cc87-c6ff-4654-a884-10325c4482f4,CUST0491,2026-01-11T21:48:00,2915.76,completed
30b7c621-3582-4920-a3a5-cd6f681b1f6b,CUST0073,2026-01-11T21:55:00,3072.57,pending
b73a6191-97bc-404e-868b-6ca6aa097597,CUST0119,2026-01-11T22:02:00,1341.3,refunded
1b06f53b-3a75-4b2e-be3c-6e15961a3b14,CUST0020,2026-01-11T22:09:00,4742.47,refunded
4530de40-6640-48c9-a196-44b253cc94b0,CUST0372,2026-01-11T22:16:00,3951.11,refunded
4c254400-a13d-48eb-a386-28a02e0deb4e,CUST0078,2026-01-11T22:23:00,3685.53,refunded
2c8d2bc7-7f05-45c8-ace0-f35a807d70fb,CUST0227,2026-01-11T22:30:00,222.44,completed
30fc144f-d7d3-4b82-b7d6-c33d0a251703,CUST0135,2026-01-11T22:37:00,213.52,completed
a03592d3-af4f-49b2-a69e-2ad0f77b1e25,CUST0463,2026-01-11T22:44:00,3187.44,processing
bdb74b86-86a4-4815-ac22-67a47fa40400,CUST0255,2026-01-11T22:51:00,1720.13,cancelled
072a2825-e770-4a2a-a474-98def463d29e,CUST0280,2026-01-11T22:58:00,4096.21,cancelled
e698260e-0a24-4eb5-a536-448ab618cf9f,CUST0082,2026-01-11T23:05:00,3683.76,completed
1f8f6a91-33ad-405f-a8d9-f0354bf9a089,CUST0039,2026-01-11T23:12:00,1956.63,pending
e1a8f2d1-8df5-4d76-9372-592f5d89d512,CUST0225,2026-01-11T23:19:00,2647.07,refunded
569bfb38-23b3-4412-9ce3-ac22fdb162e5,CUST0057,2026-01-11T23:26:00,843.31,pending
57c5e708-e8d5-4f54-9edf-b4b2f908a3ab,CUST0308,2026-01-11T23:33:00,2650.56,processing
bd483cbb-8a15-4460-9a7c-489f90f0c941,CUST0424,2026-01-11T23:40:00,46.26,completed
e1573bd5-19c3-486b-a7c8-c2f1ef1044e4,CUST0281,2026-01-11T23:47:00,112.43,cancelled
e15d8b47-0615-4801-8e69-706057aa82c9,CUST0202,2026-01-11T23:54:00,2790.12,refunded
a8159e76-9e5d-491e-80c6-806b9f43bfdd,CUST0377,2026-01-12T00:01:00,3452.71,processing
cac8a298-40a7-4ea2-a173-2712fb099bdb,CUST0425,2026-01-12T00:08:00,4445.03,refunded
885bd5d6-cd57-4ef7-bf7d-3a2534265c37,CUST0359,2026-01-12T00:15:00,4738.84,cancelled
43aceec3-f733-49c5-a991-e8feb182b727,CUST0414,2026-01-12T00:22:00,3130.0,cancelled
ff9cd57e-df5a-446d-a93a-18ba0c17dba3,CUST0188,2026-01-01T00:18:00,-50,pending
e3c7d116-6ad5-4759-92c8-ea65bee262eb,CUST0443,2026-01-12T00:29:00,3262.57,processing
6c21e585-d9ac-4210-8872-ac2744117c59,CUST0097,2026-01-12T00:36:00,2868.89,refunded
3182b6f4-b834-4032-a96a-15c0fb63e533,CUST0076,2026-01-12T00:43:00,2000.9,refunded
14956063-0b90-410b-b5ac-a14ec61894c6,CUST0493,2026-01-12T00:50:00,3253.22,cancelled
4dc3490f-96a7-47c4-98a0-6c254c0cd021,CUST0173,2026-01-12T00:57:00,347.28,completed
440ec0a4-c6b6-4d49-b7c7-9da7ae97401f,CUST0070,2026-01-12T01:04:00,99.22,completed
1e1650b7-b827-4bfa-b201-7b70e87410b6,CUST0173,2026-01-12T01:11:00,4176.0,cancelled
c13ea9ca-dff6-4a91-8b16-32a8abea4aac,CUST0223,2026-01-12T01:18:00,3014.29,pending
0ff77d3c-755a-4581-a806-52e65ebb8e1a,CUST0166,2026-01-12T01:25:00,3123.06,completed
b4c8745f-80a0-45aa-9047-ae4972786981,CUST0021,2026-01-12T01:32:00,3491.63,completed
3379e4ae-776d-47f7-9b4d-6521184eb5a4,CUST0150,2026-01-12T01:39:00,2129.13,completed
e4863afb-69b1-4121-83d0-f5f450e9b20c,CUST0020,2026-01-12T01:46:00,2095.64,processing
f42a1091-777a-4a7c-bab1-f12af705f39f,CUST0270,2026-01-12T01:53:00,1582.74,completed
1bacd534-08ca-4bdd-ba0a-9c20896e2bcc,CUST0117,2026-01-12T02:00:00,766.44,processing
e604926d-61e4-42c6-a276-66aad7079481,CUST0055,2026-01-12T02:07:00,935.49,cancelled
a996de1e-296a-4541-b0e6-1d48ae4497b3,CUST0237,2026-01-12T02:14:00,4776.12,refunded
3fa4e2ae-8a6a-4404-b393-304b21de8397,CUST0462,2026-01-12T02:21:00,4268.52,pending
dd7fbeec-7eba-4d08-8fcc-0911a8aafafd,CUST0305,2026-01-12T02:28:00,398.38,completed
5b912a48-bf84-46b9-a78b-d169dd81939c,CUST0010,2026-01-12T02:35:00,4613.69,refunded
1f35a846-5739-4472-8d66-1c166b59714f,CUST0205,2026-01-12T02:42:00,1992.78,cancelled
86247bbe-c91a-4775-a7a3-aa8435d40e79,CUST0465,2026-01-12T02:49:00,4819.35,refunded
2a08a641-89a1-4818-a069-8b71232b9b50,CUST0120,2026-01-12T02:56:00,4635.75,pending
f81da9f3-5af4-4bc3-8c17-447b7cf74936,CUST0172,2026-01-12T03:03:00,3933.38,cancelled
c4819509-9e93-46a0-a3f5-1ec0ddcd7cde,CUST0187,2026-01-12T03:10:00,1146.69,processing
52c20a4c-0d4e-43c4-89fc-f914e908ea5d,CUST0151,2026-01-12T03:17:00,1764.28,cancelled
8b512ccc-08e5-4ed5-ae17-fb9a4afe3459,CUST0018,2026-01-12T03:24:00,4645.59,completed
f14206dd-f72d-4f5c-88db-8239e164f8a1,CUST0304,2026-01-12T03:31:00,3394.15,cancelled
56c6cff5-a4fa-4ed1-8f75-cc0ac895f179,CUST0430,2026-01-12T03:38:00,2288.34,cancelled
8e210e03-5dab-4002-95d6-ad74e5f698f0,CUST0234,2026-01-12T03:45:00,693.76,completed
e940d034-d420-4197-b8ba-f51623b3e6ea,CUST0084,2026-01-12T03:52:00,1254.32,pending
50000eff-e6d7-484a-9d8a-7484362ba867,CUST0187,2026-01-12T03:59:00,361.69,refunded
e84b9ea5-2298-4a21-9f49-bdc669502538,CUST0475,2026-01-12T04:06:00,3073.79,processing
51bfb677-844f-464b-9e49-e99aa765ce5a,CUST0390,2026-01-12T04:13:00,940.56,cancelled
27ce7681-4daf-42d7-b5ba-127cad41ccb3,CUST0003,2026-01-12T04:20:00,1540.42,pending
96645a44-f00f-4ec3-83ae-10ab8049d296,CUST0166,2026-01-12T04:27:00,3256.73,refunded
5e6bbb80-9b1a-4897-95a1-1eb77d8caef6,CUST0238,2026-01-12T04:34:00,3796.79,refunded
05679dab-b0d5-44c8-8a4a-73d62a5e458e,CUST0361,2026-01-12T04:41:00,3553.15,processing
45e8a42a-4cb4-4841-92db-1f0278e914b3,CUST0375,2026-01-12T04:48:00,4064.32,completed
4984d53e-b0e8-4fee-8f52-0adefa0a83bd,CUST0290,2026-01-12T04:55:00,2923.35,processing
1cdbbbe6-ae4e-4290-a4f2-0b257d919bc9,CUST0011,2026-01-12T05:02:00,1938.49,refunded
f46bc4d0-b558-4aa2-afb0-5b694639c57b,CUST0183,2026-01-12T05:09:00,972.88,completed
b2c05abf-3884-426c-9ba1-ce91e937bd0c,CUST0246,2026-01-12T05:16:00,71.3,processing
b92e21ff-2ae3-43e5-9466-c109cbe80c75,CUST0403,2026-01-12T05:23:00,3538.57,processing
3c59a920-5262-4c5b-b82a-76154da63319,CUST0341,2026-01-12T05:30:00,1075.04,refunded
d360c3b7-d4df-484d-97cc-1adefc8b6372,CUST0341,2026-01-12T05:37:00,743.56,refunded
a17b0d28-57b7-4c29-8e56-bb60b57c7609,CUST0116,2026-01-12T05:44:00,3704.23,pending
65b771c1-0c2d-453d-8de5-fe51dd79dc4b,CUST0451,2026-01-12T05:51:00,112.09,processing
3bd3896e-a8b2-4573-862d-88edd4e338b3,CUST0397,2026-01-12T05:58:00,417.77,refunded
3e2d649c-d9f4-4d15-9f14-bf25c7eaf341,CUST0062,2026-01-12T06:05:00,1119.21,cancelled
1e128920-2fe3-4d05-8c2b-85b4ca15d0db,CUST0336,2026-01-12T06:12:00,3832.57,cancelled
09f50c7d-d3f8-4f53-84ac-f9e3b9979af3,CUST0254,2026-01-12T06:19:00,4769.36,refunded
0857c386-f249-4591-b086-4e0210bd59ed,CUST0003,2026-01-12T06:26:00,2778.35,pending
ad53c6b1-aebe-4f2b-a999-28f10f0ff3c8,CUST0326,2026-01-12T06:33:00,2113.18,processing
8200287b-a581-448e-b93e-1e1f50f87fdf,CUST0128,2026-01-12T06:40:00,3172.9,processing
468c78ed-2b18-4188-a4e6-92c741694e1a,CUST0173,2026-01-12T06:47:00,4466.42,cancelled
ec06b121-7209-412b-9f06-a51340755aa7,CUST0153,2026-01-12T06:54:00,1797.32,refunded
c1608299-ace4-4786-9c94-879d1ecd3d47,CUST0228,2026-01-12T07:01:00,4585.74,completed
18bcda32-e348-4b10-8bdb-9a409f24c3e5,CUST0090,2026-01-12T07:08:00,4245.25,processing
54c3eae7-9bf5-412c-bd67-c46c07207df5,CUST0471,2026-01-12T07:15:00,1578.01,pending
ed138b95-e865-4135-ae48-394437d4999a,CUST0067,2026-01-12T07:22:00,2341.9,processing
42868979-5d2c-49db-b481-495616e7a311,CUST0314,2026-01-12T07:29:00,2000.22,refunded
96e271f1-168a-47bb-b3cb-5c188c2d3420,CUST0328,2026-01-12T07:36:00,1007.15,pending
c1bd78db-d06f-4ae7-8fe0-d0174a41c1a3,CUST0190,2026-01-12T07:43:00,3251.53,refunded
02e2d864-0000-42dc-a293-0a48d1f111fa,CUST0391,2026-01-12T07:50:00,324.78,cancelled
a5983d97-e1a6-4bb2-91b2-2718b0a7ad71,CUST0391,2026-01-12T07:57:00,155.15,processing
5f6eae4d-fe7a-46b2-97d5-6bdbb587e20b,CUST0001,2026-01-12T08:04:00,1645.48,refunded
86cce919-a4cc-43af-a266-731e704f6bf2,CUST0030,2026-01-12T08:11:00,4143.54,completed
81ae6f68-c17b-4d7d-83d8-4478a8702278,CUST0005,2026-01-12T08:18:00,1729.84,cancelled
568973f3-23bc-4720-a24e-0859521a529c,CUST0028,2026-01-12T08:25:00,3072.51,processing
a4260713-4110-4267-9c2b-5b34e4e421a3,CUST0223,2026-01-12T08:32:00,51.3,completed
b61742b5-f46d-483c-9819-956507eaf00d,CUST0406,2026-01-12T08:39:00,1012.41,cancelled
780db88f-afb0-4498-a2bc-7d73a66dfe3e,CUST0216,2026-01-12T08:46:00,1010.38,completed
fc5590c8-ea8a-4ada-b25c-d55eefeb4623,CUST0494,2026-01-12T08:53:00,566.43,completed
1fed01ab-50ac-4a51-8635-1ff0f33336e4,CUST0166,2026-01-12T09:00:00,2426.34,refunded
41b834b5-8cb9-45f1-a517-3ca5e3f15da0,CUST0111,2026-01-12T09:07:00,4294.68,completed
8aa6a3b6-9ced-4914-a6d9-be81824a1260,CUST0362,2026-01-12T09:14:00,1500.16,completed
afc39a06-1a65-47cf-b3a0-13bd2ea2fe75,CUST0059,2026-01-12T09:21:00,4984.86,completed
48d5e82f-31e8-4aa8-8efc-5747db8f1118,CUST0132,2026-01-12T09:28:00,387.86,refunded
e898c157-8601-4490-badb-4c52ddc83ad8,CUST0246,2026-01-12T09:35:00,4834.0,processing
ba460338-9b13-41d1-9cf6-b5a8fd809c62,CUST0383,2026-01-12T09:42:00,3388.56,pending
54b1bf1a-1746-415d-adf6-a58f53c4767e,CUST0146,2026-01-12T09:49:00,3107.34,refunded
a92f882b-4b7f-4baf-9d43-56ee40b46699,CUST0262,2026-01-12T09:56:00,4651.38,cancelled
ed0222fa-e202-4915-baf1-37e341fba603,CUST0031,2026-01-12T10:03:00,4893.67,pending
0e7e6da9-4eb5-4651-87dd-7598393017d3,CUST0035,2026-01-12T10:10:00,4210.89,pending
5bb11412-3d10-4ea5-a6c8-79fd55996df3,CUST0444,2026-01-12T10:17:00,16.73,processing
89cae397-c46b-404b-ba06-8a534cb37f05,CUST0362,2026-01-12T10:24:00,3559.73,processing
fce2c830-684a-4d4d-b21a-4e64ed29967c,CUST0199,2026-01-12T10:31:00,3386.73,cancelled
03214f80-89f9-4218-b165-6014a889477c,CUST0166,2026-01-12T10:38:00,4275.9,pending
4d8ee672-539b-4a41-ad6a-1f877438b084,CUST0297,2026-01-12T10:45:00,2601.02,processing
70ab8252-5ab2-4fc3-b60a-2668a5f37d19,CUST0143,2026-01-12T10:52:00,3956.88,pending
11b4cb53-c0e5-4642-bd2a-ea94ce5bf0ad,CUST0037,2026-01-12T10:59:00,246.43,pending
bbec19b2-53d9-4774-a81c-6be0eda21d36,CUST0067,2026-01-12T11:06:00,1336.43,completed
bc831e9b-8a51-40e4-bcaf-9d2336663ed5,CUST0322,2026-01-12T11:13:00,1008.85,refunded
840a9254-6c48-4d1c-9d2d-cb4e34918cb6,CUST0354,2026-01-12T11:20:00,54.87,cancelled
d582bc7d-11a0-4e5e-bf7c-4a3a01094096,CUST0356,2026-01-12T11:27:00,1639.2,pending
4062d05c-bab0-4741-a049-d9f4c0f2d221,CUST0452,2026-01-12T11:34:00,2559.53,processing
98e4d512-9050-4d96-ac21-ba17ad8b2fdb,CUST0092,2026-01-12T11:41:00,3995.9,completed
01c17f43-8147-4ed4-b16a-b2ffa6665142,CUST0079,2026-01-12T11:48:00,3955.81,cancelled
68ad75f2-65a1-4809-89a9-6dcc720846c0,CUST0005,2026-01-12T11:55:00,3999.56,refunded
44f5f4dd-9082-4d11-95cd-b0c5879a7bdd,CUST0025,2026-01-12T12:02:00,3395.99,cancelled
836e058f-9bf8-4ab9-a3bb-8a82c9eecea9,CUST0389,2026-01-12T12:09:00,627.81,pending
76a52cd8-f59a-4331-b472-172ae55a23c6,CUST0327,2026-01-12T12:16:00,1497.36,processing
183b1387-4d24-483e-a413-b6f5d2273fdc,CUST0394,2026-01-12T12:23:00,4073.84,refunded
81b54f9f-3fe3-4ba7-b5b9-f5dbffca884b,CUST0393,2026-01-12T12:30:00,3031.6,pending
1b10c270-ebb6-4b3d-b401-345162e63ad4,CUST0016,2026-01-12T12:37:00,3509.22,refunded
d6ba4fd9-5df8-4952-8d0c-16dd72576d41,CUST0147,2026-01-12T12:44:00,4304.55,refunded
8f7b8dc8-fed2-4c7a-8dcd-e5acee59fb26,CUST0216,2026-01-12T12:51:00,3885.84,completed
31174c90-3e7b-453b-bc2e-f9150afc0cbf,CUST0019,2026-01-12T12:58:00,1998.32,completed
6239a2ff-8ed0-4aa1-9abe-3f7fb0e2fdf9,CUST0298,2026-01-12T13:05:00,2732.82,refunded
c9ed806f-2bdf-445d-844c-a6b60d7a9428,CUST0431,2026-01-12T13:12:00,2938.07,processing
5c7ded10-9b12-4534-ab97-87ab3031fbdd,CUST0115,2026-01-12T13:19:00,2516.3,pending
644b0bca-a214-4809-9c72-30ffcd87db8a,CUST0054,2026-01-12T13:26:00,496.32,refunded
b45870bf-82b5-42e3-8d2d-96d1ba912e2b,CUST0333,2026-01-12T13:33:00,608.34,completed
bd79c1b1-1f36-48bf-9891-5088f34976c9,CUST0124,2026-01-12T13:40:00,2219.14,cancelled
a40ea88c-d225-46ec-843e-87dcb0d8d69a,CUST0408,2026-01-12T13:47:00,2954.37,completed
3c457c83-ab5d-4580-844a-600eaf3bef9e,CUST0483,2026-01-12T13:54:00,3443.33,pending
5671cb65-df32-4b08-ae00-87c8437bc635,CUST0092,2026-01-12T14:01:00,2473.8,pending
081361a3-83ea-4395-b857-b7860e5ca86a,CUST0331,2026-01-12T14:08:00,4952.1,pending
041dcc62-f6d0-4fdf-87b4-320a439f2adc,CUST0122,2026-01-12T14:15:00,4364.88,refunded
2dfa1d9f-f18b-4d36-9659-76e74179d3e2,CUST0095,2026-01-12T14:22:00,4146.68,pending
b6d16c6e-4cd4-4991-94fa-baaba49b646e,CUST0476,2026-01-12T14:29:00,1289.24,pending
9018e34a-abbc-49a8-b66b-d36a99027cd0,CUST0252,2026-01-12T14:36:00,4758.34,processing
4a121996-2af5-4f1c-b889-1a5ba97de3cd,CUST0041,2026-01-12T14:43:00,3175.89,completed
4c5c1118-986c-461e-8f54-f219e37ecae9,CUST0142,2026-01-12T14:50:00,2379.13,cancelled
53bad2e7-afd9-423b-ba45-30bc49bf9564,CUST0109,2026-01-12T14:57:00,2384.88,refunded
c5db9015-7f29-4197-8c61-769818faadce,CUST0467,2026-01-12T15:04:00,3987.99,cancelled
3f50db06-ed93-4935-9a6c-0032ac18170d,CUST0269,2026-01-12T15:11:00,1183.88,cancelled
1be75eed-a4ee-45fc-82f1-7bdd1e33a70e,CUST0206,2026-01-12T15:18:00,4775.38,pending
af73e894-96ab-4d6f-9758-a1be94c1390d,CUST0160,2026-01-12T15:25:00,522.83,processing
6dc566ae-c66d-4608-a119-7d4e1cd5aedb,CUST0070,2026-01-12T15:32:00,4135.24,cancelled
7e81b07d-297f-4713-a707-932dc836d159,CUST0221,2026-01-12T15:39:00,3802.93,cancelled
612f42bd-2ca0-41fb-8eec-df3f9967ef88,CUST0267,2026-01-12T15:46:00,806.27,refunded
ef5f9a95-1339-459f-b571-e1d8a643ad72,CUST0447,2026-01-12T15:53:00,3650.57,pending
17f58660-de58-41cf-907e-66f9273777ac,CUST0486,2026-01-12T16:00:00,1156.31,refunded
3b9eef16-8bc7-4800-a9da-268c83d6702a,CUST0346,2026-01-12T16:07:00,2655.75,refunded
2c26a9e2-f95e-45c5-94bf-51b8af70eee9,CUST0393,2026-01-12T16:14:00,4514.91,pending
b4c55bf8-d2de-4c02-b2ed-4f86b2d5aa88,CUST0443,2026-01-12T16:21:00,4711.16,processing
ecfa4272-a8be-496f-a55b-2971fd493628,CUST0115,2026-01-12T16:28:00,4876.54,completed
098d00a7-f16f-4d87-b153-5ba81fc0b7e6,CUST0430,2026-01-12T16:35:00,3872.08,completed
d866ddfa-2a8d-4ab9-b9bc-0d41f9febe10,CUST0405,2026-01-12T16:42:00,631.67,cancelled
0b6cbd90-a68c-41a1-b4ee-d88c2ac3032e,CUST0220,2026-01-12T16:49:00,1206.64,processing
91b17ea9-13cc-430c-a27f-ab80f20495f1,CUST0113,2026-01-12T16:56:00,4307.27,completed
dddabccb-ad25-42de-bad7-29e2f871b362,CUST0196,2026-01-12T17:03:00,677.97,processing
e9f8102c-5db9-4db7-b8ff-a0f1c8b7ce4e,CUST0206,2026-01-12T17:10:00,258.34,processing
7b601c4b-65f5-42e8-b6a3-1d399ad515d5,CUST0415,2026-01-12T17:17:00,1122.4,refunded
11b9f176-69b6-4d67-9999-44f8a6f452a0,CUST0478,2026-01-12T17:24:00,2317.39,refunded
bbe077cf-3a28-4ef4-b9b6-24a5b291373f,CUST0099,2026-01-12T17:31:00,4168.46,processing
2e480175-220b-49a6-aa51-cdd7b5ecfad9,CUST0014,2026-01-12T17:38:00,2590.82,refunded
68491a37-c2a2-4824-9ad7-04871e0cfe7e,CUST0197,2026-01-12T17:45:00,3086.55,cancelled
129f6213-54c3-4552-afe6-fe18cf2a7412,CUST0389,2026-01-12T17:52:00,4148.46,processing
c14e0720-4891-4c9f-b99a-1bedfb506200,CUST0051,2026-01-12T17:59:00,3412.89,completed
4dd6ba9d-481c-420b-bb79-7ef621be8b51,CUST0305,2026-01-12T18:06:00,741.88,completed
7b843bf4-7769-4bd6-979f-bf05bbfb0c94,CUST0500,2026-01-12T18:13:00,1333.35,cancelled
785c061a-2cea-412b-ab92-77d1f61eea36,CUST0426,2026-01-12T18:20:00,3688.92,completed
ae213381-662f-4dcf-9574-98d2cbbf1761,CUST0147,2026-01-12T18:27:00,3884.63,processing
eebdcb00-6e8d-45af-b744-8500c1b4904e,CUST0232,2026-01-12T18:34:00,3379.61,cancelled
1ff4edb6-9c26-4f5e-bd0a-1e424aca6826,CUST0149,2026-01-12T18:41:00,3020.29,cancelled
f4403859-f74d-46b3-945a-563d6d8676b0,CUST0230,2026-01-12T18:48:00,3396.89,cancelled
7ea8f980-b75e-4fb9-bcd7-5ed42ac0ec2f,CUST0187,2026-01-12T18:55:00,4820.89,refunded
eba2c5a6-f859-4142-9621-910a09d944ea,CUST0234,2026-01-12T19:02:00,2556.02,completed
19b9b90a-df91-4642-adec-dfbca68a71b3,CUST0046,2026-01-12T19:09:00,3507.7,completed
f6680bcc-c461-4404-901b-a63e1016cfb2,CUST0348,2026-01-12T19:16:00,1901.7,completed
36ae5796-0e57-4d3f-ae59-21f75a493855,CUST0194,2026-01-12T19:23:00,2008.99,pending
6640bd0b-e9bb-4646-8421-a48428ed4900,CUST0355,2026-01-12T19:30:00,3155.79,pending
ef56a153-4bfc-4365-af96-588055f25ca8,CUST0281,2026-01-12T19:37:00,3334.3,processing
7bec3f12-caf4-45cc-b76a-4d0baa45ba65,CUST0021,2026-01-12T19:44:00,2153.9,pending
0c5ff813-0b7e-4c1b-b1d0-7d4452a23d1a,CUST0229,2026-01-12T19:51:00,1540.95,pending
54bbb6c4-d740-47b6-a4ba-92bc33bdfb84,CUST0498,2026-01-01T00:59:00,75.00,not_a_real_status
ca779cb4-bfdb-4104-97e2-a0658fc33bb9,CUST0320,2026-01-12T19:58:00,2312.93,pending
72e61381-e684-4a50-a1d2-e27a3e179f42,CUST0462,2026-01-12T20:05:00,1069.32,cancelled
91b50b39-fa5b-41b9-93cc-f547bc1ab072,CUST0021,2026-01-12T20:12:00,214.79,cancelled
1c5849e3-d252-4f9b-b975-53267174b13d,CUST0407,2026-01-12T20:19:00,2569.46,completed
489d336f-aa9f-4749-9a61-a0efba11c35d,CUST0091,2026-01-12T20:26:00,1718.16,completed
c8471ca7-6196-43f3-a8a6-5fa390968af4,CUST0014,2026-01-12T20:33:00,141.56,completed
cebe60a0-bf1b-4ec6-abae-88ed09ef9b96,CUST0317,2026-01-12T20:40:00,2323.51,cancelled
1e795058-29a6-460e-a7b9-21d35ba392d0,CUST0156,2026-01-12T20:47:00,4328.72,completed
0b9ac56d-ad55-40a2-99bc-ec7f1a8cdd83,CUST0436,2026-01-12T20:54:00,687.49,cancelled
ae603882-c1b2-4417-8455-f7404588e089,CUST0018,2026-01-12T21:01:00,1354.62,processing
56dd04fa-4978-4552-90dd-aabe2952ac6e,CUST0192,2026-01-12T21:08:00,598.83,cancelled
6eb97b41-52ab-4ac0-b2c9-198adbc7aa8f,CUST0436,2026-01-12T21:15:00,2774.15,refunded
2eb5e0af-340d-4ac3-9ab9-4005e208485c,CUST0317,2026-01-12T21:22:00,3141.2,cancelled
e56b61de-966b-4148-b64f-074dd8dd91c5,CUST0223,2026-01-12T21:29:00,2912.63,processing
0aece578-47d6-4b4a-b8e5-afe0eeaa8c19,CUST0143,2026-01-12T21:36:00,674.27,processing
9c610551-3bec-4076-868e-b27088a7281b,CUST0082,2026-01-12T21:43:00,4236.35,processing
f0737219-22dc-40a7-bd21-0ad99cf0da5a,CUST0497,2026-01-12T21:50:00,19.1,pending
7dc83b6b-723f-47a4-9095-1b4d32bd2614,CUST0401,2026-01-12T21:57:00,433.75,completed
e7a6eaf6-092e-41cf-91ce-d3352e81b520,CUST0394,2026-01-12T22:04:00,3171.5,processing
4278a116-eff9-4007-b206-b5e1c88686a0,CUST0084,2026-01-12T22:11:00,260.5,pending
dcfb99b7-05ab-4c6a-ab5d-c24b9cee2b14,CUST0368,2026-01-12T22:18:00,4225.52,pending
dde7ff15-1cb5-47fe-8b98-8a4a964feacf,CUST0425,2026-01-12T22:25:00,499.68,cancelled
4cb93b42-a2ba-480d-8b3a-628ae25c5e40,CUST0236,2026-01-12T22:32:00,10.38,completed
2667f3e0-055d-46d7-9638-cf9a2f1f0ea0,CUST0072,2026-01-12T22:39:00,2099.86,pending
cca767b1-db64-4d49-a6ad-dc353d5165ca,CUST0136,2026-01-12T22:46:00,2065.55,cancelled
6c0ff346-efe3-4131-bce0-568c855b3715,CUST0361,2026-01-12T22:53:00,511.49,cancelled
7524473f-93ab-48ba-a8ea-c065947bc7c4,CUST0292,2026-01-12T23:00:00,1465.01,pending
40080683-81b0-4e67-8089-3133ac95f06e,CUST0486,2026-01-12T23:07:00,4176.12,cancelled
4794adfa-1d0e-4926-bf2a-e544d42e56cb,CUST0431,2026-01-12T23:14:00,1434.86,processing
464903c5-e711-4231-b9fe-7e391a2b4ef7,CUST0249,2026-01-12T23:21:00,156.01,pending
c5560701-7b7b-4054-8f42-6d550ded56dc,CUST0118,2026-01-12T23:28:00,1606.73,processing
f7c8e04e-441d-45cf-843a-ce57af4f090c,CUST0021,2026-01-12T23:35:00,3485.3,processing
6394e517-4476-4c6d-a165-5ca8d040983c,CUST0490,2026-01-12T23:42:00,4952.24,completed
8a9420b2-ff39-47c6-9471-c35947510024,CUST0348,2026-01-12T23:49:00,3986.98,cancelled
bcbbfde1-3843-471b-90f1-6198a65fad4e,CUST0474,2026-01-12T23:56:00,4906.47,refunded
ce177742-6325-4ea8-b828-39978979409c,CUST0490,2026-01-13T00:03:00,112.03,refunded
1f4d9d19-1293-489f-ae8c-b52cb3898b31,CUST0188,2026-01-13T00:10:00,3639.81,completed
93328be9-77bd-4456-8998-692a86cfae8d,CUST0352,2026-01-13T00:17:00,174.34,cancelled
aadba9e8-16ed-4628-b483-ac9991280f9e,CUST0448,2026-01-13T00:24:00,3886.83,pending
26dd17fd-c4a3-4893-9fcf-67a7c11b65a5,CUST0158,2026-01-13T00:31:00,4435.57,completed
70d0284f-423c-4d80-b4c7-6c3882ef7968,CUST0324,2026-01-13T00:38:00,2424.64,pending
c3510909-6032-47a4-a7c3-2042085aef1a,CUST0315,2026-01-13T00:45:00,3759.67,pending
93afb303-056c-43a7-a3e8-0d03cdeaa72e,CUST0188,2026-01-13T00:52:00,4316.59,processing
aa8e33ce-663f-4a07-898b-86ff989356e2,CUST0366,2026-01-13T00:59:00,2858.4,pending
2ee07f8a-8642-470e-bfd4-b43e8c3c5e46,CUST0054,2026-01-13T01:06:00,3781.96,processing
3c466ffc-275e-46fe-9feb-1354ee8bcb6f,CUST0315,2026-01-13T01:13:00,887.23,pending
f233e341-97c3-4630-9321-6176eaf3c064,CUST0165,2026-01-13T01:20:00,1651.8,refunded
eb2ce904-9226-4a79-a305-4ac65308c8a9,CUST0175,2026-01-13T01:27:00,1371.49,refunded
e1941e01-76cf-4da9-84b6-968a6a257b70,CUST0385,2026-01-13T01:34:00,2930.52,pending
eb562673-90f1-48aa-9e5b-b11b0c896469,CUST0459,2026-01-13T01:41:00,4476.1,pending
2cc3c019-ea6b-44d6-98fc-f3478449395d,CUST0026,2026-01-13T01:48:00,251.5,processing
56c8597d-f089-4e59-8ee9-f3108273d293,CUST0404,2026-01-13T01:55:00,4818.87,cancelled
35acd50e-b571-420b-929c-b79c574ab2ed,CUST0300,2026-01-13T02:02:00,1138.97,cancelled
4a2baf40-d641-41ba-a8a2-5bcc1b8b9a3f,CUST0419,2026-01-13T02:09:00,559.18,completed
fd59a903-f31f-4f64-8eae-5610d2f357f8,CUST0048,2026-01-13T02:16:00,3618.85,completed
59933fe0-d39f-4123-939f-07c176578918,CUST0068,2026-01-13T02:23:00,236.36,completed
2d54a6f4-0192-463c-bd55-fd92fd32b5b0,CUST0323,2026-01-13T02:30:00,1389.14,processing
8be745a2-1dcf-4304-ab99-e2126f830625,CUST0202,2026-01-13T02:37:00,3098.59,cancelled
58aa2051-83f8-4043-9309-ed8bbeee10f8,CUST0346,2026-01-13T02:44:00,557.69,pending
b0badc62-eb49-4701-a9b6-e18286c97d15,CUST0046,2026-01-13T02:51:00,4350.89,refunded
65a4cd0d-55e2-407d-846f-f458c9c100d6,CUST0383,2026-01-13T02:58:00,305.19,pending
7577ebf8-f946-463f-bde3-b0df842de5f2,CUST0433,2026-01-13T03:05:00,346.79,cancelled
72e2f1d4-c827-4c9b-aeeb-1d86bf5452f4,CUST0240,2026-01-13T03:12:00,4117.69,cancelled
42473be0-e5ca-4f60-90e4-aea50f4fbc05,CUST0043,2026-01-13T03:19:00,2360.98,cancelled
e7bd9796-fc47-48fc-a29c-e3531a7cfdda,CUST0294,2026-01-13T03:26:00,913.01,pending
3421c297-e7a4-424c-8774-31b75d7b0419,CUST0122,2026-01-13T03:33:00,3391.53,cancelled
49e2b1ff-a424-4154-9396-2f193de8112d,CUST0262,2026-01-13T03:40:00,4731.09,refunded
6922b937-89ef-4edd-9d1e-df94fada6763,CUST0033,2026-01-13T03:47:00,3213.66,completed
b470fe92-6a80-4fa1-97e5-bb214e74694a,CUST0132,2026-01-13T03:54:00,4932.33,cancelled
fd2e306f-622a-4ffe-bbde-7daea1ccdc21,CUST0355,2026-01-13T04:01:00,4517.32,cancelled
1967b8ab-aec1-4347-896a-74eeb27e7765,CUST0036,2026-01-13T04:08:00,957.31,processing
e3db5902-6a8d-498b-8f72-193acd7a16b2,CUST0440,2026-01-13T04:15:00,366.69,refunded
c0a606d3-8a5e-44fd-bbf0-2cff93282b1a,CUST0268,2026-01-13T04:22:00,3423.68,cancelled
0f5d9b48-e801-42b1-8484-8970ce74b94b,CUST0360,2026-01-13T04:29:00,3190.32,pending
63ed44ce-bf3d-4854-830e-3eda8ac8ef35,CUST0440,2026-01-13T04:36:00,36.29,processing
608d56e6-05d4-4322-ae5a-1df25dea6901,CUST0333,2026-01-13T04:43:00,124.42,completed
45b171a9-0e78-48aa-9e77-feb84c7ccaa6,CUST0082,2026-01-13T04:50:00,1484.46,refunded
d0ffac48-8a50-48b2-8284-11bdc1bbdcc5,CUST0437,2026-01-13T04:57:00,2083.45,processing
23367d88-4f10-4bfa-8479-424c0d921f06,CUST0106,2026-01-13T05:04:00,4060.03,refunded
46cc1565-29c8-4b66-a5d1-295886d347a8,CUST0394,2026-01-13T05:11:00,4003.01,refunded
6ab3e2e4-a77b-4381-b29a-4527fe75e870,CUST0483,2026-01-13T05:18:00,3838.64,refunded
b6423869-1b55-4b60-84d2-bfad5c60b997,CUST0003,2026-01-13T05:25:00,2037.13,completed
b9b2ba6c-e2ad-402f-930f-8700778abf1c,CUST0129,2026-01-13T05:32:00,2189.84,cancelled
2d96a0ea-74a2-49a2-a3ce-b16f6317896c,CUST0182,2026-01-13T05:39:00,1280.85,completed
5107a183-5719-42c0-be4d-bd2fc59db4c2,CUST0344,2026-01-13T05:46:00,3474.99,completed
ccb5ac19-8712-4e48-aa62-d0964737a828,CUST0429,2026-01-13T05:53:00,3217.96,refunded
fca7c08d-4cad-4f9a-bd01-d2c74d08acb8,CUST0340,2026-01-13T06:00:00,4217.34,refunded
61754d98-8c8a-4b00-8baa-9504b6724a32,CUST0397,2026-01-13T06:07:00,2934.78,cancelled
6a34ca44-8ed1-4807-928f-700ca5745f5b,CUST0329,2026-01-13T06:14:00,2096.02,refunded
a12b7987-c65c-48cc-b00f-09310bd3ed64,CUST0057,2026-01-13T06:21:00,4065.78,completed
d34f5eff-93ff-41b0-aa74-5d7a083fa35b,CUST0268,2026-01-13T06:28:00,2591.81,cancelled
a0749f51-78dd-42f4-b5b1-714b9a764680,CUST0142,2026-01-13T06:35:00,549.21,cancelled
b75fb666-0f75-4870-8ff9-4c25db398d74,CUST0124,2026-01-13T06:42:00,3042.79,cancelled
216eaea4-4a8f-4fc5-862e-246cb06d7324,CUST0161,2026-01-13T06:49:00,4446.98,processing
1d6cb3af-ab24-4296-9dd8-7d16a1b6468c,CUST0361,2026-01-13T06:56:00,1008.05,processing
ab8142e0-f994-4270-be8c-01d3d394a312,CUST0332,2026-01-13T07:03:00,2987.85,processing
d17703c3-654e-4b22-8e94-48a8362c384e,CUST0093,2026-01-13T07:10:00,4456.47,processing
b318221e-dbed-4b0c-b310-d052713bbc5b,CUST0397,2026-01-13T07:17:00,3991.33,completed
87a2bc98-ad1a-4c7b-a0cb-937ee28cd94f,CUST0107,2026-01-13T07:24:00,3675.94,processing
188d7e9a-9bd3-4953-8872-9078734f4846,CUST0052,2026-01-13T07:31:00,4672.6,completed
e067bd13-acb6-4d59-9f78-8293b66617d5,CUST0431,2026-01-13T07:38:00,2646.37,processing
248e0b0d-3f22-4d4c-abba-87c2f0e57581,CUST0254,2026-01-13T07:45:00,2898.33,cancelled
3d66a113-3953-4070-9255-2d928450f892,CUST0183,2026-01-13T07:52:00,3887.28,refunded
f9adddb0-cf3b-459f-a6e5-5db8f0643da1,CUST0059,2026-01-13T07:59:00,95.18,refunded
a80171b3-2dff-400f-9350-6938f546d3c0,CUST0216,2026-01-13T08:06:00,4317.24,refunded
1c0838b6-eb78-4aa4-8950-482d53da0845,CUST0016,2026-01-13T08:13:00,1197.69,pending
f1377d4d-ba81-4f4d-ad49-5260db3fca4c,CUST0198,2026-01-13T08:20:00,2898.07,refunded
82198514-e3d5-43fd-a301-65cbf1ca36b0,CUST0265,2026-01-13T08:27:00,353.55,cancelled
fe69ef75-dfdb-41cc-b805-22597c912f54,CUST0315,2026-01-13T08:34:00,2828.53,completed
e37da592-6b5c-4ecf-b97a-21f9a5cf4e87,CUST0369,2026-01-13T08:41:00,4932.86,completed
0e58d670-ebfa-42f4-a67d-55554ef8274b,CUST0377,2026-01-13T08:48:00,291.57,refunded
778a1977-3f8f-4ee5-85ef-ad19a28ba97c,CUST0404,2026-01-13T08:55:00,882.87,completed
00e59cd3-d74e-43b2-9ed8-fafca4219e33,CUST0292,2026-01-13T09:02:00,667.3,refunded
28b9578c-2d30-4afb-ba4b-cf4bade53963,CUST0329,2026-01-13T09:09:00,203.51,processing
1090f5d5-5d73-4f61-b616-00b50ef6464c,CUST0319,2026-01-13T09:16:00,4690.77,processing
c47fe649-df20-4912-a522-934190e0f668,CUST0338,2026-01-13T09:23:00,436.59,pending
81cd20b4-309b-47fb-aed5-4820f91ab3e1,CUST0088,2026-01-13T09:30:00,1070.07,completed
01c8c6af-0b49-4174-83c1-6a7f88737b41,CUST0476,2026-01-13T09:37:00,2716.13,refunded
ba4183d5-de2b-436b-beac-d5d72092febd,CUST0105,2026-01-13T09:44:00,3852.28,pending
792b64e7-bc50-40af-a240-3e42c68a23c3,CUST0044,2026-01-13T09:51:00,4475.02,cancelled
7bb51815-d77b-445e-9366-9f240f32f6e5,CUST0440,2026-01-13T09:58:00,3839.66,pending
a69e5ccd-e58e-4fab-810f-357870b20d85,CUST0158,2026-01-13T10:05:00,3959.99,completed
8c970ec1-e773-46e5-a0f2-e2be1d7a078f,CUST0127,2026-01-13T10:12:00,2684.88,cancelled
2c716d45-4e27-4b43-a56b-f0b8e2493346,CUST0018,2026-01-13T10:19:00,4766.71,pending
03d5487c-f3d8-44d6-8a67-c434b7de1610,CUST0178,2026-01-13T10:26:00,108.35,cancelled
f56d35a5-a0ea-4145-950a-db4a1c741d84,CUST0448,2026-01-13T10:33:00,4049.56,pending
56f66fd5-6b41-4f7f-a335-3ff2dc320d36,CUST0337,2026-01-13T10:40:00,3118.93,cancelled
28b90601-9421-40a1-8aa5-56d6609b3412,CUST0305,2026-01-13T10:47:00,551.91,cancelled
5b186e2c-3719-4790-b5cf-30913a7c0037,CUST0308,2026-01-13T10:54:00,1030.13,refunded
215c6aa8-10a2-482b-91be-85bbacd41e32,CUST0172,2026-01-13T11:01:00,2999.13,refunded
7cc71a94-db68-4f71-a9f5-3abfca44c058,CUST0038,2026-01-13T11:08:00,1777.5,completed
c5e360f8-329a-451d-ba2c-fe8a78377fca,CUST0273,2026-01-13T11:15:00,896.05,refunded
9a4ab813-3b9f-46be-b03c-1b75cba61f60,CUST0170,2026-01-13T11:22:00,4649.75,cancelled
36f46a44-89e3-43e4-9b9c-4f7e01ef2136,CUST0395,2026-01-13T11:29:00,3789.14,refunded
5e233f73-6969-4d04-9385-83ab3ba2177e,CUST0384,2026-01-13T11:36:00,4367.06,cancelled
38c530b6-7a63-4511-af83-ac71088e3df9,CUST0289,2026-01-13T11:43:00,3240.51,refunded
fc25b3c0-4eed-4338-a8f9-2f372bb239e4,CUST0241,2026-01-13T11:50:00,2833.01,completed
946d5286-1cdc-4361-bc96-9558be8cf0b7,CUST0099,2026-01-13T11:57:00,3289.76,processing
2aa2c9e0-67d9-4da2-9cdc-75e4ad56c7fb,CUST0496,2026-01-13T12:04:00,2592.87,processing
d15118d0-cfca-4c6c-952d-10cc23220d78,CUST0112,2026-01-13T12:11:00,3665.33,processing
9880db65-1c19-403c-97ca-a0fd0117ff93,CUST0270,2026-01-13T12:18:00,331.72,processing
5550c1f7-b004-4bae-a57c-3167f6e5950c,CUST0078,2026-01-13T12:25:00,2157.82,refunded
0431e714-ed74-440f-b2ed-f4c4c2e46281,CUST0343,2026-01-13T12:32:00,2689.78,completed
82c8edab-fcca-4e88-8e87-65c4690b0768,CUST0208,2026-01-13T12:39:00,1058.77,pending
9c695571-f207-4764-a067-5aea51fdeb77,CUST0221,2026-01-13T12:46:00,2266.78,cancelled
046edd94-e32d-4ed0-b0a5-33a6e8348daf,CUST0288,2026-01-13T12:53:00,1868.51,processing
713b8f96-5158-470c-b7f2-95f7f38d99a4,CUST0067,2026-01-13T13:00:00,3785.19,cancelled
01a54b66-f6c4-4958-bf19-5245cdc5ba0d,CUST0385,2026-01-13T13:07:00,1151.71,completed
c8a36aa3-14a6-4d0c-bfee-15a771d5c7d6,CUST0228,2026-01-13T13:14:00,4619.84,refunded
6ca94cac-1f24-4fd1-aa0f-c9853c8bb43d,CUST0158,2026-01-13T13:21:00,4828.78,pending
2840bb43-30ed-4fad-b33b-d61ac8b4aa69,CUST0160,2026-01-13T13:28:00,4549.63,completed
5ca680f7-165e-428b-9235-68034b7527d9,CUST0475,2026-01-13T13:35:00,3713.05,cancelled
919b104b-b7ea-4101-b8b1-4c654f5978c1,CUST0428,2026-01-13T13:42:00,4030.39,refunded
2968b3d0-8425-4e20-affa-e43d94191e41,CUST0022,2026-01-13T13:49:00,3544.33,pending
2ea6abfe-1aa0-4570-850a-12f199d78952,CUST0083,2026-01-13T13:56:00,2896.34,pending
020020e5-94c1-4685-acbc-94555470a84a,CUST0377,2026-01-13T14:03:00,2858.74,processing
1a448a50-7dde-4af5-a516-27293d4b4375,CUST0140,2026-01-13T14:10:00,1667.9,refunded
ea23e9a0-a0ed-4c19-bca7-ec8d3a6bf69c,CUST0318,2026-01-13T14:17:00,1430.55,refunded
a3ee9a18-2363-437c-be72-5feaca609342,CUST0390,2026-01-13T14:24:00,3602.64,pending
8720fd20-17e1-41f9-9277-6b9a002f36c8,CUST0225,2026-01-13T14:31:00,1227.86,refunded
2d2be075-c0b8-487d-a2a5-280fc3979978,CUST0232,2026-01-13T14:38:00,3857.08,refunded
79cb8015-9cfb-4aa9-8e79-d21a48a33fb2,CUST0415,2026-01-13T14:45:00,1728.24,cancelled
7482b7c2-db55-4eef-ad37-c277f74b7f2c,CUST0223,2026-01-13T14:52:00,1667.8,refunded
14273242-3ce4-47ef-8636-5dcb0ca4ea94,CUST0475,2026-01-13T14:59:00,2068.53,completed
4a3c98f6-1c9a-447e-bdd4-c5b22c7a0b02,CUST0320,2026-01-01T00:19:00,75.00,not_a_real_status
7cb3dabd-02bc-47db-ba06-31ab5be8ce5e,CUST0246,2026-01-13T15:06:00,4364.42,cancelled
0f9830a4-ed65-4cca-9ff5-d0a61bb559f3,CUST0277,2026-01-13T15:13:00,1702.54,cancelled
c7468384-be2c-454c-a61d-ccf3e9603866,CUST0089,2026-01-13T15:20:00,1672.32,refunded
6e29ef72-c23b-4355-accf-569531232d8c,CUST0234,2026-01-13T15:27:00,4609.93,completed
1b7e9a6d-9444-4b6b-b27b-8d72b2d28868,CUST0349,2026-01-13T15:34:00,352.92,pending
617e5229-0e6e-4760-bd51-119943a1f2ca,CUST0202,2026-01-13T15:41:00,2140.18,processing
6a4687d2-7a43-44c2-b528-1ba5563d07c0,CUST0360,2026-01-13T15:48:00,1491.64,completed
fd05b988-9943-4b9b-ac05-32bbf5d9f100,CUST0425,2026-01-13T15:55:00,3725.72,processing
c36d16fd-9adf-4d9e-875d-515aa3589725,CUST0114,2026-01-13T16:02:00,3443.97,completed
90f80b8a-fadf-4a07-a144-2f55d9f0a81c,CUST0036,2026-01-13T16:09:00,1405.48,completed
bbcc6861-6f19-4a76-a354-06f215f3c346,CUST0456,2026-01-13T16:16:00,2631.86,completed
815272e0-fc91-4cfe-aaf5-214a039d49a9,CUST0167,2026-01-13T16:23:00,2924.8,completed
52b6af45-6229-48b6-90b8-a4837fc58ceb,CUST0485,2026-01-13T16:30:00,987.3,pending
95ac0e81-9dcf-4536-8a08-5643989eef03,CUST0092,2026-01-13T16:37:00,4185.93,processing
5a782e62-9f0c-40d9-870c-6ed5be689d1f,CUST0416,2026-01-13T16:44:00,1359.32,pending
b4f100b0-6a9f-46db-98cc-4f7728d0dea6,CUST0208,2026-01-13T16:51:00,491.85,cancelled
0380e4c9-0e9a-43fa-8e3d-d1b7969dff4a,CUST0061,2026-01-13T16:58:00,553.31,pending
f8fd1300-648a-48ab-9030-e950e1d58024,CUST0218,2026-01-13T17:05:00,155.47,cancelled
48915b23-971f-4208-b0c5-874fb7d3fb3f,CUST0012,2026-01-13T17:12:00,4171.03,cancelled
9fd1074a-bf21-4a55-aed1-82ff9e309284,CUST0237,2026-01-13T17:19:00,1077.23,pending
58717e03-6fc4-4d3d-b08d-8917c13b22b7,CUST0129,2026-01-13T17:26:00,3019.12,completed
bbf65882-5833-4f33-9021-4fe753f8a6e9,CUST0002,2026-01-13T17:33:00,274.69,completed
f63d81ad-10d6-4a61-8295-31617fc30621,CUST0006,2026-01-13T17:40:00,4986.83,refunded
ad42bb96-4a20-449d-b51d-b797b9345aeb,CUST0126,2026-01-13T17:47:00,2804.21,cancelled
e7942373-ed07-45a9-8e78-921e78b7c91c,CUST0232,2026-01-13T17:54:00,2107.49,completed
9ff44816-ae02-4500-92a7-1b06dde36114,CUST0283,2026-01-13T18:01:00,4484.41,cancelled
00eee9b5-fd28-4b57-a6ea-79da3020004e,CUST0115,2026-01-13T18:08:00,3606.82,cancelled
16f84dac-440b-4ed5-90ec-ed2d876a36f8,CUST0304,2026-01-13T18:15:00,1022.43,processing
3ff0ece6-789b-4262-b26d-623849eb5ed9,CUST0381,2026-01-13T18:22:00,3366.6,refunded
91c3eb31-1cc2-49ca-a8a9-8668b9cb1bf0,CUST0427,2026-01-13T18:29:00,64.97,pending
c8623232-8b04-42fd-ac65-1ea1a53aa7c6,CUST0257,2026-01-13T18:36:00,4590.75,refunded
9239e9c8-2473-4675-a830-711861a2f77f,CUST0123,2026-01-13T18:43:00,3610.78,refunded
bcffad05-f7e5-4b0b-abd1-87041b43f616,CUST0143,2026-01-13T18:50:00,1916.69,pending
292c6b4f-ca95-4e6e-95d8-3e05562464de,CUST0270,2026-01-13T18:57:00,343.26,cancelled
18cbd2e3-795f-4fa2-933d-e2101490c148,CUST0425,2026-01-13T19:04:00,3782.43,completed
07652b3a-82b6-4450-ad08-a11f6c3389ec,CUST0213,2026-01-13T19:11:00,83.08,pending
d7f72a6b-70e7-4b43-80c6-5da5a42942f8,CUST0087,2026-01-13T19:18:00,4527.58,pending
78d2f22d-32a0-4f49-b0af-256ffa1568a8,CUST0246,2026-01-13T19:25:00,2631.98,cancelled
1e200a88-7921-4275-bd64-958cce3d042a,CUST0493,2026-01-13T19:32:00,1788.68,refunded
586c6c51-2af2-4a9d-be20-c2aa3cc139b6,CUST0191,2026-01-13T19:39:00,1695.04,refunded
ab3e4802-846d-4a7f-a791-59b7878ca924,CUST0406,2026-01-13T19:46:00,1700.44,pending
4d2a8e9f-60a6-4c7c-be8a-132aba353a7a,CUST0200,2026-01-13T19:53:00,1986.21,pending
21954d31-d8c7-4848-893b-33a78a8197b9,CUST0059,2026-01-13T20:00:00,4629.33,refunded
f440f23e-7109-4e78-849e-f58a0f691361,CUST0215,2026-01-13T20:07:00,2144.27,refunded
83647ca2-3342-4a37-83d1-cb0a147a0679,CUST0048,2026-01-13T20:14:00,2017.6,cancelled
fc8834db-c4d8-45d4-998f-76dde1f21cf8,CUST0268,2026-01-13T20:21:00,892.09,refunded
aa1231eb-079e-4d2f-a16e-5e2c55413f74,CUST0399,2026-01-13T20:28:00,4756.91,processing
5bfe63e6-ba07-4dda-be83-65b938077ea5,CUST0448,2026-01-13T20:35:00,3508.66,processing
8fc7e5c1-e189-49e5-9f98-fa21c4427cf2,CUST0066,2026-01-13T20:42:00,4383.84,refunded
eb19a8a5-a960-4c58-9589-3d06d9c941a7,CUST0295,2026-01-13T20:49:00,3497.23,completed
64000eda-3f04-4b86-b07e-f9fff2e00151,CUST0181,2026-01-13T20:56:00,4463.24,completed
e04248ca-76e4-4eab-912b-ace1c08439d7,CUST0334,2026-01-13T21:03:00,3707.37,completed
49191098-e0a6-44fb-9008-2a4440196a79,CUST0126,2026-01-13T21:10:00,2541.11,processing
98604bd2-09a2-4d56-bf83-fdbde0aa6d8a,CUST0157,2026-01-13T21:17:00,4489.76,refunded
a0e91c1e-52dd-4dc2-889e-116fc5b6d6f0,CUST0014,2026-01-13T21:24:00,737.05,refunded
4ad4e74c-d149-471f-96ef-7c6b8a662c85,CUST0033,2026-01-13T21:31:00,2505.57,cancelled
b0fb4457-a257-4d6e-8614-ac2b3b5f1fc1,CUST0215,2026-01-13T21:38:00,33.44,refunded
ae338418-d73d-4e7b-a628-57ccd9aee282,CUST0226,2026-01-13T21:45:00,3546.32,pending
a262db1a-9822-4f29-aa3a-26de3b087bf1,CUST0459,2026-01-13T21:52:00,3665.64,cancelled
e1b1c51c-271d-4799-8bc6-5129ab4494f7,CUST0010,2026-01-13T21:59:00,4376.01,refunded
7d9f3815-298e-4fb2-b8ca-ecc3ce7ee974,CUST0038,2026-01-13T22:06:00,3646.79,completed
d9ddcc8a-a4a8-4deb-810d-3dff30c5c32c,CUST0072,2026-01-13T22:13:00,2139.61,cancelled
e4d39a1d-54c3-4069-b36f-659dd551952a,CUST0013,2026-01-13T22:20:00,3542.08,pending
168bd25f-080d-4b8f-928a-b1a25b176e52,CUST0354,2026-01-13T22:27:00,1730.6,processing
2e3195b6-8d6a-4d3f-b4ef-323d2a7b5155,CUST0472,2026-01-13T22:34:00,565.31,refunded
e774ce80-9038-4322-a378-57e804083d7c,CUST0165,2026-01-13T22:41:00,4906.99,cancelled
c8e49de9-3f0f-4225-a0db-d35977c18053,CUST0185,2026-01-13T22:48:00,91.28,processing
a3f43360-21ff-455e-9fa9-e68321eceabd,CUST0374,2026-01-13T22:55:00,3220.71,pending
1495203f-8c41-4e63-9ebb-29b0d234ab03,CUST0413,2026-01-13T23:02:00,3419.93,pending
ada80524-c30d-4d11-ad42-c2f4af641f6e,CUST0261,2026-01-13T23:09:00,112.14,processing
aa6c9ba5-bb69-48ac-b3e9-0d16385fb394,CUST0322,2026-01-13T23:16:00,4505.73,pending
70f5d842-0763-4b65-88f1-4a6a932d7b61,CUST0173,2026-01-13T23:23:00,3535.86,refunded
cdb22ac7-4d2f-4b93-8acd-780bd24ab35f,CUST0120,2026-01-13T23:30:00,4800.69,refunded
f3ded121-3b6d-4f3e-9c56-42878208a15a,CUST0394,2026-01-13T23:37:00,3347.19,refunded
d5429614-b3d0-4fec-ba06-c2630d139c94,CUST0376,2026-01-13T23:44:00,1336.44,cancelled
c13303ee-2fcf-42f9-b6ce-fd50274cdff3,CUST0430,2026-01-13T23:51:00,4476.35,refunded
be707a9b-e8fd-4c0f-8c4f-562caca52f8c,CUST0481,2026-01-13T23:58:00,2887.34,processing
ca13885c-9a09-4e20-a603-38fa47b51c5f,CUST0455,2026-01-14T00:05:00,4785.87,completed
578271c6-8100-41f2-8d1b-6ba395b3a046,CUST0486,2026-01-14T00:12:00,1738.59,cancelled
6839b32f-896f-4da0-9405-6fb85ab9ff4f,CUST0185,2026-01-14T00:19:00,2322.05,processing
08df1a1b-6c2e-4e5f-aa06-4d8510bbc97a,CUST0099,2026-01-14T00:26:00,2597.77,completed
f4c0134b-b676-4508-b2d7-0626412f9ca6,CUST0227,2026-01-14T00:33:00,2692.58,completed
0ce6c40c-9baf-4023-919d-47edc2d81011,CUST0348,2026-01-14T00:40:00,2540.87,refunded
bf89dbb0-1149-4f70-913d-d2a1a71d4670,CUST0359,2026-01-14T00:47:00,1887.58,cancelled
d3edcf88-3ee0-4fa9-8ff2-b12289985a78,CUST0298,2026-01-14T00:54:00,3072.17,completed
a0d828b9-d728-4bdd-bb81-f345ba20fdcf,CUST0042,2026-01-14T01:01:00,2747.16,processing
5cf36d0d-000d-4d7d-a329-c7f83ead3a53,CUST0294,2026-01-14T01:08:00,3213.58,completed
81557510-7aef-4795-8f96-ae00ecf36551,CUST0226,2026-01-14T01:15:00,1547.39,cancelled
b80a0068-4deb-43e7-b5c1-b51bff3cda0b,CUST0134,2026-01-14T01:22:00,2288.46,processing
3d1879dc-6228-4c7d-a6a5-fcc098269d64,CUST0096,2026-01-14T01:29:00,3128.21,pending
7ea7cef8-3dfe-4a7b-90da-b2d5a02138a9,CUST0006,2026-01-14T01:36:00,289.62,processing
314a6b8f-e559-4440-87b2-aa784d11626d,CUST0130,2026-01-14T01:43:00,4175.9,processing
dca0c404-2c4d-4366-b000-eed3ef5ef706,CUST0494,2026-01-14T01:50:00,3356.84,processing
7011d30d-839f-4dc1-a78a-a95efcb47cdb,CUST0491,2026-01-14T01:57:00,1275.86,pending
bb6c420b-106c-409d-8c27-80e4578b2a72,CUST0271,2026-01-14T02:04:00,647.35,processing
620b508c-312c-477e-bc95-d48bf9cbf368,CUST0021,2026-01-14T02:11:00,4118.6,completed
600a3cab-0dad-42fb-8096-0282a823c7ad,CUST0446,2026-01-14T02:18:00,408.12,refunded
3a11bb02-febe-49dc-a7db-1a2a2609d9f0,CUST0211,2026-01-14T02:25:00,658.57,cancelled
fe63df23-eacd-40da-8711-154b093ba5d5,CUST0263,2026-01-14T02:32:00,873.7,completed
a218d7cd-0172-4062-8c0c-497653de07b4,CUST0085,2026-01-14T02:39:00,4347.88,processing
c8c8f7d3-cba3-4871-a8ba-204d25ccba97,CUST0289,2026-01-14T02:46:00,2320.98,cancelled
d31fcbc1-1895-4318-90f2-3e1dcd922f87,CUST0173,2026-01-14T02:53:00,4400.43,completed
21ad6d1b-8993-4150-90c6-6b619c286d65,CUST0382,2026-01-14T03:00:00,111.76,cancelled
45bdffde-2864-490d-afb3-c324f808c81b,CUST0444,2026-01-14T03:07:00,3233.11,processing
5da79407-e6ad-421f-80cc-b070fde47c82,CUST0448,2026-01-14T03:14:00,4672.5,pending
fa930809-b33d-4dde-b36c-ce11432f18d8,CUST0443,2026-01-14T03:21:00,1420.99,cancelled
b88d9d43-9e74-4b79-92e6-a9445dc3b2dc,CUST0311,2026-01-14T03:28:00,4829.53,refunded
75435024-d657-490a-b520-2d2be1099f1d,CUST0430,2026-01-14T03:35:00,4815.05,pending
e073ebf2-4692-47ae-8564-ccdccd39f0b5,CUST0153,2026-01-14T03:42:00,2866.78,completed
72f5ff5b-8384-476d-9f6f-3a892a321b4e,CUST0151,2026-01-14T03:49:00,669.72,refunded
9bde62ee-a70d-4d55-9afd-696473d2e15e,CUST0469,2026-01-14T03:56:00,2654.23,refunded
5fb0f970-850a-45bf-be72-a915d117d624,CUST0014,2026-01-14T04:03:00,3677.61,completed
580ca344-63af-4a2f-b7b2-e6150a304091,CUST0370,2026-01-14T04:10:00,2391.22,processing
a07daf1d-1e1d-4bec-8b61-bb14c8b47657,CUST0400,2026-01-14T04:17:00,4044.96,completed
91a36573-49b2-4cfd-8628-e477e861456f,CUST0180,2026-01-14T04:24:00,3218.95,pending
df8b0944-8bc1-490e-8f8a-e663452cbcb7,CUST0325,2026-01-14T04:31:00,2269.21,completed
a2a4dc91-f1da-4808-abb6-ed8f99de6355,CUST0367,2026-01-14T04:38:00,3127.43,refunded
3bc5e6f4-ee2b-450a-b89a-1d9497684133,CUST0491,2026-01-14T04:45:00,3866.72,completed
b31075aa-02c3-45e7-98d9-275efe25fc7b,CUST0085,2026-01-14T04:52:00,956.74,pending
df487901-bf5b-40c4-a244-f1e477af9e71,CUST0286,2026-01-14T04:59:00,2223.53,processing
3c13c0bf-c186-4f69-8592-c610001a3a97,CUST0480,2026-01-14T05:06:00,3046.03,completed
a3f08446-5bd4-4b72-9395-b6a5417d5b8c,CUST0495,2026-01-14T05:13:00,4286.71,processing
edbc9e7a-e8d6-407c-897e-b69f4ebdff95,CUST0435,2026-01-14T05:20:00,1260.82,refunded
fca0b750-0e73-4d1f-8f42-9299e3244094,CUST0259,2026-01-14T05:27:00,426.96,pending
4f5da98f-f987-4c2b-a3fb-9d73714fe0dd,CUST0379,2026-01-14T05:34:00,827.35,refunded
a394ad86-debd-4e93-82a4-bd9a755fe4ca,CUST0059,2026-01-14T05:41:00,4496.35,cancelled
ffda86bd-3306-482d-92f7-78dd2e1d04ca,CUST0329,2026-01-14T05:48:00,3017.59,refunded
a90da1d5-47e1-4965-a96c-fb51d1f57f0b,CUST0196,2026-01-14T05:55:00,549.67,processing
6c421d01-0410-4d83-b1a6-e478b754bc28,CUST0074,2026-01-14T06:02:00,4582.35,processing
1dc4e74f-3449-4722-b939-c7eaf9585a75,CUST0211,2026-01-14T06:09:00,121.37,processing
7d9c7ffe-612a-48aa-89c8-a254c0b13c8a,CUST0013,2026-01-14T06:16:00,455.01,cancelled
d590e9dd-84ff-415e-b81f-4dcd1475d9e8,CUST0395,2026-01-14T06:23:00,1163.26,processing
680abd89-5da4-4919-99df-fce5fe2191fe,CUST0490,2026-01-14T06:30:00,1351.59,refunded
74b815fd-ffd3-459a-a143-41928f64578e,CUST0397,2026-01-14T06:37:00,1914.92,pending
da6f149a-e131-448a-a4ba-a087025db036,CUST0271,2026-01-14T06:44:00,1753.18,pending
b881f05a-5095-43c6-96af-f3fdd04164c9,CUST0029,2026-01-14T06:51:00,2782.12,processing
7560d9fd-7460-4fd8-87df-67d1bad55ca4,CUST0175,2026-01-14T06:58:00,223.28,processing
78056570-8914-45fa-8d7f-69d46a8a636f,CUST0008,2026-01-14T07:05:00,3952.13,cancelled
2d2f62d8-8480-4757-afc9-0703994d0b8b,CUST0075,2026-01-14T07:12:00,1034.13,refunded
9fd39bf4-408c-4569-b75c-267f6e489279,CUST0067,2026-01-14T07:19:00,4161.34,pending
d0448903-f01a-4e96-b2c6-b686a7d5fec5,CUST0441,2026-01-14T07:26:00,3161.18,refunded
5b222971-53a0-4705-b8da-2b5e2e114e7c,CUST0310,2026-01-14T07:33:00,2563.01,completed
994c5afd-006a-47ae-bda7-effd82e7a6c4,CUST0069,2026-01-14T07:40:00,3869.55,cancelled
06b7345f-f84e-4796-88c7-8b3a7e8d9cff,CUST0200,2026-01-14T07:47:00,1756.52,cancelled
02b0bf31-a128-4c5e-b11d-639fc2daad0e,CUST0247,2026-01-14T07:54:00,2656.85,refunded
604080c8-f646-486f-9ca3-1b096f38e2b2,CUST0292,2026-01-14T08:01:00,437.98,completed
42c75084-822d-4603-91ba-c04917dec0c6,CUST0383,2026-01-14T08:08:00,1417.23,pending
08229d38-59de-4bd5-995d-f80c87255ce9,CUST0435,2026-01-14T08:15:00,26.73,cancelled
142a045e-28c3-45a7-a119-e4e0727c30a0,CUST0148,2026-01-14T08:22:00,410.19,pending
662833f4-8fe6-406f-9511-4bdf1c7fd968,CUST0055,2026-01-14T08:29:00,4868.18,cancelled
5bcf59b3-30b4-46bc-a1ff-6f653c70488c,CUST0465,2026-01-14T08:36:00,85.07,cancelled
3297021d-83e0-483b-a5a1-4ab991a5e78c,CUST0081,2026-01-14T08:43:00,4688.66,processing
aa5ac9e2-8e93-445b-94fb-46c957463586,CUST0429,2026-01-14T08:50:00,1146.5,completed
0d6c7bd6-f0f9-4343-9037-e2378a89fdc0,CUST0367,2026-01-14T08:57:00,2027.38,processing
518e6388-4078-4db7-857a-f01c6d966b67,CUST0403,2026-01-14T09:04:00,2319.57,pending
42da5b78-abd7-48fd-b8c1-eb5c7c608ea3,CUST0154,2026-01-14T09:11:00,2032.86,processing
d495cd5b-37be-49b4-8578-601fb275e9de,CUST0482,2026-01-14T09:18:00,3604.92,refunded
5ded8c83-d005-448e-96a6-5f920c83d1cc,CUST0357,2026-01-14T09:25:00,4281.97,completed
f2fcecbb-ba23-4eb6-8533-36ff4f66a620,CUST0270,2026-01-14T09:32:00,4353.68,pending
9c9fda7b-3e97-441e-b01e-cc01f9a04342,CUST0391,2026-01-14T09:39:00,75.08,pending
074eac3f-6d19-4810-ba26-51d41d2fd22e,CUST0160,2026-01-14T09:46:00,4751.46,completed
48c22634-ab23-44d3-a4bf-6ca9775e7401,CUST0191,2026-01-14T09:53:00,2160.63,refunded
4436bec8-f6e9-4543-8420-a2c28ab25c56,CUST0155,2026-01-14T10:00:00,4796.75,processing
d46ccf45-1577-4c96-86f1-5e8128c64ed5,CUST0307,2026-01-14T10:07:00,1212.78,processing
825bc08d-52c9-4a55-abdf-de7217eda0eb,CUST0322,2026-01-14T10:14:00,3771.74,cancelled
fe7c98c7-12d3-4ab7-98ec-4d579076d843,CUST0289,2026-01-14T10:21:00,2556.3,completed
1a9e186b-6a51-4422-a718-39c4d0948661,CUST0271,2026-01-14T10:28:00,2821.4,refunded
f047abd7-5be6-4344-869d-7992caef5c0f,CUST0032,2026-01-14T10:35:00,4394.85,completed
af14fb8b-e4c3-4c8f-9153-0f95f897c5e1,CUST0100,2026-01-14T10:42:00,2198.81,refunded
743ed05b-f780-4426-be05-411e151a09e1,CUST0188,2026-01-14T10:49:00,1475.2,cancelled
8251604d-74e7-4741-908c-1bda4f379427,CUST0073,2026-01-14T10:56:00,2771.5,refunded
7fb31723-fe09-4b3b-af26-e4c20be6a19a,CUST0211,2026-01-14T11:03:00,2093.9,pending
fc4e2054-a2ec-46d8-83e4-d54e1d20bc1c,CUST0086,2026-01-14T11:10:00,572.81,refunded
bb95e431-7f65-495f-83fc-f6952fbf2883,CUST0339,2026-01-14T11:17:00,2260.33,completed
0d1d2e35-50f0-43bc-9264-6e2387d32a5f,CUST0142,2026-01-14T11:24:00,1848.12,completed
1914ec31-86c4-435d-95aa-ef8aed47d66f,CUST0434,2026-01-14T11:31:00,1099.35,pending
b49a7cec-d293-4abc-b6ce-80e88cf677cf,CUST0108,2026-01-14T11:38:00,1168.26,completed
116f1bc0-b6d7-4179-9336-6f3e605ed5ae,CUST0128,2026-01-14T11:45:00,4628.58,processing
435fe920-4dff-48ed-a86b-4a4830326ed4,CUST0369,2026-01-14T11:52:00,3826.24,cancelled
cc943f59-46a2-496d-99b4-0dc3a4795ef0,CUST0146,2026-01-14T11:59:00,3516.12,completed
0ec51a00-9c2e-4029-8b8b-172b491875c2,CUST0136,2026-01-14T12:06:00,1424.26,pending
82f4739e-e789-4e93-8b41-7edb72c080a0,CUST0192,2026-01-14T12:13:00,669.34,processing
82f14d62-1282-42f5-98b8-48a279150ba3,CUST0421,2026-01-14T12:20:00,2805.09,cancelled
26e80d98-7bb2-4c1f-b161-a6a468883bd4,CUST0265,2026-01-14T12:27:00,1094.37,processing
895cd4ac-9195-45df-a624-0737e34930ff,CUST0026,2026-01-14T12:34:00,3388.93,refunded
2921fda7-c2ab-4438-9f49-77e49ef1a245,CUST0264,2026-01-14T12:41:00,696.8,pending
46aef042-67e6-4947-ad30-153540ba14a6,CUST0118,2026-01-14T12:48:00,1819.65,cancelled
fe006c92-c305-4353-b9c8-7fe04e45677f,CUST0296,2026-01-14T12:55:00,2618.58,cancelled
f4ec3cb5-1491-4ee7-9762-6899afd4a4f3,CUST0074,2026-01-14T13:02:00,3194.59,completed
9ecf4726-3acf-47e8-b377-c83e99f7d712,CUST0285,2026-01-14T13:09:00,4801.84,cancelled
ceeaf15f-973b-4956-a3d9-697cff631dc1,CUST0489,2026-01-14T13:16:00,287.08,cancelled
f533c643-c927-4aa8-ad9b-5ef2aae9b86e,CUST0220,2026-01-14T13:23:00,1886.22,refunded
488a271b-954d-4b8d-aa8d-57793eb9ffd5,CUST0318,2026-01-14T13:30:00,2148.91,cancelled
f6a320fd-b2e9-492f-9282-a445cc253220,CUST0204,2026-01-14T13:37:00,4561.34,cancelled
38f00b49-e2b4-4cd7-af44-ef8a1091e6eb,CUST0451,2026-01-14T13:44:00,3536.54,completed
6b0ad90c-b622-4154-abe1-c8482cf4ade3,CUST0165,2026-01-14T13:51:00,4159.18,refunded
72320285-32d7-459e-a75f-0358db3ef2c3,CUST0043,2026-01-14T13:58:00,1887.36,refunded
72542d49-3c9c-43b8-93fd-1ac395adb308,CUST0099,2026-01-14T14:05:00,3254.84,cancelled
f4816dda-6f85-4b88-b2d0-a3782245085c,CUST0029,2026-01-14T14:12:00,1782.48,refunded
f383d84d-29d0-42a6-b575-3bd12c6100cd,CUST0164,2026-01-14T14:19:00,1657.35,refunded
7506809f-cc3b-483a-b5e8-b88146430b4a,CUST0470,2026-01-14T14:26:00,2570.61,processing
13dad37a-06fe-4ccd-ae1f-29c52dfe1495,CUST0191,2026-01-14T14:33:00,1797.21,completed
30efdd45-e64c-4324-900c-da5646489533,CUST0013,2026-01-14T14:40:00,3196.99,pending
18f4ff2c-3453-41f1-8dc8-4d0d11aee7a3,CUST0126,2026-01-14T14:47:00,1420.88,refunded
509eb6da-2844-4a9e-bf60-0196ec4f4157,CUST0022,2026-01-14T14:54:00,3451.75,refunded
c3ce03fd-ecbe-4ace-8e26-cb19b024bf3a,CUST0156,2026-01-14T15:01:00,679.22,pending
94dc3ab6-ea91-4e09-a073-af504901ffcf,CUST0458,2026-01-14T15:08:00,2173.83,pending
bbfb483f-e48e-483f-9db9-e9f09ccdc2aa,CUST0231,2026-01-14T15:15:00,2644.29,pending
14012271-7583-49dc-882a-942e3a1cdecc,CUST0188,2026-01-14T15:22:00,4413.42,refunded
0ec5e859-a2a1-46de-9345-4d1a4d53b366,CUST0237,2026-01-14T15:29:00,343.0,cancelled
7e517adc-4443-4e21-bfc5-fe52ebcf8008,CUST0029,2026-01-14T15:36:00,1039.27,pending
02d1a31b-43c7-4595-85ae-a32009e48392,CUST0380,2026-01-14T15:43:00,965.5,pending
893b6bd1-56ce-478e-ae33-57416f75ed36,CUST0052,2026-01-14T15:50:00,2683.31,cancelled
dd402de1-ca13-4783-8492-1ed031146ded,CUST0018,2026-01-14T15:57:00,1485.09,pending
4a47b83e-1149-42a5-8c75-a898e106efe2,CUST0334,2026-01-14T16:04:00,4965.31,cancelled
1ba746cb-0972-4c04-ad4d-25128777a367,CUST0181,2026-01-14T16:11:00,2124.82,pending
3b1d8164-b282-4083-9c6a-7cc317b9138b,CUST0229,2026-01-14T16:18:00,840.56,processing
8c057d96-ad8e-4931-97dc-f6cd9d36a2cb,CUST0138,2026-01-14T16:25:00,4525.4,cancelled
52e1bd72-4d6c-4b47-9f6d-c26175add3a0,CUST0093,2026-01-14T16:32:00,3868.23,refunded
661c3144-945a-49ae-b6fb-95530373d6c8,CUST0308,2026-01-14T16:39:00,621.81,pending
d5c4ee0d-6598-470a-a616-34f649080fae,CUST0125,2026-01-14T16:46:00,4427.08,completed
e011bdd0-85b0-47fc-a1b4-2255631c4a80,CUST0357,2026-01-14T16:53:00,3992.54,pending
c4f487be-db2f-42fd-8b14-5b4e57ea9586,CUST0059,2026-01-14T17:00:00,2443.8,pending
77b22010-3997-4fe0-bb14-f5d14f0ea125,CUST0134,2026-01-14T17:07:00,4796.94,refunded
65923a1a-03c5-47e4-95f9-5ea183798409,CUST0418,2026-01-14T17:14:00,185.01,cancelled
7afeda30-1097-4013-98a5-9606373cd87f,CUST0022,2026-01-14T17:21:00,2208.25,pending
b1470f74-03ca-4e80-a9f1-47bf6b80eaae,CUST0036,2026-01-14T17:28:00,2695.51,completed
4e4bb23c-8028-4273-a958-f94b3d1f4cc5,CUST0114,2026-01-14T17:35:00,341.33,pending
092b251c-43a7-4c8e-8676-fdb853159e52,CUST0162,2026-01-14T17:42:00,1252.95,completed
c7b2890a-707f-41b7-8f85-1da17ac36267,CUST0336,2026-01-14T17:49:00,4120.09,completed
fd959fc5-769d-4196-a380-7a9003e01f41,CUST0280,2026-01-14T17:56:00,4079.91,pending
31c246bf-cae5-44f2-b4c0-74e863710f9d,CUST0232,2026-01-14T18:03:00,4430.92,completed
1b4be1cd-0461-48e4-bb4a-bceee6631fcf,CUST0253,2026-01-14T18:10:00,3610.99,refunded
ae209f71-1bae-450d-b7f5-70fcad843d08,CUST0390,2026-01-14T18:17:00,830.17,refunded
86b920b2-8307-4b3e-8d6f-928bd487275a,CUST0315,2026-01-14T18:24:00,4025.24,processing
71a93be0-5c62-47f0-b3ca-a218782f258f,CUST0364,2026-01-14T18:31:00,4218.43,cancelled
c9cee3be-4f0f-481e-a3ed-0d7b5367cf37,CUST0491,2026-01-14T18:38:00,393.99,cancelled
4c3a5b5d-3c6b-48a4-8cb7-4d7baa4af0e0,CUST0262,2026-01-14T18:45:00,2839.86,processing
f206ca1c-df27-4912-9917-db4673c5abaa,CUST0061,2026-01-14T18:52:00,4017.57,processing
96c372ca-ca48-41b0-8238-b78feadb5304,CUST0160,2026-01-14T18:59:00,3465.96,pending
c3aab583-8554-43e0-9095-10404287236a,CUST0096,2026-01-14T19:06:00,2089.03,refunded
a9a532b5-b7a0-4b2f-9c7c-2a6ccd3b4bee,CUST0235,2026-01-14T19:13:00,1484.66,pending
024a919d-ece3-4957-9957-7cffdf78bf1d,CUST0391,2026-01-14T19:20:00,3528.08,processing
c583a5ac-560f-4cf3-bfd3-1aee36967521,CUST0309,2026-01-14T19:27:00,4597.81,cancelled
aa80ebb8-9507-4081-9ed4-65adc09532c2,CUST0386,2026-01-14T19:34:00,631.42,pending
09b07b06-1230-445a-af37-b904fe77ce82,CUST0387,2026-01-14T19:41:00,2825.45,completed
8e6960d4-3fc1-401d-965c-f4c30b96d4f7,CUST0040,2026-01-14T19:48:00,109.45,completed
78664295-7874-4dfd-925d-fd332b838cec,CUST0312,2026-01-14T19:55:00,2305.65,refunded
db4ae275-b561-4e15-adf8-554b3c4f106c,CUST0308,2026-01-14T20:02:00,1401.2,pending
d5ddf06a-31ba-41af-a072-02ee1eb25678,CUST0308,2026-01-14T20:09:00,1323.97,refunded
43a18702-e63b-43fe-92df-00d35edbdbe8,CUST0438,2026-01-14T20:16:00,4036.73,cancelled
3dcd3a5a-afa2-42b0-86a7-bad2edc69166,CUST0220,2026-01-14T20:23:00,347.62,pending
31593516-6b58-4a95-b49f-77da34663f05,CUST0251,2026-01-14T20:30:00,55.84,processing
7a99777b-0d10-4d2a-966c-b2a55ed6599b,CUST0368,2026-01-14T20:37:00,348.04,processing
acebfc7d-8e29-47f3-8860-cbcae0b38d3a,CUST0051,2026-01-14T20:44:00,10.88,completed
f168f31d-1394-475c-adc8-0ce42a3e068c,CUST0247,2026-01-14T20:51:00,3554.68,refunded
5064677d-c304-4da1-baf5-99908610499f,CUST0476,2026-01-14T20:58:00,1497.33,completed
4e16eff6-7427-4100-a87b-5c777f5f5c4c,CUST0063,2026-01-14T21:05:00,3692.66,pending
fcc32c4f-c04b-4e75-9f66-47231bc68a3d,CUST0231,2026-01-14T21:12:00,3174.91,completed
5791fb31-9621-4073-a769-f812e9346dfd,CUST0082,2026-01-14T21:19:00,4754.31,refunded
0fddf5a1-2290-4013-953b-3747cc2f1f03,CUST0451,2026-01-14T21:26:00,4263.53,pending
b18177e1-fcda-49ff-b184-b4ecf0ff4a84,CUST0103,2026-01-14T21:33:00,313.77,refunded
47cb0455-cd18-47e8-b536-33cfcb59441e,CUST0163,2026-01-14T21:40:00,3095.83,completed
835fb86a-7d70-47e1-a40f-8f8444bd8ab6,CUST0498,2026-01-14T21:47:00,2957.87,refunded
dcf11d95-faa1-4e38-a9f2-4c45507663a5,CUST0415,2026-01-14T21:54:00,4927.35,processing
9684f4ec-ff16-46bd-aa7a-bfae37cf980a,CUST0154,2026-01-14T22:01:00,3442.26,cancelled
ba5e2770-5f04-4fe8-8354-56c908e46919,CUST0211,2026-01-14T22:08:00,928.05,refunded
f5bb5f0e-239f-4575-9150-06e399f8f117,CUST0487,2026-01-14T22:15:00,1839.16,refunded
4d889d5c-07b9-41d9-b32c-05007c1f4e0b,CUST0397,2026-01-14T22:22:00,4149.71,cancelled
e7200073-dcd1-460a-a47e-03410c9598a8,CUST0343,2026-01-14T22:29:00,2875.22,processing
bad10ad1-42ff-4ac7-9869-4cdd7d9a0ff5,CUST0244,2026-01-14T22:36:00,1744.71,cancelled
0c999e73-4299-4c1f-9104-6d3afedac19a,CUST0341,2026-01-14T22:43:00,4772.8,completed
afc8b36e-2101-491d-85c0-430befbca06f,CUST0466,2026-01-14T22:50:00,3152.05,pending
56f115c1-3b4b-4ede-93f4-fcdfe9ed63a6,CUST0194,2026-01-14T22:57:00,4086.02,refunded
eb9260f2-fad9-413d-85db-9047e2ede760,CUST0326,2026-01-14T23:04:00,4932.59,cancelled
f3a20493-66cb-494c-bd77-82729bcb82dd,CUST0344,2026-01-14T23:11:00,4463.59,completed
56b9bdc3-4b5d-46fb-a159-e4c82d45a5b1,CUST0223,2026-01-14T23:18:00,2868.99,cancelled
eb503b2e-3033-4bad-bbd0-3d7cc32f581a,CUST0202,2026-01-14T23:25:00,4533.06,cancelled
eac1149c-907a-4259-8c4f-a326ada181e7,CUST0381,2026-01-14T23:32:00,3228.89,pending
14be2edc-df4f-4bcc-adb9-79b64202f7de,CUST0306,2026-13-45,99.99,completed
c2ebf6c6-2d06-483e-a27e-86bdeb63a6c8,CUST0397,2026-01-14T23:39:00,1891.72,completed
fa720372-14f6-45ed-aa70-ef6e19d9049d,CUST0025,2026-01-14T23:46:00,3830.4,cancelled
b64421f7-539c-4c8c-99c5-a0ad6e040e7b,CUST0159,2026-01-14T23:53:00,3186.19,refunded
a7e6ac12-b9a6-4bad-b739-6b7485af9b94,CUST0025,2026-01-15T00:00:00,4674.92,processing
f9e34f1c-7dbb-48c1-a2f6-b48ac6c6c440,CUST0152,2026-01-15T00:07:00,4316.94,pending
c7c56383-f752-448c-bf89-829fea1cf0a9,CUST0119,2026-01-15T00:14:00,3624.64,pending
d59032d8-8f57-4107-bff6-79cf17699540,CUST0446,2026-01-15T00:21:00,4012.42,cancelled
63f490b3-65dc-44e5-a9fd-a0a84cb89ab9,CUST0168,2026-01-15T00:28:00,3311.06,refunded
8b92f515-447f-4c0b-aab2-b76698e2e6eb,CUST0156,2026-01-15T00:35:00,4959.4,processing
8c7fe94a-c423-4f0a-b175-f8c948baaad8,CUST0163,2026-01-15T00:42:00,958.41,refunded
78a92437-305f-49ff-a88f-d2f2158bbbd3,CUST0065,2026-01-15T00:49:00,1941.07,cancelled
589c0d03-7e42-4b65-939c-cdf6182fd0c5,CUST0229,2026-01-15T00:56:00,2392.74,cancelled
977eff8a-bb72-4782-a289-399ac7545756,CUST0232,2026-01-15T01:03:00,3111.93,completed
019b5ae0-19df-40ff-bc89-05d44ec9aea8,CUST0302,2026-01-15T01:10:00,3030.27,pending
0854873d-d6bd-476f-a242-4f14cdfd1248,CUST0144,2026-01-15T01:17:00,1388.25,refunded
f7274aa2-3eee-4fb8-839b-1fc0ca1f5b26,CUST0377,2026-01-15T01:24:00,62.41,processing
6ab8f44e-130d-4c66-985b-df546111eae6,CUST0051,2026-01-15T01:31:00,2608.76,completed
d475a0d7-106d-4abf-b163-93fa09514494,CUST0322,2026-01-15T01:38:00,4482.95,refunded
6288b98f-0c7b-42c1-b64a-994894969d87,CUST0479,2026-01-15T01:45:00,452.82,refunded
e480507c-1687-47ea-ab57-d97301e6e57f,CUST0297,2026-01-15T01:52:00,374.62,refunded
0e1419a7-f537-46d4-9d32-b10b2e986242,CUST0098,2026-01-15T01:59:00,3193.51,cancelled
16af9e75-46d8-4d56-9b4c-b0a131477164,CUST0176,2026-01-15T02:06:00,2230.77,processing
e677fb29-2882-4d76-9a33-5d6ca574a213,CUST0385,2026-01-15T02:13:00,255.26,cancelled
d290d253-e5e1-4fbb-96d2-0b5ca8876443,CUST0242,2026-01-15T02:20:00,1441.52,refunded
1720b03a-f433-42bb-9714-20dae87938ca,CUST0256,2026-01-15T02:27:00,1850.77,refunded
629ccddd-df04-4b5a-8baf-429ae24c57cd,CUST0082,2026-01-15T02:34:00,4624.69,completed
fe578a2d-3b10-4688-926c-3c30cc51999c,CUST0056,2026-01-15T02:41:00,560.6,completed
77440bfc-747a-4f60-adc4-a283f6a4cab6,CUST0273,2026-01-15T02:48:00,294.3,completed
bdc4f7ba-3d4f-444a-82b1-78417ed65d5c,CUST0460,2026-01-15T02:55:00,3816.83,cancelled
1b59b6b3-40be-4ac2-897a-4074c9d8fa5a,CUST0421,2026-01-15T03:02:00,1954.11,refunded
8792bc36-3b3f-4c52-b870-2b6082aa178d,CUST0070,2026-01-15T03:09:00,4766.49,cancelled
1cf7d760-ef91-4620-ac46-d15e580d197b,CUST0420,2026-01-15T03:16:00,2944.17,cancelled
dd38247a-de34-4b23-9df6-16b7aede2aad,CUST0383,2026-01-15T03:23:00,4167.18,pending
4bb8f768-dce7-4b7a-bbaf-51957dca6db3,CUST0387,2026-01-15T03:30:00,1310.37,pending
2be62de8-38c0-4257-98d8-c75ee59213bd,CUST0500,2026-01-15T03:37:00,2552.59,pending
1f36b606-46ef-4e0c-ae4e-84dd9200afc3,CUST0211,2026-01-15T03:44:00,4668.76,refunded
a24c8192-6784-4680-a358-5ce91517f69c,CUST0463,2026-01-15T03:51:00,953.05,pending
dfa0fb51-4360-4253-afd1-a9cc3e64272a,CUST0426,2026-01-15T03:58:00,4969.07,completed
e6ac99ab-2146-4916-95f8-abdf278633cf,CUST0458,2026-01-15T04:05:00,3556.66,refunded
a17d2d68-aa55-476f-8be3-812cbe313e4a,CUST0392,2026-01-15T04:12:00,1978.92,pending
f574ba92-37fc-495e-8585-61503d6c2554,CUST0328,2026-01-15T04:19:00,2071.65,processing
d59128fd-57df-4969-aaab-3667689418cd,CUST0224,2026-01-15T04:26:00,2258.35,cancelled
8944bb78-864e-4392-b412-cf956f951102,CUST0163,2026-01-15T04:33:00,2408.09,processing
74d67c32-71da-4ad3-bd5c-475ee65c00de,CUST0167,2026-01-15T04:40:00,1639.84,refunded
48cee1a0-be69-4401-8aa5-6e41267c8829,CUST0333,2026-01-15T04:47:00,187.08,cancelled
e25f4da6-cf7b-48af-830e-19e5f5ac9a1a,CUST0155,2026-01-15T04:54:00,4731.37,refunded
1f3e2e0e-2ab0-46bf-a26f-50b858cfe548,CUST0318,2026-01-15T05:01:00,2384.35,refunded
81d26064-93d0-42eb-b326-1a07dc2f8757,CUST0391,2026-01-15T05:08:00,4322.53,pending
d5b25bfa-83ed-4ce8-953f-2944b20ad839,CUST0418,2026-01-15T05:15:00,981.76,cancelled
2b2e512c-0973-452c-819e-4d8c7218a2b8,CUST0087,2026-01-15T05:22:00,884.34,completed
f90a4f42-900e-4fe0-b0fa-42698eca3c3b,CUST0022,2026-01-15T05:29:00,4731.22,processing
fa672a71-b12a-4dea-8dd2-18cfacd33927,CUST0188,2026-01-15T05:36:00,793.66,refunded
60fb46e8-0b5b-4ca3-b103-473d099e3d56,CUST0210,2026-01-15T05:43:00,4663.63,refunded
daf13279-31db-45d2-a1d9-616ab1d36dd2,CUST0452,2026-01-15T05:50:00,2366.29,cancelled
e755de48-a31a-4a80-af24-1f680e9adf9f,CUST0329,2026-01-15T05:57:00,2091.94,cancelled
80c99e48-a8a8-4a6b-a01f-0250ed4c4058,CUST0255,2026-01-15T06:04:00,680.85,refunded
e6b1a46b-aca3-4dbf-a69c-901c9ce04573,CUST0260,2026-01-15T06:11:00,3850.04,refunded
d7b82e4e-7a50-4934-bac8-92123466b33c,CUST0034,2026-01-15T06:18:00,1751.85,refunded
70f51652-7461-42fa-a37b-0a5db3338b48,CUST0063,2026-01-15T06:25:00,2371.45,completed
48bf4b5b-b2f7-49fa-886e-860bab82e0f5,CUST0293,2026-01-15T06:32:00,2027.81,refunded
6a5ecb71-44b9-4681-b1e5-7e290760bb97,CUST0120,2026-01-15T06:39:00,3405.28,completed
0785f635-33fb-4c17-8cbf-9fc61c3c3932,CUST0164,2026-01-15T06:46:00,2940.88,cancelled
d9ad117e-4c45-4ebd-86e2-1c6e825c2f48,CUST0339,2026-01-15T06:53:00,1360.1,cancelled
6decbea6-9748-413f-9dd5-62ffed9fb28c,CUST0443,2026-01-15T07:00:00,1927.65,pending
486d7bc1-6548-414b-a135-e7d11d914d9a,CUST0244,2026-01-15T07:07:00,1487.12,pending
72f5e2fb-5b02-4c1e-afed-22436b890683,CUST0218,2026-01-15T07:14:00,465.67,processing
7701e76b-14c6-4aab-949b-615b43543b06,CUST0068,2026-01-15T07:21:00,3825.76,refunded
55b796d0-3604-42ab-ba25-6ceb9e6a149a,CUST0075,2026-01-15T07:28:00,3930.54,pending
28e59f88-33d8-4b18-9e78-2c18eaba58d5,CUST0423,2026-01-15T07:35:00,2289.82,processing
9c34a709-2fc1-49a4-901e-f6c1aa8d8151,CUST0290,2026-01-15T07:42:00,1365.53,pending
dc49c97d-e068-4bc4-9473-680df2a5b394,CUST0162,2026-01-15T07:49:00,1013.03,completed
a19b10ca-97ac-4f7e-be1c-56224c9a6971,CUST0220,2026-01-15T07:56:00,4561.87,pending
e43d262f-f5c7-4e87-859a-c503e43e24a0,CUST0477,2026-01-15T08:03:00,3115.02,refunded
835a4cb9-90cc-4959-9c9a-0674e7db9149,CUST0357,2026-01-15T08:10:00,159.36,cancelled
47d8f391-c4da-4532-8f31-cf9d0c3baad3,CUST0310,2026-01-15T08:17:00,2810.41,processing
f1715e42-6a57-4e26-b2eb-cd5ec959cca2,CUST0239,2026-01-15T08:24:00,3056.75,cancelled
9b4d3fa8-a741-43ed-9b20-3aaa45225b83,CUST0190,2026-01-15T08:31:00,1847.99,pending
7c69fd0a-477c-4f5e-9c06-914c7a8bd956,CUST0079,2026-01-15T08:38:00,4316.54,processing
3f450a6f-52d9-41d2-8e0f-2a3bdea4b4ed,CUST0298,2026-01-15T08:45:00,2941.2,completed
bc69c8f7-7980-4c34-b436-1efaf45c2cf4,CUST0029,2026-01-15T08:52:00,2071.22,refunded
d9d08ef1-d0a2-4ded-84c3-2c7d2dcd098b,CUST0163,2026-01-15T08:59:00,42.22,processing
26c950cd-8871-4bfd-b978-5bf0eff0341e,CUST0394,2026-01-15T09:06:00,4198.99,processing
46d7c435-0bc3-4b1f-8180-900f4e202356,CUST0179,2026-01-15T09:13:00,4617.8,pending
b04eee14-db65-47cf-8d74-07b229311526,CUST0168,2026-01-15T09:20:00,4286.87,cancelled
3f325ef9-f8ef-412c-a1e7-4f3cf71132d6,CUST0401,2026-01-15T09:27:00,3248.33,pending
83fcd1d1-fb63-4492-a5bf-1791c4c6d563,CUST0172,2026-01-15T09:34:00,2605.85,completed
b3d9d71b-54e6-4112-b52c-0fc9a2f77d43,CUST0002,2026-01-15T09:41:00,843.45,refunded
3e79b31c-6f9a-4fb4-9df1-c627edb704e8,CUST0049,2026-01-15T09:48:00,1999.64,completed
3c63de07-f091-4f69-afdc-8af564ea9764,CUST0339,2026-01-15T09:55:00,2605.47,processing
d7b2140e-8c52-44a7-9a56-c2e1e33a5aa1,CUST0291,2026-01-15T10:02:00,2164.96,cancelled
1bcac8bb-2b51-4043-b45f-e60809f0403c,CUST0456,2026-01-15T10:09:00,3027.32,refunded
4a24efc5-5fcd-4a46-b46f-7d03672e67bd,CUST0163,2026-01-15T10:16:00,225.79,cancelled
a4458624-1cbe-4d8a-b4d4-7d642e264e17,CUST0338,2026-01-15T10:23:00,1268.78,processing
0252b5e8-8d30-4f13-aec3-4be1ca4d3433,CUST0313,2026-01-15T10:30:00,1804.68,cancelled
e37b78f7-654d-49a4-b086-e53af579dc02,CUST0241,2026-01-15T10:37:00,4951.47,refunded
81b65ba8-2bd6-492f-91f8-05a5be378d77,CUST0185,2026-01-15T10:44:00,3214.12,pending
e88b7f31-36e5-465a-a2aa-52570cb2f469,CUST0083,2026-01-15T10:51:00,2478.54,completed
88637922-662f-435d-8021-9a308a70a6df,CUST0107,2026-01-15T10:58:00,1745.79,cancelled
b3b08675-cf15-4fe9-acb4-593c92c663d0,CUST0402,2026-01-15T11:05:00,1743.39,processing
914689f1-a50d-41bd-aa95-5db6e3d298c2,CUST0021,2026-01-15T11:12:00,4348.29,processing
f7788ed6-c3db-4aaf-bedf-4b81fd7fc41d,CUST0052,2026-01-15T11:19:00,727.7,cancelled
4926dc3d-8617-4f8e-b14d-86661afe2eb0,CUST0009,2026-01-15T11:26:00,3532.49,refunded
d89c3c82-c0f9-4080-bdc2-fbede60c7b45,CUST0310,2026-01-15T11:33:00,2586.41,refunded
d2e334da-03af-40cd-8b1b-2b885e1c4055,CUST0451,2026-01-15T11:40:00,2257.56,pending
bdcc558c-406d-43f7-be40-0be3397d84d5,CUST0072,2026-01-15T11:47:00,1314.44,completed
23e3b1b7-f0f0-4ba8-851c-a5a56484e1cb,CUST0411,2026-01-15T11:54:00,4262.61,pending
9da1f2ba-8b0c-4e4b-ad96-13b3abdcb146,CUST0461,2026-01-15T12:01:00,3788.21,completed
4ab543b5-3d56-4d0d-a450-92ef751fe834,CUST0103,2026-01-15T12:08:00,1586.39,refunded
020c0006-83b4-41a2-8bbb-0eaa744708de,CUST0240,2026-01-15T12:15:00,4106.93,completed
9e40acde-ef37-4f5d-9e5f-3ccce0bae002,CUST0347,2026-01-15T12:22:00,464.35,pending
0f45dff0-c233-4db4-9eb1-cb0b6bb59237,CUST0203,2026-01-15T12:29:00,3455.17,cancelled
4a10e421-1078-4a5d-ae1a-4e346e80a7e4,CUST0267,2026-01-15T12:36:00,2794.96,cancelled
f2ceed3b-7e7c-42f2-ba2d-7e94d9135400,CUST0023,2026-01-15T12:43:00,2898.76,completed
ce1fc6cf-5dc1-422a-8de3-4319fa150722,CUST0246,2026-01-15T12:50:00,780.13,processing
e2f8bbfc-f132-4b29-9ae8-25871b15f945,CUST0106,2026-01-15T12:57:00,781.41,completed
24f50ee3-e551-49dd-b607-16d2aa03f7df,CUST0259,2026-01-15T13:04:00,3888.0,pending
768410a1-2f60-4a19-902b-78e81e4ffe07,CUST0431,2026-01-15T13:11:00,2376.12,refunded
a90dd36e-0f0d-43ba-86a6-c2a208c57d12,CUST0454,2026-01-15T13:18:00,2382.6,processing
9d8a6216-b111-46cd-9935-214edd490192,CUST0400,2026-01-15T13:25:00,368.0,processing
ded40cb3-e54e-4fed-a86d-01f167967dab,CUST0207,2026-01-15T13:32:00,2930.99,pending
e82f835a-986b-4e74-835f-ce26dbc9752d,CUST0302,2026-01-15T13:39:00,4056.46,completed
60354682-02cb-4f66-ab80-50fd7d068411,CUST0167,2026-01-15T13:46:00,2410.78,completed
7434291c-55fb-4b46-9975-cf9a957c7323,CUST0159,2026-01-15T13:53:00,3662.9,completed
5e298b11-615e-464a-9912-7cf0dfd84cfe,CUST0375,2026-01-15T14:00:00,2907.95,processing
e3552dc9-4ccc-485d-b970-5cad4838fda2,CUST0106,2026-01-15T14:07:00,4625.14,pending
bc09a241-42ae-453f-a26a-02b6d136de25,CUST0131,2026-01-15T14:14:00,3212.68,pending
13970baa-ba22-49e8-a6aa-c90b4f5024a0,CUST0212,2026-01-15T14:21:00,963.71,processing
3134c1ff-5318-4b9f-b3f9-afd929d3b225,CUST0100,2026-01-15T14:28:00,4019.92,processing
efdb9e84-dd48-4405-896a-7f431dc50dce,CUST0084,2026-01-15T14:35:00,4779.37,completed
cbd39711-6b96-4ba6-ba81-ae7440a6fa8d,CUST0267,2026-01-15T14:42:00,637.8,processing
4faeef8f-0690-4119-a556-95770d519469,CUST0437,2026-01-15T14:49:00,4558.12,cancelled
d15896b8-20b7-49c0-b0c0-67d7f9849eea,CUST0329,2026-01-15T14:56:00,2237.32,refunded
4978ccad-dc38-49f0-a7d4-c321e65e2303,CUST0431,2026-01-15T15:03:00,1057.86,cancelled
9835130a-716a-46ed-979e-7b0583a7bfca,CUST0328,2026-01-15T15:10:00,1304.72,pending
31b3adfc-d1f8-43db-8756-7658d582f85c,CUST0061,2026-01-15T15:17:00,3397.72,processing
d1364bf4-78a2-419b-b943-3b65d3f0354b,CUST0303,2026-01-15T15:24:00,2235.77,pending
ace9277a-5a8f-4a54-9d65-d01ef8ecbd80,CUST0465,2026-01-15T15:31:00,803.03,refunded
c6c4e90a-5222-4b24-8f45-fd660f7ede1c,CUST0386,2026-01-15T15:38:00,2181.58,pending
c67260aa-6542-4a74-b896-03f66c683189,CUST0278,2026-01-15T15:45:00,4818.74,processing
4a7ab37e-e605-4d98-bff3-809feaa02ed0,CUST0194,2026-01-15T15:52:00,3716.73,completed
7c7e9e0e-8f89-45e7-b071-cfb82fbf0d69,CUST0063,2026-01-15T15:59:00,4658.76,completed
62484c46-25f9-4025-89c4-6829a5479438,CUST0325,2026-01-15T16:06:00,4345.19,completed
22d1c5d1-d35e-42c7-92b8-9f8607007351,CUST0139,2026-01-15T16:13:00,1817.71,processing
347f9a5e-dd94-43fc-8227-dd04bdbb72b6,CUST0369,2026-01-15T16:20:00,3216.15,pending
2044c447-945e-4f3d-b215-a4fde5b84b70,CUST0141,2026-01-15T16:27:00,1084.34,processing
503280ef-5ce6-42c9-b9bf-3e948c6923a7,CUST0333,2026-01-15T16:34:00,2081.55,cancelled
0b214492-bfff-4a07-951f-c397f54b5718,CUST0484,2026-01-15T16:41:00,2390.14,pending
502e9d5d-6412-49a5-aa5c-329061d65a21,CUST0269,2026-01-15T16:48:00,1676.25,processing
17379d1b-f44f-4ab9-8bad-f7292497a782,CUST0112,2026-01-15T16:55:00,4976.91,processing
13f24e02-cb8c-4262-aae4-3abecf4765ec,CUST0107,2026-01-15T17:02:00,4590.36,cancelled
c42bb1ba-fb4c-4e11-8556-6a761242e322,CUST0356,2026-01-15T17:09:00,372.68,pending
837241de-66b2-4677-8586-f234fc8c3cd7,CUST0269,2026-01-15T17:16:00,4648.82,pending
43373f36-f784-4468-b7d5-486495188f28,CUST0032,2026-01-15T17:23:00,3692.49,cancelled
7816bfe7-ff88-4fc4-9055-32c75048f0e3,CUST0373,2026-01-15T17:30:00,3093.72,processing
bbb718b9-6784-4fc5-a3f7-771e87afa083,CUST0140,2026-01-15T17:37:00,4328.72,pending
c1ed4a45-fc88-4a84-bdec-99f2966d9761,CUST0161,2026-01-15T17:44:00,1791.01,pending
030fff79-7b82-46a1-a61d-568439a3d17e,CUST0464,2026-01-15T17:51:00,4288.69,pending
244588c3-e6d4-4b55-9e0a-3f747b426340,CUST0178,2026-01-15T17:58:00,4331.81,cancelled
317798de-c575-46c8-a19d-ed79f09f6a17,CUST0016,2026-01-15T18:05:00,1687.25,pending
1d236151-5af3-4f90-8f5a-1e6db50fcf0a,CUST0468,2026-01-15T18:12:00,1001.24,completed
af34c4f5-b6c5-4842-979e-30754ea25a90,CUST0264,2026-01-15T18:19:00,978.47,pending
166faa24-f501-48fc-99a4-6784e166cf5e,CUST0418,2026-01-15T18:26:00,2857.25,completed
6f0d56f4-f30e-4bdc-a44c-560251c6d2b6,CUST0281,2026-01-15T18:33:00,139.29,pending
65699ac1-0a7a-4ed9-8828-dd2d0cb34fdf,CUST0495,2026-01-15T18:40:00,3744.31,cancelled
2b8577a2-37d9-4c32-8b90-c45896b93541,CUST0411,2026-01-15T18:47:00,713.12,cancelled
336c888d-e76e-4037-9d3b-339f94bd0c9b,CUST0452,2026-01-15T18:54:00,429.52,cancelled
05b86bf9-8cd5-48e4-afb6-7f64de443b70,CUST0075,2026-01-15T19:01:00,1655.47,cancelled
01314266-fcad-4de7-9efa-5e667308393a,CUST0482,2026-01-15T19:08:00,1495.66,refunded
b015f994-9075-4f6f-b0a3-fa2baf7c0386,CUST0231,2026-01-15T19:15:00,4913.3,processing
0a11ea09-d0fc-4c33-bc6f-bc5da6bf9de0,CUST0075,2026-01-15T19:22:00,4326.02,pending
b191598d-9ce9-4085-bd40-6900d645ac58,CUST0284,2026-01-15T19:29:00,1799.69,refunded
05944986-7616-4a38-b599-06f95b0c9ced,CUST0437,2026-01-15T19:36:00,4764.42,pending
9f707704-991c-4dcc-bc36-26ee87906a4a,CUST0151,2026-01-15T19:43:00,4314.17,refunded
33006961-5f8c-4578-8a38-e7c169786aa6,CUST0288,2026-01-15T19:50:00,3436.52,processing
ad04645e-9c0e-4c7f-bfa5-9dac60dbe4f3,CUST0202,2026-01-15T19:57:00,4576.22,refunded
d24543ab-3aaf-440f-a157-ccc701d7a5ce,CUST0454,2026-01-15T20:04:00,2091.02,pending
4819ed0d-e406-4dc8-ac0b-1b8ede94b00c,CUST0408,2026-01-15T20:11:00,2548.4,pending
ae9ab725-69a7-4a8b-8150-d0ec602210e3,CUST0400,2026-01-15T20:18:00,4666.89,refunded
c0fd6717-e3a2-4e4d-a2b6-1b6b38c50788,CUST0123,2026-01-15T20:25:00,233.4,cancelled
ff7ad7cd-34c7-40d4-aa8b-7fd68d963d71,CUST0175,2026-01-15T20:32:00,176.34,refunded
41296eb8-b9d8-4e48-bfbd-ccf3c077d639,CUST0215,2026-01-15T20:39:00,4183.97,completed
f3068d6d-07d2-4b2a-9b7f-704477dced00,CUST0274,2026-01-15T20:46:00,867.89,processing
b0a9c82f-ddc8-4451-a3ee-2f25ea5ed68c,CUST0135,2026-01-15T20:53:00,1604.0,refunded
7e0d13ab-96ef-4f26-be21-40ea3a5f2161,CUST0204,2026-01-01T01:10:00,-50,pending
067f4561-59c3-474a-9a47-1482f5ab34a5,CUST0359,2026-01-15T21:00:00,3996.67,cancelled
3ec0da65-18c5-4ce1-8fbf-0ee1866cf3be,CUST0189,2026-01-15T21:07:00,4509.14,processing
494eb7e6-6244-46b1-9bdb-f0b1c084e82c,CUST0338,2026-01-15T21:14:00,3717.19,cancelled
4ec676bb-fa8f-4d44-8c54-23a85a73dc37,CUST0464,2026-01-15T21:21:00,578.43,processing
6ce0d872-c3c9-4c5c-a516-7a267e59a7cc,CUST0263,2026-01-15T21:28:00,4082.55,cancelled
81d8ee0c-1a31-4216-a097-a69182ab0a5b,CUST0242,2026-01-15T21:35:00,373.73,cancelled
ea838d8e-ba48-48d1-a7e9-c97650d55491,CUST0328,2026-01-15T21:42:00,377.38,pending
7601d270-228f-4a2b-a97b-da8b7608cea7,CUST0349,2026-01-15T21:49:00,1994.11,cancelled
f657a37e-a27c-4c4e-be45-bf73c5b7d13a,CUST0035,2026-01-15T21:56:00,3500.38,pending
cc46b358-0e3c-47f3-ae0a-b39ec47919db,CUST0307,2026-01-15T22:03:00,3354.38,refunded
6c315591-928c-4e6a-9762-a2505b7d2e87,CUST0228,2026-01-15T22:10:00,352.66,pending
a1d2e89d-d4f2-4450-ab02-eac5f2ae66ad,CUST0074,2026-01-15T22:17:00,3205.34,processing
ce981fb4-81c1-4d1b-9e33-9e5d7ec34a0c,CUST0491,2026-01-15T22:24:00,1872.79,refunded
bfbebc3e-729d-46d5-94d5-d1117765d98a,CUST0185,2026-01-15T22:31:00,2464.61,pending
b472e1b2-30cf-4ec8-984e-49d50a9f7cca,CUST0152,2026-01-15T22:38:00,4524.8,pending
fab11df1-5cc0-4782-9fb9-d9fb290fe11d,CUST0446,2026-01-15T22:45:00,4519.82,pending
e8ac12e7-50bd-4dea-bdc0-954e1670979f,CUST0389,2026-01-15T22:52:00,3267.26,processing
f4b7cede-d9ec-46e9-bada-9c7a9b4ccd07,CUST0315,2026-01-15T22:59:00,880.18,pending
00009e25-d544-4ce8-a7b7-60149325c1e2,CUST0451,2026-01-15T23:06:00,1608.64,completed
5a08876a-1365-410b-84b6-255588e81c62,CUST0350,2026-01-15T23:13:00,3438.29,completed
5627eb12-3cc3-4f9d-b4a8-44cc098764fe,CUST0446,2026-01-15T23:20:00,1951.31,processing
4683d598-ce6b-4783-8d87-b16ef69f7a0b,CUST0272,2026-01-15T23:27:00,1613.21,completed
933b0563-bcf7-4f8b-9ffe-71af832e1f00,CUST0112,2026-01-15T23:34:00,2054.27,cancelled
2d89e777-b829-4478-84aa-7d9047a24e67,CUST0162,2026-01-15T23:41:00,1174.58,refunded
7ee34579-72bf-4c35-888b-4502da66ef5f,CUST0413,2026-01-15T23:48:00,3642.71,pending
b765e8b2-6592-4182-9799-22d563f8cd83,CUST0308,2026-01-15T23:55:00,1046.11,pending
538d59cc-6391-4de7-8e56-c0e5d6f1afdd,CUST0459,2026-01-16T00:02:00,4150.25,processing
88cefd5a-c57a-4b18-af87-f079d94712f4,CUST0207,2026-01-16T00:09:00,3724.37,refunded
1a4b8ddd-16f3-4ed2-a2e0-f1567e62e0ed,CUST0181,2026-01-16T00:16:00,2718.42,refunded
c6c68ef6-cbd4-453e-804e-a6172d4cdef7,CUST0035,2026-01-16T00:23:00,4990.36,refunded
6494f06d-2e0c-41c8-b859-33348d3696ba,CUST0051,2026-01-16T00:30:00,843.34,cancelled
3fa23c7c-bb79-42d1-a04c-8417f6f52682,CUST0156,2026-01-16T00:37:00,3576.03,completed
c0995114-1f53-449a-901b-111b25120fc1,CUST0006,2026-01-16T00:44:00,3083.45,completed
be4b7241-0aa3-4668-bd64-2cc0eb61f5a9,CUST0202,2026-01-16T00:51:00,2955.39,cancelled
08ff1a4f-5739-4b1e-8648-17965fc73be7,CUST0335,2026-01-16T00:58:00,989.18,cancelled
1cdac13f-df8c-4e11-b8fa-4c25113be2e9,CUST0317,2026-01-16T01:05:00,2624.91,pending
13237696-fd8d-4607-b641-604d8f4f754d,CUST0156,2026-01-16T01:12:00,1083.09,refunded
e33b11cb-735d-4e9c-a475-cbebfc01c82f,CUST0059,2026-01-16T01:19:00,2396.47,completed
58512557-b769-47ff-b594-63af658ce526,CUST0094,2026-01-16T01:26:00,4287.29,processing
1daae990-940e-42a7-9594-ec1c96656980,CUST0423,2026-01-16T01:33:00,3997.2,refunded
6105791f-23a4-4cd1-9565-7462cbf4a2ed,CUST0269,2026-01-16T01:40:00,607.84,refunded
3ff56edb-6cb3-407c-a8fd-5c83cd4c8f37,CUST0105,2026-01-16T01:47:00,1877.04,refunded
e5206925-83a5-494f-bbaa-a593ec3d44cc,CUST0058,2026-01-16T01:54:00,4658.71,completed
92873c3d-848f-4a4b-b806-47fa34bd567a,CUST0461,2026-01-16T02:01:00,3645.1,processing
8e0109fd-2309-4dcf-942a-1260748a5208,CUST0466,2026-01-16T02:08:00,556.95,processing
8cdf3774-4932-48e5-bcb9-0513c495afcd,CUST0177,2026-01-16T02:15:00,501.37,completed
28d37866-5423-4086-8f18-4bf0f28499ba,CUST0285,2026-01-16T02:22:00,4083.87,cancelled
9707d999-c062-4bf1-9e21-e93774103c25,CUST0295,2026-01-16T02:29:00,3022.01,completed
c23a747f-4bab-41a7-8f9c-77b1d8cf9133,CUST0434,2026-01-16T02:36:00,4355.14,refunded
42956b39-bc8d-45d0-b895-d8acd8a6bb25,CUST0468,2026-01-16T02:43:00,1081.69,pending
e5dfe9dd-c6c5-4833-9a1b-2854fd9c4454,CUST0013,2026-01-16T02:50:00,3851.64,pending
fd992a2f-e65c-4900-ade8-c51b2599f2b8,CUST0374,2026-01-16T02:57:00,2801.77,processing
5e56c351-9ccd-48bc-9a43-21aed7a23ba8,CUST0323,2026-01-16T03:04:00,4187.85,processing
bec1297b-f3b9-4e13-adfb-00c655cf6eb0,CUST0092,2026-01-16T03:11:00,3647.3,cancelled
6d85ccd1-7d90-4f6c-aef1-6e33ba1f8486,CUST0077,2026-01-16T03:18:00,3435.04,processing
7d4e37a3-fcac-4bf4-a62c-ed32e7d15b2d,CUST0352,2026-01-16T03:25:00,496.42,pending
4708da6f-a93b-4843-b1ce-de99b8653ab4,CUST0237,2026-01-16T03:32:00,2776.71,completed
35117600-96e1-49a9-8c50-feaed3306fbd,CUST0114,2026-01-16T03:39:00,888.7,refunded
9eef2f2c-1c1c-4ccf-937a-a8d9d371f88c,CUST0306,2026-01-16T03:46:00,1198.47,processing
a804a71f-c935-46fe-8b8d-d204d22cae2d,CUST0455,2026-01-16T03:53:00,3279.26,refunded
7e080189-a197-48ce-b974-39736382881c,CUST0457,2026-01-16T04:00:00,2350.57,pending
d76b1a51-b973-4203-8329-0048e8607f23,CUST0049,2026-01-16T04:07:00,3437.11,refunded
97a9cf29-1faa-4d06-ba21-55bac91cb1f0,CUST0023,2026-01-16T04:14:00,1904.59,completed
9e7532aa-cc68-4dbd-a4c1-43dc5f7e3b0c,CUST0489,2026-01-16T04:21:00,2900.42,refunded
883b5066-9a47-45f1-a5e9-23282ebfe530,CUST0214,2026-01-16T04:28:00,462.31,completed
a420a411-5ab8-4655-8ca3-30e005777c24,CUST0159,2026-01-16T04:35:00,4837.54,refunded
4a19c475-4beb-49ba-99bd-73ff4f309806,CUST0095,2026-01-01T00:03:00,75.00,not_a_real_status
a8356f8e-d7fc-4420-b379-0c79b7da21b6,CUST0210,2026-01-16T04:42:00,763.34,processing
597dcf72-5e21-4571-a99d-58923ced68f1,CUST0323,2026-01-16T04:49:00,2985.85,cancelled
b46b037b-80e4-4367-a447-de66e52b3e7f,CUST0384,2026-01-16T04:56:00,3484.62,completed
c6547e57-fafa-40a8-9cff-bc64e103673e,CUST0493,2026-01-16T05:03:00,4339.07,completed
63440273-9b35-4412-8f40-e5fccfcd1514,CUST0439,2026-01-16T05:10:00,1935.98,completed
805c141e-257c-47b7-8316-8bfc7a65a105,CUST0109,2026-01-16T05:17:00,2666.09,completed
a145455e-8f5b-4888-993c-0527a10a6138,CUST0477,2026-01-16T05:24:00,4106.62,refunded
bdbbc9bb-b1bb-43d7-ac4d-b16f857b5b1f,CUST0282,2026-01-16T05:31:00,3330.88,completed
61bbd757-6596-48dd-b0b6-5478c3689078,CUST0358,2026-01-16T05:38:00,377.4,cancelled
14d6f197-edfc-4b7f-8018-a78391ff761a,CUST0463,2026-01-16T05:45:00,163.59,processing
00ce803d-b766-4bed-9394-12f96792982c,CUST0270,2026-01-16T05:52:00,313.89,cancelled
ad4f9869-fc6c-45f3-afac-494cc3b1c347,CUST0093,2026-01-16T05:59:00,4474.12,processing
0dd8835b-ce6d-4485-9641-df3fdad45e6d,CUST0054,2026-01-16T06:06:00,3683.77,cancelled
6e73021a-40fe-464d-9bb9-280b9462611b,CUST0226,2026-01-16T06:13:00,38.55,refunded
18007633-babe-4935-9dba-e8651c669087,CUST0389,2026-01-16T06:20:00,2609.22,processing
0b63b9b2-6544-4738-a91d-accfa1b33965,CUST0271,2026-01-16T06:27:00,2874.83,cancelled
788b65d5-eb76-4e75-bf5d-2e9c788ffe63,CUST0436,2026-01-16T06:34:00,2029.98,completed
2c2d163a-04c0-4b76-962e-10a6eba1c863,CUST0182,2026-01-16T06:41:00,379.46,cancelled
a95f01b6-75b4-400e-9319-e6494585aef2,CUST0175,2026-01-16T06:48:00,723.47,refunded
79b121a6-f8f6-4d09-b19f-c446e03340e4,CUST0433,2026-01-16T06:55:00,1657.33,processing
b4083f55-3b92-4aef-81fa-bb0e0aaf35cc,CUST0352,2026-01-16T07:02:00,1650.2,refunded
0b01b2ed-f689-4218-aecd-a011223f76ac,CUST0061,2026-01-16T07:09:00,776.4,processing
bffc41b3-ef5b-40bd-b9ef-b75b6e8333ec,CUST0216,2026-01-16T07:16:00,3438.4,cancelled
671ac84c-06f3-4a20-b92f-d6ecad15e7ee,CUST0357,2026-01-16T07:23:00,2097.54,cancelled
d7e7c071-64ab-4da9-8e7f-ed19636ed49f,CUST0017,2026-01-16T07:30:00,1583.89,completed
69177cdb-aea3-465c-a8f3-9beea2181ea7,CUST0094,2026-01-16T07:37:00,3439.84,refunded
1418ae1d-d01b-4abf-844c-2aa29c198d42,CUST0221,2026-01-16T07:44:00,3842.98,cancelled
4f84f042-ad6c-4895-b06c-6c5d0313ba8b,CUST0048,2026-01-16T07:51:00,851.32,completed
63d1d0b0-206a-46b1-bff2-85714247e755,CUST0043,2026-01-16T07:58:00,347.22,pending
f9560bc7-5927-43c4-ba0f-772727caddf3,CUST0483,2026-01-16T08:05:00,2938.93,refunded
5a0b335a-53c4-4f69-8347-e8db3d2c10f7,CUST0330,2026-01-16T08:12:00,543.72,pending
43773763-8eaa-4632-88e8-a62f7406fde6,CUST0262,2026-01-16T08:19:00,3457.89,refunded
b63a96f6-d290-426b-9c47-c99d2f863cd7,CUST0291,2026-01-16T08:26:00,417.11,refunded
9cd0b16e-4779-4a47-94ac-01e9b268ae2b,CUST0251,2026-01-16T08:33:00,2824.65,cancelled
3624ec23-2ff4-4b13-95fb-05cd3e68eaa5,CUST0168,2026-01-16T08:40:00,1487.17,pending
7d55408f-d258-4785-9e1a-c715d9020294,CUST0433,2026-01-16T08:47:00,492.94,pending
35abdc90-630c-439d-b417-a7b489ac80bd,CUST0239,2026-01-16T08:54:00,3923.24,processing
f3b5c7cc-11d8-41a0-870e-ed3f65f2acd9,CUST0051,2026-13-45,99.99,completed
145b5900-bf7d-4f72-ab20-8d08eb2448ec,CUST0014,2026-01-16T09:01:00,1956.24,refunded
73933d2e-2f67-4485-b28f-93876404b240,CUST0460,2026-01-16T09:08:00,4619.8,refunded
93f3c43c-4441-474b-b89d-75d86328a077,CUST0271,2026-01-16T09:15:00,2143.61,refunded
57d6b6e8-57db-43bf-a181-06c154ada046,CUST0485,2026-01-16T09:22:00,3024.99,pending
3510bb2e-ebc6-41dc-91a4-c8667c3f3bc9,CUST0149,2026-01-16T09:29:00,717.94,pending
8eb87809-db87-46b6-a487-6a3f86fb8f9e,CUST0477,2026-01-16T09:36:00,1610.05,cancelled
6e20bb96-f74d-41d6-8598-771a8a42fa8e,CUST0006,2026-01-16T09:43:00,1545.44,completed
864a4fcf-434d-4f23-94d4-9a4b1832acce,CUST0221,2026-01-16T09:50:00,979.63,pending
395fafcd-bf3f-4149-9cc2-5f763d5440ce,CUST0325,2026-01-16T09:57:00,697.22,processing
038c7bdc-7af7-4a0b-881c-e1b0aa50a51a,CUST0156,2026-01-16T10:04:00,3965.34,refunded
f9790658-df73-412e-be82-1efa03ab5ef1,CUST0105,2026-01-16T10:11:00,4424.57,processing
fde27715-e3c2-4011-8309-5f1db9eeb00f,CUST0457,2026-01-16T10:18:00,882.69,processing
858aae3e-65c4-4cd7-81e0-44ebcaf1578d,CUST0329,2026-01-16T10:25:00,1908.62,completed
35b05b44-59b5-477f-bb8e-f9b60b5925b2,CUST0066,2026-01-16T10:32:00,2415.12,pending
e3a78339-44d0-461f-a42e-74f1ae12df94,CUST0274,2026-01-16T10:39:00,3974.53,pending
ba295c88-f99f-415e-94a6-172695f34f99,CUST0328,2026-01-16T10:46:00,4362.27,processing
84f3cc98-0fe5-49ed-9eb1-9459aba90231,CUST0182,2026-01-16T10:53:00,1919.97,cancelled
6cf8b788-596a-4e0a-8c0e-3f0c36193d7a,CUST0397,2026-01-16T11:00:00,2658.64,pending
7be959dd-913c-48f5-8880-86e9ec12f00b,CUST0163,2026-01-16T11:07:00,766.76,pending
29cbe3d9-6c66-4efa-9cb2-6ed93f715376,CUST0192,2026-01-16T11:14:00,1218.25,refunded
c207f500-e814-4115-bf70-73ee7cf9510d,CUST0012,2026-01-16T11:21:00,4918.65,cancelled
1f6963f7-f278-4e60-b567-31065eb463c0,CUST0277,2026-01-16T11:28:00,2672.92,refunded
11cc4805-a05b-4abc-8557-21d0063fd02e,CUST0056,2026-01-16T11:35:00,4778.38,refunded
ff5dac69-1a5f-4460-b491-e959d2c7a88c,CUST0391,2026-01-16T11:42:00,1084.21,completed
941eb108-bc2f-47af-a2d4-e84ce6f70dc2,CUST0168,2026-01-16T11:49:00,289.07,pending
9a239140-9f87-449f-bae0-00e2d3ceea68,CUST0374,2026-01-16T11:56:00,2295.18,completed
d57a3343-64d2-4d93-8d30-e1d6bf113d8f,CUST0356,2026-01-16T12:03:00,2311.82,completed
f8cd242b-4c6b-4671-a783-1206d1338bfb,CUST0120,2026-01-16T12:10:00,52.1,pending
90a98ef4-c6b6-4421-b43e-0c867c8c7c97,CUST0496,2026-01-16T12:17:00,2963.34,processing
cd07d0c4-2b6a-4cd7-a50f-45594489aaa6,CUST0374,2026-01-16T12:24:00,2848.81,completed
1e319088-9f8e-43f4-b17f-80d252b4c3a1,CUST0175,2026-01-16T12:31:00,458.29,cancelled
9ae323e0-0b6c-42eb-8a65-e032fb745b98,CUST0373,2026-01-16T12:38:00,934.37,pending
992d91e5-4e60-4ef8-b9f4-21942b990fd7,CUST0390,2026-01-16T12:45:00,4000.78,processing
ad3ddc6b-7b52-4d5b-b382-e8687e762a03,CUST0362,2026-01-16T12:52:00,3991.35,refunded
842f445a-6f7d-4914-b987-6636608106d7,CUST0394,2026-01-16T12:59:00,3579.83,processing
94df256d-ac02-48b6-9805-f9ce4fc4aeab,CUST0097,2026-01-16T13:06:00,372.39,processing
b0d38419-276d-41f0-9565-69e77fb682ce,CUST0230,2026-01-16T13:13:00,935.72,pending
94f53050-53a2-4dc4-b317-618e04651f45,CUST0409,2026-01-16T13:20:00,2636.4,completed
be3be025-af89-453c-b82e-0fa976d01a51,CUST0138,2026-01-16T13:27:00,3741.78,refunded
2de715e5-4fa0-4bd9-a27e-201e8d658028,CUST0066,2026-01-16T13:34:00,3932.1,pending
202d4489-4db5-4cb5-9965-979b7e929cdb,CUST0434,2026-01-16T13:41:00,2772.11,refunded
02c77960-dba1-4065-b92a-fa882c9a8f00,CUST0357,2026-01-16T13:48:00,3349.82,completed
e562fcc3-c43b-4130-a68d-920ad1137ed0,CUST0173,2026-01-16T13:55:00,1906.36,completed
e0d45943-f953-498d-8d1a-cf91c9814193,CUST0427,2026-01-16T14:02:00,343.21,pending
2a7d5e49-98ac-4fa0-8b72-e0831a2d7208,CUST0259,2026-01-16T14:09:00,4258.56,completed
8ab1f668-7334-46e0-ad54-9cbd309cba50,CUST0167,2026-01-16T14:16:00,4391.83,pending
a4a5f65d-07e1-4744-9064-fb7c93b85eb1,CUST0050,2026-01-16T14:23:00,3861.84,completed
16909293-edf8-4d96-8f6d-0837d4f18875,CUST0337,2026-01-16T14:30:00,4054.52,completed
a601b11b-9afd-42ab-8b2b-bef63f93369e,CUST0140,2026-01-16T14:37:00,2206.2,refunded
25dea218-83c6-489b-b3cc-73369ca9afc5,CUST0380,2026-01-16T14:44:00,4958.31,cancelled
3f54feca-7dd5-4dcb-8d96-b2058956e3d4,CUST0288,2026-01-16T14:51:00,2928.54,completed
845fbfd1-ef6e-43fa-8acb-0342d4497239,CUST0360,2026-01-16T14:58:00,2112.59,refunded
b8c7d8f1-89ad-4eca-8d9e-abe8d3ba3abe,CUST0049,2026-01-16T15:05:00,1504.77,cancelled
d9a9cb85-a22a-461e-b216-444e09caec7c,CUST0154,2026-01-16T15:12:00,2751.74,cancelled
ff65175a-d2e4-48f0-82d6-bbe0ad694e70,CUST0460,2026-01-16T15:19:00,185.65,pending
52b479e6-d457-41be-9c90-f6b99ae27933,CUST0369,2026-01-16T15:26:00,3631.3,cancelled
8fe22801-0de1-454f-b9c1-76349ee95e79,CUST0012,2026-01-16T15:33:00,4051.53,completed
75a5c32e-e99b-45a7-905f-77524d181808,CUST0288,2026-01-16T15:40:00,3626.79,completed
dcf8d794-822b-41d8-8713-418594711e43,CUST0169,2026-01-16T15:47:00,3939.94,refunded
2a0038db-381b-488b-8218-e9135198faba,CUST0200,2026-01-16T15:54:00,2377.37,pending
dafac3d4-8132-46c2-8323-7abb693f077f,CUST0402,2026-01-16T16:01:00,472.8,completed
a7ced41e-a04b-4e94-9a37-ab5c3c33abc0,CUST0014,2026-01-16T16:08:00,4187.07,cancelled
87ed4214-07c5-4b47-a9ca-56e4f65fb3d5,CUST0105,2026-01-16T16:15:00,4667.22,processing
0b95a502-f3aa-495f-ab3d-3eafa3b8ba32,CUST0392,2026-01-16T16:22:00,4710.15,processing
ae12e4c1-7868-447e-9909-39c875cf22d9,CUST0476,2026-01-16T16:29:00,3711.0,processing
404ecd32-6d01-4b25-b506-5275a71ec4aa,CUST0039,2026-01-16T16:36:00,3053.74,pending
6039720b-7da8-4e0e-be94-9b2f5937b75c,CUST0487,2026-01-16T16:43:00,1885.59,processing
e706a1b8-3737-4918-b72e-e8a857e7b0bf,CUST0165,2026-01-16T16:50:00,13.87,refunded
e98b3250-8835-495a-b924-21d45fe42985,CUST0337,2026-01-16T16:57:00,3105.37,refunded
2b66c9f4-56b0-4315-b503-30f422672282,CUST0227,2026-01-16T17:04:00,3716.69,cancelled
592f344b-fbce-46b0-b133-102480b7ed27,CUST0072,2026-01-16T17:11:00,2328.11,pending
3939d225-fbfe-4396-aaae-fb6412171374,CUST0324,2026-01-16T17:18:00,1308.83,refunded
9d6cbab4-15f3-43d2-bbeb-231fcc0d1e01,CUST0279,2026-01-16T17:25:00,2161.68,processing
595643dc-d92d-4c12-a57f-a6532df290ba,CUST0002,2026-01-16T17:32:00,4585.43,completed
bdded725-79f5-45f4-ad4c-f2b7c8b44377,CUST0422,2026-01-16T17:39:00,2853.92,cancelled
b202f445-928b-4555-90d7-e190d9ef1b5c,CUST0056,2026-01-16T17:46:00,1289.67,refunded
11e62491-5b97-4b31-9045-34ea9f53806a,CUST0257,2026-01-16T17:53:00,4517.53,completed
1ee75906-7993-4318-a159-378f0b72573f,CUST0198,2026-01-16T18:00:00,2929.08,refunded
a9d533d4-c13a-4e64-848d-b11dffd62bb2,CUST0386,2026-01-16T18:07:00,1099.02,refunded
f99ee39e-38fe-40c6-8a51-05236e29d820,CUST0295,2026-01-16T18:14:00,4489.26,processing
5a02392d-7512-404a-90d3-d7cf1af579ea,CUST0425,2026-01-16T18:21:00,4115.81,refunded
21b4b508-9d04-4bf9-8299-fe4585406331,CUST0262,2026-01-16T18:28:00,1456.77,cancelled
a41a09cd-3825-40ed-b90a-fe13d28b587f,CUST0129,2026-01-16T18:35:00,2942.79,completed
b784946d-016f-49a8-93b1-923894a6f2e2,CUST0346,2026-01-16T18:42:00,3957.94,cancelled
bf515862-ec22-44e7-a6b8-498a44191ec8,CUST0027,2026-01-16T18:49:00,1609.3,refunded
6084d479-4a20-47dd-930a-79a74339d531,CUST0490,2026-01-16T18:56:00,2966.76,processing
62e87b4e-b346-4abd-a499-b5782f35506a,CUST0065,2026-01-16T19:03:00,4551.75,cancelled
474b5a33-0aad-4859-8a8d-ead8f2a6e70a,CUST0380,2026-01-16T19:10:00,4704.71,refunded
5f9bed98-483d-4a82-8239-f72687b213cc,CUST0063,2026-01-16T19:17:00,2429.71,processing
9412ba3c-01c9-4017-aa9e-1c15a3d7f360,CUST0067,2026-01-16T19:24:00,4945.68,refunded
71478899-327d-4d53-a649-cc9b3ca9b37e,CUST0465,2026-01-16T19:31:00,2792.69,completed
51a3dfb1-329c-4e83-a060-ebbb6156e48f,CUST0271,2026-01-16T19:38:00,1570.39,completed
d2ef8e97-451d-4e3b-892b-4a5b9edcf4f3,CUST0219,2026-01-16T19:45:00,3645.32,pending
6e963424-4dd8-499b-850b-ab605d748f35,CUST0397,2026-01-16T19:52:00,943.95,refunded
dc620c71-31e3-4b3b-af9e-aed4ca07181f,CUST0315,2026-01-16T19:59:00,873.99,pending
fd123627-a4d7-4e9b-9cd5-35780df7f567,CUST0368,2026-01-16T20:06:00,915.41,pending
bb6d3260-48a8-4830-9c83-35381b46b744,CUST0249,2026-01-16T20:13:00,2835.57,processing
d2f5bb5a-1708-46ac-a4c2-615b376189f0,CUST0289,2026-01-16T20:20:00,441.53,processing
e7f506a7-fefd-402e-9b1c-7ba3a00bc354,CUST0430,2026-01-16T20:27:00,313.03,processing
596b811c-a8ae-46ba-b52d-c0be1a909711,CUST0331,2026-01-16T20:34:00,311.04,refunded
3d86eadc-ef41-4aa9-a918-3a4c9287ec7e,CUST0154,2026-01-16T20:41:00,3451.5,processing
5c347f33-4d75-4021-b710-280d9fe598ed,CUST0459,2026-01-16T20:48:00,3723.28,pending
65e56203-5f2d-492f-8f8c-a6013b92a34c,CUST0340,2026-01-16T20:55:00,1950.19,completed
dc1a68e1-6ed7-4a0d-b104-1727b0526965,CUST0362,2026-01-16T21:02:00,4440.83,pending
079c6a65-1dbb-48d6-9f06-9897c1fce5bd,CUST0047,2026-01-16T21:09:00,2229.28,refunded
37108b9b-743e-4a3c-a49d-4a9da3e67b0a,CUST0446,2026-01-16T21:16:00,3476.34,refunded
4d592e37-85f6-453e-8ab0-5ba840664028,CUST0318,2026-01-16T21:23:00,4792.04,pending
1940f440-c725-4fde-9427-6cdf08a6c8d9,CUST0305,2026-01-16T21:30:00,4227.48,cancelled
370d3a34-b123-4789-b3b6-3c08bf4eaf00,CUST0078,2026-01-16T21:37:00,3075.91,pending
af1c8bad-db9c-462b-b1a2-4e74ba7b6530,CUST0384,2026-01-16T21:44:00,485.96,refunded
84f6d7c6-7ac2-4f68-8a7c-695bc95bf13c,CUST0216,2026-01-16T21:51:00,3846.59,completed
cea4c967-a783-41bb-821c-34b093e14276,CUST0169,2026-01-16T21:58:00,583.29,refunded
21be6cd3-7592-4193-b2b9-57b578ca7111,CUST0258,2026-01-16T22:05:00,3968.43,cancelled
0ac25cc0-8991-46b8-8ec3-dca71d2ecae7,CUST0291,2026-01-16T22:12:00,20.5,processing
ebb58dfc-5bfb-440b-8cf0-463660ce6714,CUST0205,2026-01-16T22:19:00,4588.02,processing
09346833-e9cb-4c57-86f8-0abe7b8d280c,CUST0122,2026-01-16T22:26:00,4484.76,cancelled
68934b91-b1f6-4633-be34-17916ac0d904,CUST0080,2026-01-16T22:33:00,889.73,completed
2d91d555-7ccd-4983-a837-1e83874edf35,CUST0475,2026-01-16T22:40:00,2325.79,completed
a9365661-9a2b-48c9-be1d-dde6ffbd1c4a,CUST0355,2026-01-16T22:47:00,2812.98,refunded
d8a803ee-c375-404c-a94d-8ea59dacb202,CUST0012,2026-01-16T22:54:00,3163.57,pending
ffe6fced-8cdd-4d42-ba85-8a27610d48f1,CUST0339,2026-01-16T23:01:00,3314.99,pending
968c4b0d-a899-477b-b408-5748538e52df,CUST0245,2026-01-16T23:08:00,797.43,completed
c79751df-cf62-4de2-bae4-f23a753bd4fa,CUST0173,2026-01-16T23:15:00,1727.39,cancelled
eca09d07-664d-4cac-abcb-7a28134cc329,CUST0214,2026-01-16T23:22:00,4913.79,processing
761ac9da-511b-44a5-ab0e-4bfad49fb47a,CUST0223,2026-01-16T23:29:00,1201.43,cancelled
1de26174-baa8-43df-90a4-0a455c4ddbb3,CUST0188,2026-01-16T23:36:00,591.16,refunded
69b465d9-7e4a-48da-bce8-6d9abcd22722,CUST0132,2026-01-16T23:43:00,1721.07,completed
b39da59c-a8b0-44c1-b622-080aaafe2953,CUST0202,2026-01-16T23:50:00,2434.74,pending
7de8bfd0-2f2d-48c6-ae49-ee7d87346329,CUST0349,2026-01-16T23:57:00,1786.08,completed
c0b4a02b-e595-45d0-b1ae-2b12bc421bbc,CUST0088,2026-01-17T00:04:00,799.28,pending
1df39a5c-d2cf-4da7-9ef7-55dfcb11aa4a,CUST0264,2026-01-17T00:11:00,3373.91,refunded
5d0f02c8-274b-48f2-97ba-8f165e8fd708,CUST0233,2026-01-17T00:18:00,3513.87,cancelled
8095bd63-d956-480e-891f-87eb9f9fd27e,CUST0386,2026-01-17T00:25:00,1882.59,processing
752060a2-2ac0-454e-b6f6-a558a45d3ae0,CUST0250,2026-01-17T00:32:00,1911.93,pending
2192d607-9e18-4126-bdc7-6395baa29973,CUST0494,2026-01-17T00:39:00,4774.59,processing
1ab14e6e-8627-4b41-8c01-e2e540e26ba7,CUST0262,2026-01-17T00:46:00,3559.47,cancelled
04394b55-0533-4714-bd8d-e272c52600d5,CUST0013,2026-01-17T00:53:00,2582.06,processing
896ecede-b563-4fe2-9ea3-0c0b9b062143,CUST0260,2026-01-17T01:00:00,265.98,processing
64d7f82c-e833-43e0-bf40-e6fb9579abb4,CUST0138,2026-01-17T01:07:00,481.91,refunded
af3c7eb7-2ff8-480e-b1fe-ad9326d6da6d,CUST0330,2026-01-17T01:14:00,2745.66,pending
674221f9-81f4-48da-8873-4249971e7c10,CUST0312,2026-01-17T01:21:00,3744.07,processing
2656125f-06f2-4d7b-a5ac-e8edd8e03bf9,CUST0190,2026-01-17T01:28:00,4179.85,cancelled
f0630e59-b447-4569-8d90-adc978652988,CUST0154,2026-01-17T01:35:00,867.49,completed
de98df40-a465-4e82-a3a3-f74e1f5c6f1d,CUST0241,2026-01-17T01:42:00,4502.27,refunded
7ec72b68-26fc-41f3-9736-406ca20f9112,CUST0352,2026-01-17T01:49:00,2381.8,refunded
26421863-64d5-4a76-9e5e-77e3a2631de5,CUST0176,2026-01-17T01:56:00,2601.97,pending
4befb506-e286-4f9d-ab81-447e65a94d9a,CUST0429,2026-01-17T02:03:00,2067.21,refunded
0d18a6dc-d56b-4b97-a2ef-67f10da566e9,CUST0220,2026-01-17T02:10:00,4323.34,pending
dba8e3c5-d355-4da3-bb1b-9ff5722e38ae,CUST0216,2026-01-17T02:17:00,1508.54,refunded
e7854a97-9039-4fbf-93db-148e1bbf5ad5,CUST0283,2026-01-17T02:24:00,49.19,refunded
b7e548ed-2120-4e73-9575-0b4bfffa2825,CUST0398,2026-01-17T02:31:00,1808.32,refunded
a86e77af-f947-4d06-a06d-6379af435312,CUST0421,2026-01-17T02:38:00,1483.43,refunded
b36d8b24-aba5-42a3-a431-2793ce7ffd9e,CUST0284,2026-01-17T02:45:00,3042.08,processing
ced6c92e-38c7-4eb8-9591-59b70656bac2,CUST0274,2026-01-17T02:52:00,3033.47,refunded
b6cba720-04cd-48de-8348-d5bde149f9d7,CUST0265,2026-01-17T02:59:00,2170.09,completed
4764e8c8-e1d5-438f-8931-b19bb391970a,CUST0299,2026-01-17T03:06:00,4483.84,cancelled
8226a883-b27b-4ba1-93d4-f49201253db4,CUST0266,2026-01-17T03:13:00,3289.95,processing
907fc57f-f2fe-47db-a082-bda8abf36ff2,CUST0344,2026-01-17T03:20:00,274.36,cancelled
f2e7740b-c5cc-4757-9543-e31a3a1e2879,CUST0325,2026-01-17T03:27:00,4167.03,completed
7bcec48a-c579-48ab-a601-c1b306bcb275,CUST0158,2026-01-17T03:34:00,1955.39,cancelled
268d9691-a189-49b0-8657-94a03c2d7cac,CUST0164,2026-01-17T03:41:00,2693.35,processing
a92aa203-a213-4355-8de1-e045acb97dff,CUST0295,2026-01-17T03:48:00,1631.34,refunded
c51ae946-47c7-459d-837d-d26c053cfa28,CUST0226,2026-01-17T03:55:00,2826.94,processing
0977b06f-8542-48b1-8eef-45601c5e1c27,CUST0117,2026-01-17T04:02:00,925.96,completed
2ed24d2c-07dc-4d7b-8170-6e7ed037b50b,CUST0237,2026-01-17T04:09:00,4307.22,pending
8e9b1b89-7d09-483f-9ad0-a7cbe461d89e,CUST0417,2026-01-17T04:16:00,4066.27,completed
6b8fa094-ddd6-4bc0-8187-957114814cd1,CUST0125,2026-01-17T04:23:00,1355.52,processing
67f60946-1247-4fad-9a7c-cf60ca79f5bf,CUST0350,2026-01-17T04:30:00,4295.66,pending
fc94f673-668c-4f8f-936c-18487946a225,CUST0134,2026-01-17T04:37:00,759.12,processing
7b36dc06-9ed3-4b11-ab29-4a30a21c9cff,CUST0157,2026-01-17T04:44:00,4972.73,pending
fa0a607c-9b03-4881-ba1c-ac43d7e35b42,CUST0077,2026-01-17T04:51:00,1470.96,processing
ffcdf095-1444-428f-b4c1-8cff108511f0,CUST0474,2026-01-17T04:58:00,2000.52,cancelled
fbbaedad-c2b6-4709-a80c-62a56c0ce50f,CUST0140,2026-01-17T05:05:00,305.22,cancelled
86b25808-56fb-4e92-b795-7212870bcd71,CUST0347,2026-01-17T05:12:00,4409.67,refunded
2b227638-75a3-4e13-a549-9c40b25196a6,CUST0266,2026-01-17T05:19:00,2103.7,processing
6db98d04-9bbe-4cab-b736-18d053322827,CUST0319,2026-01-17T05:26:00,3438.49,processing
5aa202fc-8749-48c4-8a5e-0f0d90980e47,CUST0427,2026-01-01T01:30:00,-50,pending
af7e3e3c-570f-4cc8-96f4-4a07d228d417,CUST0083,2026-01-17T05:33:00,3566.01,refunded
b9248494-7a61-48d9-81a3-8740028b2610,CUST0067,2026-01-17T05:40:00,910.7,processing
0bab120b-cd57-478d-b873-a345219c78c4,CUST0437,2026-01-17T05:47:00,1390.98,cancelled
eaa2f612-c3a1-45b0-a8e8-2ede644c7221,CUST0333,2026-01-17T05:54:00,109.85,processing
4483c315-be38-4dd9-a99a-acbf2703479b,CUST0037,2026-01-17T06:01:00,3470.4,refunded
7727c2e8-d47b-41b3-abd5-7e317e2336ad,CUST0134,2026-01-17T06:08:00,2456.96,cancelled
2d526ba7-58b0-412a-b8e0-f73e37397afe,CUST0248,2026-01-17T06:15:00,4554.73,pending
069e26cc-2bdb-4525-8a6a-b03680c78573,CUST0138,2026-01-17T06:22:00,3066.69,cancelled
2179d753-070d-40fe-8d7e-a81fdeb83820,CUST0323,2026-01-17T06:29:00,4597.81,pending
0e3c066e-974c-4cbc-9f9f-ba50d3401fa7,CUST0083,2026-01-17T06:36:00,2973.36,pending
54a3baf9-214b-43b9-af28-15bf6cf08e8c,CUST0171,2026-01-17T06:43:00,778.37,cancelled
5f80197b-32a7-47b6-94cf-d1691a41d1bf,CUST0103,2026-01-17T06:50:00,2736.29,cancelled
2c53ffd7-f036-4911-b278-10201deecacd,CUST0341,2026-01-17T06:57:00,2421.81,processing
0b35472b-ccbc-449a-b435-2dab19d4c55d,CUST0062,2026-01-17T07:04:00,844.68,completed
10f776df-1b21-40df-b440-577b36869210,CUST0485,2026-01-17T07:11:00,938.98,pending
2347c798-18e5-414a-950f-6bc408f27f0b,CUST0307,2026-01-17T07:18:00,3970.13,processing
a065648c-9fad-4400-b0c2-6194a102954b,CUST0183,2026-01-17T07:25:00,2657.78,processing
f8280960-f9ba-4fe3-9380-28cdaf994e9b,CUST0389,2026-01-17T07:32:00,4615.85,processing
beaa76e9-b566-4ccb-af59-7600fa7649c5,CUST0492,2026-01-17T07:39:00,3970.15,cancelled
c2deecec-7bb2-4080-8815-12882c4f22e6,CUST0316,2026-01-17T07:46:00,3622.9,pending
1cb59d55-bd88-4fe8-9778-f5c31395a7c6,CUST0105,2026-01-17T07:53:00,1718.1,processing
7be18319-ca23-4f32-951d-20a50cb0a841,CUST0124,2026-01-17T08:00:00,4727.27,processing
29f8d2e7-0862-46c1-9db7-e50de9bd7938,CUST0272,2026-01-17T08:07:00,1151.82,completed
517e648a-b56e-4747-8ad9-bdfb4b0ede23,CUST0059,2026-01-17T08:14:00,4219.06,processing
2322a442-6757-48e2-b521-6be0b4151d44,CUST0111,2026-01-17T08:21:00,550.47,processing
eb142dac-4e0b-4d48-9ae6-7fc470400944,CUST0154,2026-01-17T08:28:00,4349.3,refunded
faec5bd3-b494-4615-a514-9f734f0ca213,CUST0195,2026-01-17T08:35:00,2885.28,cancelled
3980d5b6-e620-4f9d-8209-abc4dd816148,CUST0052,2026-01-17T08:42:00,936.35,pending
a726c79f-5062-4e54-b955-c451466396cb,CUST0177,2026-01-17T08:49:00,4078.98,completed
21cca533-e3fc-495a-8f6f-9626a395b1b4,CUST0341,2026-01-17T08:56:00,2200.39,pending
2058450b-7dde-4049-9eed-b1017883a311,CUST0455,2026-01-17T09:03:00,4415.44,refunded
aa848082-21d1-4dfe-bca6-1f2c57cd7544,CUST0225,2026-01-17T09:10:00,4317.07,processing
f6d0e2ac-43e0-43a9-946b-e408336164ad,CUST0069,2026-01-17T09:17:00,3066.83,refunded
ad6f43f6-c05e-4656-9220-5dc2bbcc607f,CUST0278,2026-01-17T09:24:00,3676.46,pending
a3f1f683-221e-4483-be29-9d4c33164318,CUST0151,2026-01-17T09:31:00,301.99,refunded
a31da7ca-1e15-44d9-8e1d-0afc2a6df76b,CUST0393,2026-01-17T09:38:00,2741.83,processing
10f88d3a-696e-43e0-bc80-2ec59bfa749b,CUST0144,2026-01-17T09:45:00,3732.2,refunded
776b3aae-5085-432b-9148-cb45dc366a25,CUST0321,2026-01-17T09:52:00,4584.04,completed
53d0eb80-5a7b-43f4-b215-114959796f65,CUST0324,2026-01-17T09:59:00,1440.62,cancelled
8de4b316-9067-41bc-9971-e360553d0760,CUST0468,2026-01-17T10:06:00,3612.77,completed
af75fba7-8e08-4895-a548-dbfd76b8afca,CUST0346,2026-01-17T10:13:00,3867.52,processing
455de841-a4a7-4923-8674-21b5153e1b6b,CUST0310,2026-01-17T10:20:00,1579.49,cancelled
4e817093-1c56-4b71-b3b5-8141ad75ce6c,CUST0474,2026-01-17T10:27:00,508.57,cancelled
8ed49476-d515-4952-b539-e640b10723aa,CUST0446,2026-01-17T10:34:00,2823.77,pending
c9ba9768-5555-4399-a086-6918edbb0c31,CUST0154,2026-01-17T10:41:00,266.26,processing
63b98694-cca0-4ac5-ac7d-0e633d345fd9,CUST0062,2026-01-17T10:48:00,4554.57,processing
567ac287-63b1-41d4-8525-cd015e1022e6,CUST0087,2026-01-17T10:55:00,1186.59,refunded
20982a57-9925-4883-924c-9fe21a8b54b0,CUST0096,2026-01-17T11:02:00,1755.35,pending
b4a1dbf2-4259-4d5f-9703-2b6e4675e52b,CUST0433,2026-01-17T11:09:00,660.77,refunded
18527b7f-d85a-4b0f-9307-db9cfac91d3d,CUST0198,2026-01-17T11:16:00,1849.21,pending
9ba270e4-1062-4001-9e32-4a2f315ba065,CUST0032,2026-01-17T11:23:00,2708.45,completed
bfc2e0c4-4605-4ddf-905a-4a98c51c95f9,CUST0053,2026-01-17T11:30:00,3753.36,refunded
a84b4684-0049-49e3-8a50-bfa0c3367faa,CUST0443,2026-01-17T11:37:00,4658.72,refunded
873bfa29-9954-469d-8af7-aaba7003a3a2,CUST0115,2026-01-17T11:44:00,2080.72,pending
c5dc0546-f2a4-4640-bf68-070f2ee2d547,CUST0490,2026-01-17T11:51:00,3564.65,refunded
ad32eaec-24f4-402e-815a-fdf6d48f3ae5,CUST0483,2026-01-17T11:58:00,138.67,completed
514a23ac-8f63-4876-8223-85da4125536f,CUST0279,2026-01-17T12:05:00,2529.4,completed
4a36696f-c57f-45f0-b674-8775573bfac3,CUST0020,2026-01-17T12:12:00,1898.61,cancelled
abf67041-8d06-4638-870d-bce1018c8b68,CUST0177,2026-01-17T12:19:00,4716.96,processing
be93449b-e3e8-4d69-859a-7bbeec46d993,CUST0379,2026-01-17T12:26:00,2952.4,processing
2db619ed-0460-40a9-8497-627b2d905e6d,CUST0434,2026-01-17T12:33:00,734.76,completed
4b0289df-da7a-4c3f-82a6-6807e7508bf8,CUST0075,2026-01-17T12:40:00,3085.84,pending
a369c1d2-e695-47e8-8d2b-c60d7341461c,CUST0053,2026-01-17T12:47:00,2257.69,cancelled
c0972686-9bfe-4a8b-9a39-2c0c39dfb707,CUST0247,2026-01-17T12:54:00,2464.46,completed
15682ad5-d5e2-49ae-a242-fceb330b150f,CUST0302,2026-01-17T13:01:00,2239.72,processing
46ecf843-f79f-43a1-8bdf-79cdc949777a,CUST0441,2026-01-17T13:08:00,3896.89,processing
abf1c6cb-df92-4420-8701-1620ab8210e5,CUST0206,2026-01-17T13:15:00,4064.89,processing
46f9d09c-e9e4-4afe-98f6-39dcb3ee77f1,CUST0089,2026-01-17T13:22:00,627.34,refunded
33a1ae8f-b43b-48d9-9f8e-a834b302a67b,CUST0344,2026-01-17T13:29:00,4438.31,completed
77bc68d9-8328-4675-9130-5fa9dcd07d65,CUST0357,2026-01-17T13:36:00,4434.36,completed
2a3f4f9b-c0ad-440a-82f6-74b3dac9b8c8,CUST0419,2026-01-17T13:43:00,1763.96,pending
00e8b047-d4e3-4b8a-8e2c-1de7cb3414c1,CUST0265,2026-01-17T13:50:00,2879.7,pending
712d38f4-ece5-4c5b-a27c-2fe7ed7e6bb4,CUST0402,2026-01-17T13:57:00,260.87,completed
b0a1b643-0777-42d3-b953-a36a07fd3736,CUST0311,2026-01-17T14:04:00,4831.13,processing
ea1702b1-b3bc-47d0-bdcc-7ac16d575109,CUST0099,2026-01-17T14:11:00,2506.92,pending
92cf6d47-85ae-412e-87d4-87f2e584da96,CUST0033,2026-01-17T14:18:00,1308.72,completed
d35775a0-d03c-4bd1-8620-d524d9c5bbde,CUST0063,2026-01-17T14:25:00,4160.77,processing
9d97b236-350b-4fd1-be17-ab222d05f310,CUST0344,2026-01-17T14:32:00,141.71,pending
cd7952ab-8012-44e3-8aa8-babbf0229dbe,CUST0292,2026-01-17T14:39:00,3490.79,cancelled
9a43faf6-d892-4841-81e2-861e9e9c2034,CUST0469,2026-01-17T14:46:00,3179.29,completed
7a1a1482-b6c0-4b61-957c-0e58b2d70547,CUST0447,2026-01-17T14:53:00,132.01,processing
193222cc-182a-402a-9b5b-1427de1ae894,CUST0244,2026-01-17T15:00:00,4528.88,completed
29b7e448-fe51-4b3a-9574-cba24e7f459d,CUST0068,2026-01-17T15:07:00,4539.82,refunded
5aeae57c-eca0-488b-9d5b-e5712f224b0e,CUST0180,2026-01-17T15:14:00,3731.93,processing
0683a17d-19fb-479c-89e6-0abb63626cde,CUST0070,2026-01-17T15:21:00,2093.71,refunded
4c9e8dfd-8ded-4c3d-95a9-dfd035546aea,CUST0253,2026-01-17T15:28:00,1517.1,processing
47ef4872-927f-413d-a779-30eac3098ac1,CUST0154,2026-01-17T15:35:00,4366.86,processing
8eeb94ae-4490-4a38-bbb5-ab4ecbbc8a52,CUST0193,2026-01-17T15:42:00,3521.62,cancelled
4726b60a-47da-45ab-ad52-204b9a5b66f7,CUST0189,2026-01-17T15:49:00,1466.22,cancelled
297e6253-3ae8-400a-bf05-88121a094ac4,CUST0308,2026-01-17T15:56:00,2685.35,cancelled
cc429265-9ce5-4879-b26b-2eb590358c74,CUST0030,2026-01-17T16:03:00,3437.89,pending
6910df9f-dbe9-4e85-98cc-dd6eb8facbc3,CUST0011,2026-01-17T16:10:00,2517.25,completed
648052ef-42c9-42b5-b690-e6007000db4b,CUST0190,2026-01-17T16:17:00,2225.19,completed
3e4df46d-730c-418f-a481-0d85473043ea,CUST0196,2026-01-17T16:24:00,2045.98,cancelled
2afd0666-1b5a-4aa2-906f-dcbbaf7e0299,CUST0412,2026-01-17T16:31:00,2107.38,completed
69be32e2-0dca-4aef-99e4-0f3652b03420,CUST0237,2026-01-17T16:38:00,2692.48,refunded
ce743f7a-22ab-4745-b7f8-8db3390b9424,CUST0337,2026-01-17T16:45:00,4056.65,cancelled
9ae34dae-b6c1-404f-b697-a32eae265f7d,CUST0357,2026-01-17T16:52:00,3448.79,refunded
eb284c27-1842-4d0c-a390-7ce62bc2ffb0,CUST0226,2026-01-17T16:59:00,4758.68,completed
9d2e3a10-e150-4ed1-bf74-97c42c5c99ce,CUST0349,2026-01-17T17:06:00,2852.47,cancelled
e7a8fd09-67e1-4be2-8e91-6ba63b8d9933,CUST0440,2026-01-17T17:13:00,3334.14,processing
01ab0ea6-557e-46d0-9be5-9780b8a7d717,CUST0395,2026-01-17T17:20:00,3745.54,completed
adb67582-a919-4a21-b093-064afd637a17,CUST0429,2026-01-17T17:27:00,515.7,cancelled
f7b4bcb4-caeb-47cd-9dec-a01c435f26c3,CUST0331,2026-01-17T17:34:00,4472.21,processing
2d4a76ba-4bf2-45fe-a61d-32d9fb9bf615,CUST0383,2026-01-17T17:41:00,3677.25,completed
1aa87597-2d2c-4183-884a-79f58e73ccc9,CUST0344,2026-01-17T17:48:00,868.71,refunded
7ab210a3-9ba8-404b-9339-a41afdb1fb22,CUST0352,2026-01-17T17:55:00,1558.48,completed
7f1acaad-78b4-486c-aefa-7120e4a78d2d,CUST0468,2026-01-17T18:02:00,666.4,pending
9c219e30-f390-4f9f-bb4b-f5b06bcb4528,CUST0162,2026-01-17T18:09:00,3344.64,cancelled
aa6cb426-14e7-4d80-85de-34385e59fd7f,CUST0342,2026-01-17T18:16:00,1862.44,refunded
862ddfaf-5048-428f-8e5a-dffe6beb327e,CUST0183,2026-01-17T18:23:00,4348.18,pending
1c9995f4-97fe-4064-a1b7-114f697d883e,CUST0419,2026-01-17T18:30:00,2805.24,pending
a4e12e13-5392-4a7b-859e-0adedb3f55f9,CUST0489,2026-01-17T18:37:00,3084.24,pending
55592793-e08f-4743-a78b-2c0a8c2acb09,CUST0407,2026-01-17T18:44:00,1593.28,refunded
dfb87fd1-9314-4b3e-a43f-60f6a0687256,CUST0085,2026-01-17T18:51:00,2609.43,pending
89b0b2d7-9e9d-4d3b-ac3c-7a4785ff0dab,CUST0300,2026-01-17T18:58:00,1456.91,completed
67c2f905-030f-4846-8eb1-4a86c46a3445,CUST0107,2026-01-17T19:05:00,2421.46,refunded
9c5b615d-3487-4f47-ad00-5170f5967b60,CUST0169,2026-01-17T19:12:00,3646.07,refunded
a0364401-9d51-42c6-a4f8-a331b7e4203d,CUST0034,2026-01-17T19:19:00,3817.5,refunded
fd8627b7-206f-4027-b805-8c7ad2fe56b5,CUST0463,2026-01-17T19:26:00,4815.66,processing
bceeba22-26f3-4144-8f7c-79dd66b51f91,CUST0046,2026-01-17T19:33:00,504.89,refunded
120d23bf-8586-428a-8b2c-ff670c79fb5e,CUST0191,2026-01-17T19:40:00,3863.96,refunded
a8250cab-f9b6-4838-ab77-287b0abee336,CUST0411,2026-01-17T19:47:00,4091.67,pending
a97d60c0-7f2d-4d40-a872-5e23ba0eb3e6,CUST0204,2026-01-17T19:54:00,4485.93,completed
5397cf46-2267-44db-90c4-5bd3cd6d5b45,CUST0133,2026-01-17T20:01:00,238.89,completed
dde8187f-f750-4f5f-9160-1e011d4b6c70,CUST0365,2026-01-17T20:08:00,3025.69,completed
53ff6f5b-ce4c-4520-b5e1-015ab09d6414,CUST0294,2026-01-17T20:15:00,4051.96,completed
c36d7ea5-646b-4af1-9de8-5ce2e70fc2b9,CUST0026,2026-01-17T20:22:00,215.17,pending
7fa30442-902c-47a7-a6f1-f918310d6768,CUST0137,2026-01-17T20:29:00,3331.12,cancelled
5e8931d4-bf17-4437-96b0-6a1255e7cd4e,CUST0014,2026-01-17T20:36:00,4576.67,processing
ce9a33d7-4ee8-4629-aa88-3525222ebb4d,CUST0088,2026-01-17T20:43:00,4875.35,processing
4fd2b58b-90d3-4179-a407-894a76f6a8d2,CUST0362,2026-01-17T20:50:00,641.04,cancelled
9221a88d-b3ba-4df9-9ee7-be1d8d8d4569,CUST0111,2026-01-17T20:57:00,4808.03,processing
49d2d520-cb31-421d-aa4a-acec6c743b04,CUST0454,2026-01-17T21:04:00,4726.11,processing
34806398-4b23-4d62-a736-d2a2a4542809,CUST0060,2026-01-17T21:11:00,1340.4,cancelled
3255084d-3041-4421-bb18-64908b682a46,CUST0027,2026-01-17T21:18:00,4260.26,pending
6e3236ed-5400-4005-ab3e-c800d28d74ea,CUST0366,2026-01-17T21:25:00,3653.16,completed
5dec3ddc-fe35-4a2b-b9e0-3827eaf71adf,CUST0301,2026-01-17T21:32:00,4207.86,completed
fbe29adc-4080-4eb6-8c4d-632f44a19836,CUST0315,2026-01-17T21:39:00,4076.02,cancelled
4578bf1b-1369-4099-90d3-91d34d3c4add,CUST0003,2026-01-17T21:46:00,714.33,pending
88c4ab83-4ad2-445c-a452-7da0ae9b54cb,CUST0380,2026-01-17T21:53:00,953.86,refunded
988aa8ec-35b4-4dc4-81e1-bed82ebc1f90,CUST0191,2026-01-17T22:00:00,2672.3,cancelled
4b68326f-c20a-474f-b063-c4ca4d4bbaed,CUST0230,2026-01-17T22:07:00,3896.91,completed
5662d20b-6380-4776-9579-e206db7bbb28,CUST0097,2026-01-17T22:14:00,1308.69,pending
0a6a3f6c-2948-4e92-ad4f-8c8264e1748c,CUST0447,2026-01-17T22:21:00,1258.4,refunded
304f6a71-caac-4a85-a757-2d642762ffd4,CUST0181,2026-01-17T22:28:00,640.71,cancelled
2a95dacd-b51f-45e2-a30f-46e0375767f8,CUST0358,2026-01-17T22:35:00,4247.99,pending
5311c6dc-8f33-434f-a26a-f903b1eaaf0c,CUST0298,2026-01-17T22:42:00,1642.0,cancelled
880a0be3-3131-4452-b646-8c28f37172bd,CUST0146,2026-01-17T22:49:00,2159.83,processing
c78a379f-4b5d-4d10-b4f6-46b170fd7367,CUST0389,2026-01-17T22:56:00,3444.1,pending
1656ccee-f6ef-4073-b783-e7ebf72694d7,CUST0367,2026-01-17T23:03:00,2094.37,cancelled
4942494e-a99c-43c3-8da1-681cbdfbdfad,CUST0488,2026-01-17T23:10:00,3907.33,processing
b0c9506c-28e5-4d61-a94e-48d95be9be5d,CUST0027,2026-01-17T23:17:00,1574.13,processing
f62fda9d-db6b-4266-8b59-375320c7870a,CUST0397,2026-01-17T23:24:00,3914.23,completed
48e1a769-f914-4725-876d-75d7905518e8,CUST0084,2026-01-17T23:31:00,391.97,cancelled
f3776eea-701b-4ec4-83a3-13486606dd1c,CUST0174,2026-01-17T23:38:00,2048.48,refunded
8914e78d-d3f6-4eed-bca9-f6fdab1d0377,CUST0438,2026-01-17T23:45:00,2668.95,refunded
e569e7cf-9f11-485b-a189-5f1169a0fb56,CUST0340,2026-01-17T23:52:00,2271.45,refunded
4e2dfded-9725-403f-a13f-82b2f6825bc3,CUST0494,2026-01-17T23:59:00,1377.89,processing
fe9591bc-4a48-4377-894d-1c83da81d8ec,CUST0110,2026-01-18T00:06:00,4979.59,refunded
cd7f38ff-c3bd-42c0-8503-9a82e9a41db6,CUST0478,2026-01-18T00:13:00,4913.18,refunded
99050625-497c-4ec3-bffd-9a2e009731e6,CUST0409,2026-01-18T00:20:00,2367.28,processing
d9c323a6-714f-4935-8e4d-a191ebd8dfd9,CUST0019,2026-01-18T00:27:00,787.35,pending
6fe656f5-b390-48ef-9e15-6ccc08d8ecca,CUST0222,2026-01-18T00:34:00,4405.13,pending
45671c61-575e-485d-82d6-500162c4a1a4,CUST0332,2026-01-18T00:41:00,2046.06,processing
a11a8c10-39bb-48b8-b62f-8c700170924e,CUST0206,2026-13-45,99.99,completed
36fbca5c-19d3-4b79-9bc2-6068d93c89bb,CUST0387,2026-01-18T00:48:00,953.83,processing
73efe4a9-40f9-452c-890a-7938373da559,CUST0042,2026-01-18T00:55:00,1594.61,completed
68e0fd07-7e81-425d-ae08-fe2bc3394381,CUST0120,2026-01-18T01:02:00,1385.34,cancelled
71e7e934-b33c-4082-91b0-d8a3fe1e6c48,CUST0105,2026-01-18T01:09:00,4811.72,processing
13addf13-22e0-4a17-867e-9eabca55f80f,CUST0215,2026-01-18T01:16:00,1906.96,refunded
e3d99ea9-c70f-44d6-bc16-fc1df3b44439,CUST0116,2026-01-18T01:23:00,4480.01,refunded
2ce5bcc8-8d42-4de1-b81e-12e417a76082,CUST0246,2026-01-18T01:30:00,3930.0,completed
3ab6c20c-589b-4eda-b090-a43b3c8bec42,CUST0326,2026-01-18T01:37:00,4046.7,refunded
af5b946a-d001-4145-801b-3283ec182239,CUST0377,2026-01-18T01:44:00,4035.6,processing
2d433faf-a997-411f-a8fb-7d3e1b129469,CUST0148,2026-01-18T01:51:00,3707.52,refunded
030d009e-596c-4ff2-996c-c07079282b57,CUST0321,2026-01-18T01:58:00,736.85,completed
d370590d-9f69-44e1-8f3d-1a7c540bbd98,CUST0444,2026-01-18T02:05:00,53.41,refunded
cc60f7bf-5f8c-4d11-81d8-73cac1177447,CUST0332,2026-01-18T02:12:00,3709.18,refunded
48f56d94-54fb-4a22-92b9-f9604840babb,CUST0477,2026-01-18T02:19:00,662.56,cancelled
791a007b-4ac0-4c00-88cd-ec7888d4f75f,CUST0325,2026-01-18T02:26:00,3225.7,refunded
b3f28750-a42b-4d94-a7f1-c081a900ec40,CUST0254,2026-01-18T02:33:00,3199.69,processing
b14aecaa-84a8-45ee-b9e2-2493f678fc90,CUST0439,2026-01-18T02:40:00,2702.69,refunded
03dd1c0e-d2fa-49fd-a06e-2b20f319c7d0,CUST0207,2026-01-18T02:47:00,4678.92,processing
73cc5bea-7796-48b7-a9c2-71174d05d4e7,CUST0155,2026-01-18T02:54:00,3900.01,processing
4b190b98-a210-4add-bfd5-6730fb80370c,CUST0292,2026-01-18T03:01:00,2546.43,completed
a9f20146-2c98-4f8a-aad1-329ec4250f28,CUST0497,2026-01-18T03:08:00,851.44,processing
4d167928-9a6d-473f-b5a4-548e205e4dbd,CUST0335,2026-01-18T03:15:00,946.84,pending
d0b32829-5ff0-45b8-b146-6e3b3ced212a,CUST0477,2026-01-18T03:22:00,4342.07,processing
cc9e8f71-b787-44a6-82a1-d9283160efc3,CUST0435,2026-01-18T03:29:00,2435.88,processing
50b00154-c709-461d-9e8a-84019374e7c2,CUST0250,2026-01-18T03:36:00,2769.51,cancelled
7765aa18-00e8-496f-a756-93adc92675c2,CUST0294,2026-01-18T03:43:00,1225.25,cancelled
b16e4741-1339-473b-b113-d240e2ff1150,CUST0186,2026-01-18T03:50:00,2606.57,refunded
d1e9319c-f10d-4afa-8f45-bc4e9f17917c,CUST0206,2026-01-18T03:57:00,3685.81,cancelled
6ce25677-ffbc-4c0f-b24f-ea1063ebe025,CUST0228,2026-01-18T04:04:00,1572.01,refunded
6f252a52-07b1-4e70-9ac4-a148da4c77df,CUST0066,2026-01-18T04:11:00,4332.9,completed
8f18c4f7-b6b3-481d-b730-208eb6e657ed,CUST0372,2026-01-18T04:18:00,2737.42,processing
5440a5c2-b7f0-45ad-a00b-46efc7a11aaf,CUST0155,2026-01-18T04:25:00,2199.87,processing
f33c90a2-494c-4907-b13d-f6ae3cd988ec,CUST0475,2026-01-18T04:32:00,2829.48,processing
d9b71cc9-0eb9-4b33-ab3b-ccffb8106298,CUST0124,2026-01-18T04:39:00,3752.94,refunded
8086bf96-81d0-47f2-a164-848d9f0dbcbc,CUST0361,2026-01-18T04:46:00,3272.17,refunded
3f3789d8-0867-47fe-9ba0-c08fc8add1f0,CUST0263,2026-01-18T04:53:00,4405.93,pending
4ce338d6-b592-4364-9e6b-4b2b5956b70d,CUST0297,2026-01-18T05:00:00,1228.57,pending
c23e202f-d614-4ab3-94ea-716577fcb484,CUST0297,2026-01-18T05:07:00,3574.62,cancelled
a5d69a2e-27cf-45b0-8399-7edf82c514a0,CUST0330,2026-01-18T05:14:00,1955.67,cancelled
089e73d2-8798-4840-9e8e-d7a503f8587e,CUST0167,2026-01-18T05:21:00,433.69,refunded
4d9b2115-f996-494f-b086-3ea5c14af8f4,CUST0118,2026-01-18T05:28:00,3219.58,completed
cff8c610-e337-492a-8fdf-ff865b342895,CUST0452,2026-01-18T05:35:00,2924.19,pending
1b0d4613-edcf-4298-b213-85fe7e834637,CUST0016,2026-01-18T05:42:00,497.93,processing
b233fc67-8d73-40b3-b691-93827b720018,CUST0060,2026-01-18T05:49:00,3923.76,processing
1eb0bbbc-9ed8-489f-bbbb-c65eff850cae,CUST0187,2026-01-18T05:56:00,348.82,completed
13b60882-c30d-4562-86eb-734fdb93a50f,CUST0160,2026-01-18T06:03:00,1889.65,refunded
53ecac2c-5941-4d06-aa4b-6681b5e791ff,CUST0041,2026-01-18T06:10:00,4463.45,completed
f45ed985-e548-43b6-82a4-31193b8472db,CUST0255,2026-01-18T06:17:00,1389.06,processing
cd9aee73-333c-443f-9d92-6bd7393b1ed4,CUST0487,2026-01-18T06:24:00,1280.34,refunded
3501eda4-db66-470c-b9b4-7a67c574715c,CUST0387,2026-01-18T06:31:00,2496.13,processing
5387c52b-c1d0-4931-92df-ba2f4f9ea2e4,CUST0398,2026-01-18T06:38:00,2749.39,pending
8f4d245d-5230-43d6-a400-c442e9a245fc,CUST0326,2026-01-18T06:45:00,2414.53,processing
ddb58023-b788-48b8-b086-079569747fea,CUST0293,2026-01-18T06:52:00,3818.11,refunded
36698e4a-525f-4687-9ef6-99e5bafb05cc,CUST0177,2026-01-18T06:59:00,1931.64,processing
1319f8e4-7fd3-4895-8587-5f8858351ec7,CUST0255,2026-01-18T07:06:00,781.49,pending
a440bce9-7378-468d-b388-fdb2ef2a469e,CUST0218,2026-01-18T07:13:00,1787.96,processing
4056e527-09d9-422e-8c1a-4208ac84f789,CUST0428,2026-01-18T07:20:00,1022.63,pending
ac5fc2a2-d4bf-4967-9425-3637d18bfb69,CUST0028,2026-01-18T07:27:00,3253.89,completed
dcb79805-9d79-42ad-918a-a61eea0a9d21,CUST0305,2026-01-18T07:34:00,484.82,processing
e683b874-8bc1-48ef-933d-56178638b867,CUST0194,2026-01-18T07:41:00,3889.21,cancelled
3ccf3436-d717-469d-a82b-0cc868ec673f,CUST0096,2026-01-18T07:48:00,4070.15,completed
bf56dafe-7a9b-47ba-a9ee-9742ebcd27ed,CUST0093,2026-01-18T07:55:00,677.53,pending
39c1d41d-6519-4930-9bd3-4365a16fb1fc,CUST0449,2026-01-18T08:02:00,348.15,refunded
dd95f4b5-cccb-459b-a12d-e1e0e8afbfa4,CUST0012,2026-01-18T08:09:00,1570.89,cancelled
12103755-cf50-4625-a1af-2ad9a19e08f5,CUST0114,2026-01-18T08:16:00,4189.6,processing
cdbd07ec-e3ab-4c5c-8654-fe64f86abfb4,CUST0053,2026-01-18T08:23:00,4714.44,processing
80792fb4-a4d3-4640-90f8-6475d7a61502,CUST0087,2026-01-18T08:30:00,3117.32,cancelled
ba84f9df-4325-407d-88d6-9c5ee9db3086,CUST0470,2026-01-18T08:37:00,3453.06,processing
10993ba1-88ed-4b27-a5e0-ced9c201a625,CUST0188,2026-01-18T08:44:00,4817.96,refunded
717f53eb-9c0e-4988-ba11-226860064f7d,CUST0173,2026-01-18T08:51:00,1149.05,completed
5bb1eb4e-b4c9-401e-97b2-ba0d46960a28,CUST0029,2026-01-18T08:58:00,3680.85,processing
afbf4b09-ded5-497c-8414-f1b4f3315328,CUST0019,2026-01-18T09:05:00,3219.37,cancelled
6f087975-ce49-4bb3-b140-f66b8f9907d9,CUST0144,2026-01-18T09:12:00,4763.12,refunded
4f400202-6307-4074-b610-4af44c86b988,CUST0024,2026-01-18T09:19:00,3890.75,completed
b66b89bc-96f7-4aba-bd1d-ea74700df92b,CUST0018,2026-01-18T09:26:00,1235.33,refunded
6ca7e606-2f4c-4e62-887a-f5dfedb69e9f,CUST0178,2026-01-18T09:33:00,216.22,cancelled
8babfa43-6442-4e9a-9d69-0490d00145c1,CUST0013,2026-01-18T09:40:00,1883.03,pending
e53959e0-f221-48cd-a3e4-027d40ed5e0b,CUST0431,2026-01-18T09:47:00,2732.56,refunded
1cf9b773-b469-4090-b510-6ea784986db9,CUST0125,2026-01-18T09:54:00,3600.26,pending
9a9efb01-07be-4070-b81a-c26b3b814f63,CUST0214,2026-01-18T10:01:00,4243.43,completed
f89f4f92-7373-41e8-ac6f-e7b92beba032,CUST0124,2026-01-18T10:08:00,3793.11,refunded
8c39d2aa-fc90-4a09-b5db-5979529d997d,CUST0040,2026-01-18T10:15:00,4363.07,cancelled
c3c9ced9-725b-41d1-b08b-cd88aec40bd2,CUST0157,2026-01-18T10:22:00,4603.9,processing
659054cb-c05f-4676-bd52-0c55c6b1a388,CUST0296,2026-01-18T10:29:00,4954.36,processing
31daa366-2e22-49e3-93de-8e4c9f1b008c,CUST0430,2026-01-18T10:36:00,4559.36,refunded
d67fa033-107d-4fe5-bf0a-fa5098ac7a28,CUST0209,2026-01-18T10:43:00,2578.86,completed
016fd7db-c7f3-4f42-afb1-879397b12c99,CUST0203,2026-01-18T10:50:00,712.63,refunded
43eee6b2-e182-400a-9366-ef7635ae83fe,CUST0273,2026-01-18T10:57:00,2392.18,cancelled
c17e8a6b-47f3-4dbf-a4a2-6b624db68ae1,CUST0173,2026-01-18T11:04:00,2628.91,pending
4a4b0146-b35d-435b-80c6-f1da6b5670df,CUST0461,2026-01-18T11:11:00,1449.06,cancelled
28053b98-7d5f-4459-8c2d-ee00710acf3c,CUST0354,2026-01-18T11:18:00,1131.88,pending
37c55f12-fc28-45d2-b032-9de05f7afc36,CUST0037,2026-01-18T11:25:00,4828.76,processing
6051ea64-856b-483a-b4d3-7ee157c2ca01,CUST0197,2026-01-18T11:32:00,3519.14,cancelled
2c8530c9-cb6b-4db7-8b32-af3610236e23,CUST0075,2026-01-18T11:39:00,335.67,pending
e5c893ea-9282-4ef9-b2ec-c702b191a161,CUST0291,2026-01-18T11:46:00,3876.29,pending
01215b2e-0fa6-4ad3-bcc5-ef2c3aed27e0,CUST0380,2026-01-18T11:53:00,587.13,cancelled
3ad7c771-8ea2-4ac4-b12e-cc46ce5b22c8,CUST0341,2026-01-18T12:00:00,1307.21,cancelled
13fb31fa-0846-4820-bf0f-104108f45742,CUST0202,2026-01-18T12:07:00,1916.71,refunded
73168536-92de-4694-b7b1-b23ac809d83b,CUST0378,2026-01-18T12:14:00,2021.2,refunded
a216fa93-92ac-4be1-aed9-3f03569f3a6d,CUST0204,2026-01-18T12:21:00,1460.48,completed
91d52537-26c1-4aa6-9ac3-a2418e6e6887,CUST0500,2026-01-18T12:28:00,2435.1,refunded
c17001ad-3eb9-4ec4-b14f-9afc37a0e75b,CUST0009,2026-01-18T12:35:00,1623.02,cancelled
711c24e5-dfd6-4065-84f9-87cfb4157bc5,CUST0323,2026-01-18T12:42:00,3439.42,pending
c9cfaa3f-6534-48fa-aead-4550cb50597b,CUST0216,2026-01-18T12:49:00,1234.58,completed
0514581f-8501-4dbb-8f62-f8e7748a3687,CUST0042,2026-01-18T12:56:00,1776.22,refunded
6b975526-1e79-4e16-9bc7-5f9d4d6e5f38,CUST0195,2026-01-18T13:03:00,821.64,cancelled
918d9a1d-6a40-412f-a80f-b62cf7e53ddf,CUST0489,2026-01-18T13:10:00,2951.62,processing
fc046cd5-75d5-40c8-98c6-68385e3d47d5,CUST0478,2026-01-18T13:17:00,89.53,completed
9b781186-b518-44a2-8791-aeaa8cc1652e,CUST0090,2026-01-18T13:24:00,4437.25,pending
304a1173-6d63-4683-a4ca-6dd4c8f13d05,CUST0381,2026-01-18T13:31:00,2235.93,processing
18fa626f-a7cb-474b-ade8-ceba0a94991a,CUST0477,2026-01-18T13:38:00,2089.02,completed
2acb7e1b-483a-4019-a543-750afef473e9,CUST0226,2026-01-18T13:45:00,3126.18,pending
3c890d1e-c229-425f-8c1a-30d8d2b3705e,CUST0254,2026-01-18T13:52:00,1384.24,completed
3c4ae3c9-3e8a-415e-b98f-19b59a68f014,CUST0212,2026-01-18T13:59:00,2644.51,refunded
dd1b496d-ca88-4154-bda1-3a3969aa26b8,CUST0377,2026-01-18T14:06:00,1527.8,completed
c309e736-8c7e-4503-ab8b-dddcc28893d2,CUST0369,2026-01-18T14:13:00,4851.43,refunded
f1001b5e-bd9a-4658-8015-effd99492096,CUST0161,2026-01-18T14:20:00,4676.7,refunded
4b9c82ae-3029-455c-97a9-575ba5836537,CUST0398,2026-01-18T14:27:00,3606.23,processing
db80769a-01d1-4028-a283-a21726589a7a,CUST0194,2026-01-18T14:34:00,4259.59,completed
b708ffb8-932c-4953-a235-163b5ecb11c6,CUST0165,2026-01-18T14:41:00,4805.44,completed
91495de5-887d-4b22-a169-7934c3919fdf,CUST0141,2026-01-18T14:48:00,1892.44,pending
e7a556bc-7dae-44e1-9893-273cd57f0fd2,CUST0063,2026-01-18T14:55:00,2373.93,processing
,,not-a-date,abc,
bb9259c9-9b34-4964-92eb-cf116efeecd3,CUST0405,2026-01-18T15:02:00,1724.19,cancelled
2c780db5-a241-4c0b-ab45-e52b86044a5a,CUST0475,2026-01-18T15:09:00,3715.21,pending
06baa580-37c2-4bf7-84c8-404077348927,CUST0016,2026-01-18T15:16:00,712.43,completed
2591999d-d1ba-4132-bba8-8a5723c2ccdd,CUST0167,2026-01-18T15:23:00,981.85,processing
1562c65e-1ec9-4e92-aa8b-2b152b533e30,CUST0268,2026-01-18T15:30:00,589.99,refunded
d585bcdb-01b9-4be3-98d5-932f93a152e8,CUST0186,2026-01-18T15:37:00,3479.97,pending
52119421-6474-479c-8b5b-5dc006f6c94d,CUST0127,2026-01-18T15:44:00,12.1,processing
674ec293-6ed3-46bd-b289-84b251bce880,CUST0303,2026-01-18T15:51:00,2083.58,refunded
b1491876-4651-47a3-b426-8eaea519a197,CUST0182,2026-01-18T15:58:00,4985.75,refunded
6569bfca-21f2-4251-9fe0-9c5823fc685a,CUST0343,2026-01-18T16:05:00,1465.56,pending
c555ed11-11c5-4a72-880e-16233f443061,CUST0500,2026-01-18T16:12:00,3869.15,cancelled
050ab1eb-8583-40f3-9ac0-431ed5edc4f8,CUST0083,2026-01-18T16:19:00,936.94,refunded
a5851c0a-63df-468a-9f51-703a15df59f2,CUST0283,2026-01-18T16:26:00,3763.62,completed
e1b9656a-3c3b-4f33-97ad-05a518cc7f8b,CUST0253,2026-01-18T16:33:00,2496.18,completed
6edc5758-27d4-4f00-bb91-ea342ebc2ab2,CUST0284,2026-01-18T16:40:00,4739.5,pending
cb8e92e8-53d4-4448-ace7-a0afcf65486b,CUST0495,2026-01-18T16:47:00,3114.5,completed
a4f62360-81a6-4b0a-9acb-102e1a4b5f94,CUST0003,2026-01-18T16:54:00,3947.1,cancelled
880159e2-1a6f-4072-a7b3-7d5a20aa4372,CUST0106,2026-01-18T17:01:00,436.06,refunded
7356dc05-8456-45a6-8db3-3d35d8442fbc,CUST0169,2026-01-18T17:08:00,2563.13,pending
2a504a66-9be2-4371-9971-4bbe3a74b8e9,CUST0131,2026-01-18T17:15:00,1054.99,refunded
1e43339b-8c73-4100-92a1-36c6d9fda912,CUST0224,2026-01-18T17:22:00,3939.97,refunded
5b256f3e-6dfb-4c59-8f16-873c032b7950,CUST0051,2026-01-18T17:29:00,1361.69,pending
4b19444a-7a2d-4c86-b777-e62604e10ae1,CUST0083,2026-01-18T17:36:00,2405.86,pending
c0eac791-ea93-4a00-b614-d75a608faa90,CUST0387,2026-01-18T17:43:00,3428.6,refunded
30db97a1-c3ec-4320-9cae-28a91c254e89,CUST0360,2026-01-18T17:50:00,1805.17,cancelled
9037f198-982a-489e-915f-0d42ae28e4c7,CUST0256,2026-01-18T17:57:00,2525.73,pending
cab98d10-575e-42c6-b172-3aa794896eeb,CUST0292,2026-01-18T18:04:00,765.4,pending
2e1f5352-ade8-4665-a16a-2fec4ff306c2,CUST0150,2026-01-18T18:11:00,2804.86,processing
df139bc6-135c-4319-9ef7-643b403e91ce,CUST0466,2026-01-18T18:18:00,1262.35,cancelled
615010bf-a150-42b6-b1bc-a23569070467,CUST0169,2026-01-18T18:25:00,4990.53,refunded
f90f1ee9-a056-47e1-8e8d-ff4f1c7a3cd7,CUST0018,2026-01-18T18:32:00,1898.25,cancelled
24c7c913-3852-400d-a669-0db1e2388425,CUST0383,2026-01-18T18:39:00,1064.79,completed
03c8c761-0d06-43f1-b89f-47960857f731,CUST0307,2026-01-18T18:46:00,2813.92,pending
ecd946a8-ee0a-47fd-9bd0-81d947b4044d,CUST0417,2026-01-18T18:53:00,2042.49,refunded
888fc93b-2fce-4625-90a2-26311f10e202,CUST0048,2026-01-18T19:00:00,2523.46,processing
1a5ed6dc-3f19-4f6c-9648-d33d58048a73,CUST0443,2026-01-18T19:07:00,2353.79,pending
87b2e05a-499c-499d-92bf-3226f8835bca,CUST0399,2026-01-18T19:14:00,2039.96,pending
b5fa0db0-15f3-472b-8764-911adaf7efce,CUST0279,2026-01-18T19:21:00,544.93,completed
c53d6227-d228-4b0f-b617-12d768c792ef,CUST0338,2026-01-18T19:28:00,4862.32,refunded
4e9a65fc-3966-487b-b9a2-2973bbf5fcc5,CUST0290,2026-01-18T19:35:00,4566.41,cancelled
aa3ec821-a966-4f39-9ecb-b4cbbdaccbad,CUST0349,2026-01-18T19:42:00,3444.55,cancelled
07872014-56f1-4a04-9e1c-dfeaa3fcdc13,CUST0217,2026-01-18T19:49:00,2108.02,cancelled
76e1da40-bf99-4f12-91be-8efe8aa640a5,CUST0003,2026-01-18T19:56:00,21.64,cancelled
03f0f637-959f-4d3e-8677-2696b8e03c2a,CUST0379,2026-01-18T20:03:00,3208.95,pending
f8ee196d-1728-484f-8e21-b5ea46db62cf,CUST0383,2026-01-18T20:10:00,2102.08,completed
d4ad7ca1-462c-485e-bcda-1719790224c3,CUST0009,2026-01-18T20:17:00,1100.95,processing
cada76c9-d44a-4553-b5e9-f2830a9ea0b0,CUST0032,2026-01-18T20:24:00,3980.37,cancelled
2a6ef798-a094-416b-b6f0-0e10fcd7c6ea,CUST0248,2026-01-18T20:31:00,2920.36,cancelled
a598ee2a-87b6-40a8-becf-629bdcbf6e6d,CUST0398,2026-01-18T20:38:00,552.12,refunded
aed4479f-6680-4589-bcc9-92e4a0220995,CUST0326,2026-01-18T20:45:00,3012.96,pending
e12ccc89-dda6-4f4d-8cf6-16db33409ab8,CUST0423,2026-01-18T20:52:00,4330.24,processing
90d46486-001b-4d88-86c8-e5fb2b8a0e27,CUST0489,2026-01-18T20:59:00,1035.9,pending
215010a0-3d6e-4b17-a787-9e0a468e7b2e,CUST0302,2026-01-18T21:06:00,788.6,completed
2e600b3e-ec78-4fa4-93c2-3338d1d7ea33,CUST0030,2026-01-18T21:13:00,1514.65,completed
60da441d-5ad5-45f1-9d65-4df868168704,CUST0467,2026-01-18T21:20:00,3723.08,completed
d4016827-72a8-4a70-a334-8b639fbdf7dc,CUST0197,2026-01-18T21:27:00,517.45,pending
ab5984df-95c9-4657-b8f6-56fc98747b1b,CUST0347,2026-13-45,99.99,completed
b0a08f98-6c0e-4b26-973a-2880c84b145f,CUST0235,2026-01-18T21:34:00,4888.23,processing
cdc4a472-5659-4f69-9844-f6e050650478,CUST0464,2026-01-18T21:41:00,2509.97,refunded
8b86855d-2587-4d2a-b213-1eb8afccbad5,CUST0132,2026-01-18T21:48:00,1121.08,refunded
f81bdc5c-f7a8-4055-8d7e-6a9cebfdd052,CUST0038,2026-01-18T21:55:00,931.4,processing
1bde9111-551f-4f71-b4a6-0f257b4f9847,CUST0417,2026-01-18T22:02:00,4738.82,completed
e0abcbda-4149-451f-8cf7-6518449e9708,CUST0267,2026-01-18T22:09:00,4044.91,pending
b848fa4e-a4f4-406f-81a0-3d73f11da3e5,CUST0163,2026-01-18T22:16:00,3426.76,completed
0536245a-70e1-47fa-8142-9453f029e9d0,CUST0270,2026-01-18T22:23:00,1523.94,completed
e2dfb87d-339c-457d-811b-8ff895fc4cb0,CUST0118,2026-01-18T22:30:00,2172.9,cancelled
ddaf61e2-40f4-4a2b-8247-23e2fd1cf5cd,CUST0363,2026-01-18T22:37:00,1244.42,processing
a5dc0a36-e4a8-4b1e-8388-3f054ef307f7,CUST0248,2026-01-18T22:44:00,3564.11,processing
fa84fe2b-6ed2-4be3-85a4-d03193b0bb17,CUST0055,2026-01-18T22:51:00,3110.3,pending
5ad3af78-6fa6-4681-af2d-aed50e7c97b9,CUST0324,2026-01-18T22:58:00,2220.67,cancelled
3a3eb0b9-3f58-4fd1-b995-45280097368a,CUST0453,2026-01-18T23:05:00,3298.99,pending
4cf8b339-6da6-41b3-a863-2495fb79db21,CUST0304,2026-01-18T23:12:00,4403.8,cancelled
3224652e-a5e4-46a1-8fbf-9f564d9e7904,CUST0041,2026-01-18T23:19:00,4402.49,cancelled
4ba8ca91-de50-4a50-ad73-6f3ebdffe531,CUST0028,2026-01-18T23:26:00,3965.97,pending
a74f26f0-2658-4735-b1f3-773c850e07b1,CUST0184,2026-01-18T23:33:00,2928.01,refunded
bb606677-31c5-459c-892e-bcaed175046e,CUST0011,2026-01-18T23:40:00,2522.39,processing
9802b140-9d10-491d-a80b-97db0b8d8e55,CUST0352,2026-01-18T23:47:00,3711.63,refunded
ac1ba39d-66ce-4668-ba4b-1d40e1798ac8,CUST0433,2026-01-18T23:54:00,2462.28,cancelled
9c043f6e-215b-435d-be72-aa9040b81e30,CUST0002,2026-01-19T00:01:00,1577.12,completed
2899874c-e426-40cc-8259-723efc7f5313,CUST0083,2026-01-19T00:08:00,2401.23,pending
c901803c-04bc-439c-9834-dae087f49d4d,CUST0164,2026-01-19T00:15:00,2031.04,cancelled
2747241b-e853-436b-b61c-a83bcb656a56,CUST0086,2026-01-19T00:22:00,290.3,completed
a860d272-a0cd-4557-a33d-aba1da2719fd,CUST0090,2026-01-19T00:29:00,1856.32,processing
2ac5dd62-4ed9-4aeb-a088-11731794c076,CUST0353,2026-01-19T00:36:00,3059.67,completed
9dabe70a-b509-4c0a-aab1-b822c45382bc,CUST0415,2026-01-19T00:43:00,261.92,processing
cd6ef2f7-e468-4a9e-a4a0-43a27bbcda27,CUST0362,2026-01-19T00:50:00,3994.44,refunded
bdd5b48e-e3de-4305-b4ae-f2eb105974cd,CUST0371,2026-01-19T00:57:00,3246.09,pending
48275220-87a7-421a-819c-56820aa03c4d,CUST0024,2026-01-19T01:04:00,4074.59,cancelled
c627e282-efd4-4b5e-b41b-b445c9437fdd,CUST0286,2026-01-19T01:11:00,1046.9,processing
f99ea094-815a-4bfe-b82e-0c560858a3d0,CUST0473,2026-01-19T01:18:00,343.41,pending
0aa9d025-0c55-48c2-bc50-cc412f1275a3,CUST0155,2026-01-19T01:25:00,1442.49,pending
b48dacdf-58b7-49fc-b355-179eec5f9a01,CUST0252,2026-01-19T01:32:00,751.42,refunded
0ca2597f-2d10-4478-80b2-0d9d38de1cbb,CUST0251,2026-01-19T01:39:00,1692.08,processing
95230f52-01a2-44bd-be86-98be8ac27372,CUST0400,2026-01-19T01:46:00,387.15,pending
6d949bec-0196-4384-9463-b78978949702,CUST0125,2026-01-19T01:53:00,1525.84,pending
b8fdec46-4c6b-4a83-93cc-a1bb9585209c,CUST0123,2026-01-19T02:00:00,3694.21,processing
78bd867b-23fb-4926-bb2c-4f6ff11639f1,CUST0210,2026-01-19T02:07:00,450.48,processing
49019cde-28d6-400e-9bb4-bb64a2b794e7,CUST0486,2026-01-19T02:14:00,478.49,processing
b8c1f188-c20e-4bef-993d-7d25c38ca102,CUST0177,2026-01-19T02:21:00,4187.91,completed
2f8d56cc-6dc8-4c3b-b23e-011affb23d8a,CUST0122,2026-01-19T02:28:00,2284.24,pending
8311a073-e161-4f3e-8b9e-aeb64b994f38,CUST0308,2026-01-19T02:35:00,4244.84,cancelled
9314967a-a0c9-4253-a57b-53d24c1a4a2b,CUST0050,2026-01-19T02:42:00,185.4,pending
3b296985-450f-4b8d-b2b0-a7a1fc8f88dc,CUST0355,2026-01-19T02:49:00,2813.47,pending
1b7ece69-9778-492a-82d8-0b201a42887d,CUST0060,2026-01-19T02:56:00,2569.79,completed
cb082d9e-6991-4071-8cf7-7cb62d39cc58,CUST0009,2026-01-19T03:03:00,962.97,cancelled
a89df53f-0f0c-4584-a993-310575efb75b,CUST0349,2026-01-19T03:10:00,3178.55,processing
d8f45808-0526-4b7a-a561-d318e2778757,CUST0082,2026-01-19T03:17:00,3737.7,refunded
8a75dfd7-4973-4c2c-af85-66673e2b1b67,CUST0428,2026-01-19T03:24:00,2786.68,refunded
a456af72-bae7-4fac-a718-af91854bbdc8,CUST0171,2026-01-19T03:31:00,1430.08,cancelled
a6f6f079-ea39-4c4c-a42c-f358f5719dd5,CUST0348,2026-01-19T03:38:00,2188.38,processing
14810776-913e-44dd-9932-1aee164e685e,CUST0029,2026-01-19T03:45:00,2836.31,processing
a947dde7-bce9-4ad9-94d9-f3af3f7764e9,CUST0361,2026-01-19T03:52:00,123.2,cancelled
baad8c14-d7b0-48ee-b3ad-ecdddeda8c9c,CUST0479,2026-01-19T03:59:00,283.22,completed
084ca400-ddb2-4513-82a0-78816f7284a9,CUST0172,2026-01-19T04:06:00,1647.51,cancelled
aafe6d03-1880-4547-9161-f1794017504a,CUST0470,2026-01-19T04:13:00,4937.83,completed
2eeeeb4c-ed50-48a9-abf5-00727eac109b,CUST0406,2026-01-19T04:20:00,2988.36,processing
f705b7f3-371c-4611-ad68-2b047c509e07,CUST0347,2026-01-19T04:27:00,3508.99,cancelled
aca57405-7f65-4414-8a34-4713350123b2,CUST0090,2026-01-19T04:34:00,4808.52,processing
38936705-6653-4610-b891-8e2597813201,CUST0137,2026-01-19T04:41:00,1051.93,cancelled
28799166-f3e6-46cf-8f3c-6361b5b137ae,CUST0136,2026-01-19T04:48:00,529.88,cancelled
55be405b-b8cc-44bf-b54c-c075f4b267cf,CUST0440,2026-01-19T04:55:00,2938.91,completed
bec79bfe-4d18-47f1-9062-03c1ff7d32d1,CUST0149,2026-01-19T05:02:00,1959.57,pending
76aa2979-9148-4d74-b6cf-9fba59ca46d1,CUST0108,2026-01-19T05:09:00,3401.05,cancelled
e745d5bc-2753-495e-b8aa-389461471ed8,CUST0059,2026-01-19T05:16:00,587.71,pending
17288e99-566e-4d3a-a95e-5a49232c0c34,CUST0048,2026-01-19T05:23:00,1621.32,processing
973877b2-6db1-4aeb-9b57-404ce6e86c67,CUST0395,2026-01-19T05:30:00,1535.07,processing
d58e1e45-0e3f-42ef-aa23-0d49fd50f6ba,CUST0412,2026-01-19T05:37:00,2621.91,processing
64e45c8d-469b-491e-8b60-61f89d734866,CUST0067,2026-01-19T05:44:00,1567.05,cancelled
36160c15-0861-4751-b948-e44c2880cc3f,CUST0046,2026-01-01T01:23:00,75.00,not_a_real_status
5376df84-f691-46d0-af4f-02ab36bdd8ea,CUST0109,2026-01-19T05:51:00,1309.51,refunded
1e9d0a0a-2a0f-42e7-bb4a-89154da43999,CUST0458,2026-01-19T05:58:00,3330.45,cancelled
f67b8437-1ba0-488d-84c7-8f02b47f0f1c,CUST0332,2026-01-19T06:05:00,3067.53,cancelled
defaa5c0-b5a4-498e-9588-7c19641758de,CUST0494,2026-01-19T06:12:00,4229.91,refunded
4f2a3ceb-32a1-422f-bb43-0023f0d34a05,CUST0050,2026-01-19T06:19:00,2527.11,pending
f9442ff7-8c97-4be1-8662-580555cb80f3,CUST0447,2026-01-19T06:26:00,2248.3,processing
29ea17e4-0c60-4180-b731-930479acc1d1,CUST0236,2026-01-19T06:33:00,4208.08,processing
4ade8601-3f0d-409c-9466-ae087a4b8309,CUST0225,2026-01-19T06:40:00,2401.02,refunded
9686dfed-d198-49e7-843c-747fc4eaa95d,CUST0034,2026-01-19T06:47:00,2438.58,pending
c14b7810-ceff-49ef-b51a-5b4a00af659a,CUST0349,2026-01-19T06:54:00,167.35,processing
7b12b8cf-3a3d-4cff-99ff-4a1775adbc97,CUST0291,2026-01-19T07:01:00,2159.4,processing
0f92c719-48d0-43b2-bdcd-ec969b02605b,CUST0188,2026-01-19T07:08:00,4161.99,cancelled
966b7126-90e7-49a3-bcd9-8e6f8f7e8843,CUST0049,2026-01-19T07:15:00,1849.59,cancelled
707c4479-7beb-479b-9c3c-a41074a1a216,CUST0057,2026-01-19T07:22:00,1914.61,cancelled
b57f2489-1f80-46f5-bcaa-374cfdd7bbc5,CUST0395,2026-01-19T07:29:00,1446.7,refunded
33317ade-34c5-416a-b4cc-682f0dfb751a,CUST0170,2026-01-19T07:36:00,2485.07,processing
051fa481-c81d-4060-a5f4-3048bdb8448c,CUST0197,2026-01-19T07:43:00,3666.5,refunded
215fe37f-ce4a-423d-ae85-3aa390507fb0,CUST0253,2026-01-19T07:50:00,3691.37,completed
d635f346-3552-47b5-96a5-d1e501197fe9,CUST0432,2026-01-19T07:57:00,1059.95,refunded
8235f968-6d45-4587-bd43-33556acefde5,CUST0110,2026-01-19T08:04:00,4886.96,cancelled
9645406b-7a0b-4cfe-87a0-642dcaccde10,CUST0279,2026-01-19T08:11:00,3880.93,processing
e2de374d-f9f2-43a0-a6ca-21d0fe3361cb,CUST0260,2026-01-19T08:18:00,3267.29,completed
19767d02-5da5-4dfe-b14e-16c4f525fd16,CUST0163,2026-01-19T08:25:00,3388.8,processing
63f93a32-dfed-43c9-a70e-66b320584e7e,CUST0083,2026-01-19T08:32:00,1429.26,processing
bfd5fa13-5d7e-4d86-83ef-90143b2c6951,CUST0110,2026-01-19T08:39:00,4046.42,completed
410d91f6-8e96-4a74-80f2-2bc40f374edf,CUST0057,2026-01-19T08:46:00,3142.48,processing
4a362b21-54c2-40c7-aca5-b71cfcf93d4d,CUST0025,2026-01-19T08:53:00,4010.48,completed
f94b619b-19c0-464e-90e7-6a1f4b44973c,CUST0359,2026-01-19T09:00:00,289.01,cancelled
01f599ce-aaef-49f0-a437-40e39556f120,CUST0333,2026-01-19T09:07:00,3444.98,completed
c33c913c-1207-467f-afae-d40b54b58972,CUST0424,2026-01-01T00:23:00,75.00,not_a_real_status
adfa9e34-8fe2-4dff-8431-4231215a86d9,CUST0251,2026-01-19T09:14:00,2082.81,refunded
b007541a-9769-4436-98cb-974448fd3d6c,CUST0428,2026-01-19T09:21:00,4273.2,completed
a7de0e38-cac7-4569-92a5-731683db0405,CUST0428,2026-01-19T09:28:00,422.71,completed
84b4826c-c628-48c1-b3ac-5a8dcfd49b5c,CUST0032,2026-01-19T09:35:00,2345.15,completed
9b932d17-4091-405d-ab3b-d4224b4e0461,CUST0496,2026-01-19T09:42:00,4289.48,pending
dd3b2683-25da-4c82-9766-d33244e92d75,CUST0310,2026-01-19T09:49:00,1871.03,pending
5caefd5e-93b0-408c-acab-3386a85b5d64,CUST0157,2026-01-19T09:56:00,4536.57,cancelled
95f8e0a6-c9ee-4659-9781-4637d56a4a31,CUST0471,2026-01-19T10:03:00,989.28,cancelled
a44bae99-5fff-4daa-bdb8-95b4eb150e22,CUST0389,2026-01-19T10:10:00,988.41,pending
3bf6e14d-943b-421a-ae38-41b2679ccfc2,CUST0397,2026-01-19T10:17:00,884.48,cancelled
1319a546-3c10-48cc-a972-d52ebb5095b3,CUST0320,2026-01-19T10:24:00,2624.21,pending
89745a4f-4401-48a0-b05a-a4a1edeb4196,CUST0010,2026-01-19T10:31:00,1727.21,completed
2ba71867-3968-49d5-beeb-bd41cb7cbfff,CUST0381,2026-01-19T10:38:00,3509.61,pending
7f74df20-e82d-418c-b8ec-c69beb793fc7,CUST0492,2026-01-19T10:45:00,3093.23,processing
0ddf6282-09ac-473f-8e80-43b8b1159d3b,CUST0245,2026-01-19T10:52:00,3437.35,cancelled
e6166451-2961-429a-a451-4b9b26501769,CUST0290,2026-01-19T10:59:00,158.18,pending
c69c4491-f892-4daf-b8c6-4ce91b304c63,CUST0258,2026-01-19T11:06:00,4550.91,cancelled
a87f43bf-4ce7-4050-bd60-80e28c52053b,CUST0436,2026-01-19T11:13:00,1737.9,cancelled
356ff464-8d8c-4503-a9cd-fe5cfab9aa0e,CUST0051,2026-01-19T11:20:00,3914.89,pending
a4077a12-e72a-40dd-9894-a1c605e53154,CUST0065,2026-01-19T11:27:00,4906.15,completed
879fe7b8-c7e6-43a9-a70f-b816187844b9,CUST0230,2026-01-19T11:34:00,3678.28,refunded
fac2d3bc-727e-4a24-9b35-e4350ddd32c2,CUST0260,2026-01-19T11:41:00,2509.48,completed
8a1af56a-8254-49e7-bc87-bdd3fb8ad91c,CUST0047,2026-01-19T11:48:00,3884.2,processing
58052298-1593-4ec0-afe8-d2960810042b,CUST0179,2026-01-19T11:55:00,710.12,refunded
fe80cc4b-154b-4da0-b938-31f990f1fdac,CUST0036,2026-01-19T12:02:00,1352.22,processing
83ba4d40-e627-4452-9f8c-1e83d6826351,CUST0085,2026-01-19T12:09:00,3749.94,cancelled
cb8075bb-88c3-48b6-9b64-773530a283d7,CUST0240,2026-01-19T12:16:00,298.57,processing
54995cfb-c657-4d35-9e83-c5edaba4d577,CUST0388,2026-01-19T12:23:00,885.81,completed
cfd3cb8d-b739-47ed-8b4f-0f3fe55c5375,CUST0449,2026-01-19T12:30:00,546.66,refunded
23b828b4-0dac-40ce-9a05-3a3e8b77e56a,CUST0166,2026-01-19T12:37:00,4269.01,refunded
99e7a3f7-c1fe-462a-98c5-b3944a68ea10,CUST0305,2026-01-19T12:44:00,23.8,refunded
c6bb3d3f-39cd-42b4-8b86-109be9ccf496,CUST0484,2026-01-19T12:51:00,426.12,completed
468331fd-5b8c-440f-8aeb-de56ca6b91a6,CUST0140,2026-01-19T12:58:00,1828.5,processing
3dd3838a-3f91-40ec-a467-7956fbb03f90,CUST0082,2026-01-19T13:05:00,4960.7,refunded
b783c48e-4fb3-4b09-8212-fe489ad4feb8,CUST0129,2026-01-19T13:12:00,3648.56,refunded
e25325fe-07c4-4d4e-b076-cf330bd47d39,CUST0149,2026-01-19T13:19:00,1264.99,refunded
2d00c7b4-16e1-49c2-b840-04e22e577c9c,CUST0050,2026-01-19T13:26:00,452.28,processing
a0ab0185-9b4d-4fbc-ac88-276d870da909,CUST0207,2026-01-19T13:33:00,1513.49,completed
d37f6577-2a99-4734-83ac-c55fd73ad34c,CUST0240,2026-01-19T13:40:00,1525.05,cancelled
af4d8725-6274-4025-8c03-618efb2a7e6d,CUST0390,2026-01-19T13:47:00,4873.56,completed
f807896b-b8cb-4522-9020-84a58ca731db,CUST0319,2026-01-19T13:54:00,3842.03,processing
8edb9ac4-f730-4ab0-bbbc-6cec969d4537,CUST0108,2026-01-19T14:01:00,3987.57,refunded
b05d55e2-21e1-41e3-aa4c-c8c7058ce75b,CUST0306,2026-01-19T14:08:00,4784.99,processing
d9e8e97d-8f2c-4183-8ce6-0a1ce63fab79,CUST0151,2026-01-19T14:15:00,2307.3,processing
d634e15e-191d-4ab9-b932-de6b3765d327,CUST0106,2026-01-19T14:22:00,4462.29,processing
718160ac-5fa0-49b7-9f8b-b67694a12e0a,CUST0310,2026-01-19T14:29:00,3163.37,completed
14dc14ac-21a6-4adf-b0e2-c790ab2e0da0,CUST0241,2026-01-19T14:36:00,1150.09,completed
c4377a98-7552-49f7-9a9c-fc0ccedee6e6,CUST0487,2026-01-19T14:43:00,3202.39,completed
ed53b3cf-d918-40b6-be3f-d9449384241d,CUST0390,2026-01-19T14:50:00,3896.4,refunded
276c7f08-a57b-475c-95ab-3005a5596b9c,CUST0293,2026-01-19T14:57:00,4488.09,refunded
63a6cbd0-7719-4b72-a108-a189e3e83ef9,CUST0123,2026-01-19T15:04:00,3898.16,completed
393fa14b-d91c-4ca2-8736-00bc6d7f2d55,CUST0264,2026-01-19T15:11:00,305.87,processing
3dae3f75-8c87-4581-b003-fe460ea91e2a,CUST0101,2026-01-19T15:18:00,4030.09,completed
36286417-dd49-4dec-b0d3-4e122ecf4913,CUST0153,2026-01-19T15:25:00,1453.31,pending
e06cb660-bc82-40ca-94f9-2feb6d473380,CUST0197,2026-01-19T15:32:00,4280.8,pending
adb86050-c5ad-42c7-9569-4dc9496f8ca9,CUST0293,2026-01-19T15:39:00,313.7,pending
1456d119-74fd-4ed3-a045-e2a701d0d00c,CUST0467,2026-01-19T15:46:00,692.4,processing
45d6ddc8-5060-430d-b639-191636126d8b,CUST0009,2026-01-19T15:53:00,1641.59,processing
23620e6d-8c3a-4f05-b887-aa968d478d31,CUST0495,2026-01-19T16:00:00,2130.65,cancelled
d7ab20a2-9e79-4d1e-a40b-85debd94864a,CUST0469,2026-01-19T16:07:00,4175.88,pending
cfd2d3d4-fd44-409a-90f5-1d61d3052e44,CUST0060,2026-01-19T16:14:00,2144.92,cancelled
a34eadbd-f241-473c-8e4a-92da16a94b59,CUST0048,2026-01-19T16:21:00,3609.92,completed
c9ef1424-0dd9-4016-93f7-c5d28d9ce49d,CUST0119,2026-01-19T16:28:00,3014.15,completed
4de1777b-6f3b-4f0f-a101-f7ccf01ae167,CUST0329,2026-01-19T16:35:00,2744.23,cancelled
3d85b311-051c-41f4-96aa-783684f7b055,CUST0330,2026-01-19T16:42:00,2481.31,refunded
e7a64531-b40b-4b23-b598-c48959caaeaf,CUST0210,2026-01-19T16:49:00,4956.72,cancelled
57ede340-2fea-4785-a8b5-98bcc6157817,CUST0365,2026-01-19T16:56:00,1421.09,processing
33ade033-68ba-4276-b41a-c019b2f2675e,CUST0250,2026-01-19T17:03:00,3704.27,pending
97125c45-ec0f-4e00-a106-1e9ab26749f2,CUST0130,2026-01-19T17:10:00,3420.95,completed
0f8abcc3-5411-48ed-9a7d-683e79cd1ff3,CUST0335,2026-01-19T17:17:00,4203.74,processing
eca14e53-6e8a-4115-b7cf-2489ac154048,CUST0142,2026-01-19T17:24:00,462.77,refunded
b78e1a95-e6ab-465b-b207-fe8f9193343c,CUST0132,2026-01-19T17:31:00,3268.36,processing
3b7382a1-224e-4599-8da3-def3d61ab94e,CUST0190,2026-01-19T17:38:00,4175.38,refunded
201dab78-9b42-489d-958f-19a6d3f88e54,CUST0462,2026-01-19T17:45:00,1557.57,completed
a3206071-9659-48b1-9ae2-738043351744,CUST0321,2026-01-19T17:52:00,1123.16,refunded
17a8ea92-3e0e-4961-bc9e-b1f8a5be64a9,CUST0385,2026-01-19T17:59:00,2435.65,completed
3e945e04-b31d-4bb3-99f8-2bfda9a5cc9d,CUST0449,2026-01-19T18:06:00,3147.05,cancelled
1c7e988c-17ea-4d84-a54b-3961b570a0fd,CUST0289,2026-01-19T18:13:00,3581.54,completed
654f7434-d2d8-4d21-9a78-eaf8ee42830f,CUST0123,2026-01-19T18:20:00,4022.66,processing
f0b92772-3447-48e8-aec4-8aba39407156,CUST0200,2026-01-19T18:27:00,492.59,completed
f87b9d6c-15ef-487d-9496-4709eeb30232,CUST0482,2026-01-19T18:34:00,4036.37,completed
,,not-a-date,abc,
7f602d2f-f886-46cc-8a9f-0a1689846ddf,CUST0231,2026-01-19T18:41:00,2634.29,refunded
86d5de6e-e80b-4977-a5a2-393f066cdda0,CUST0411,2026-01-19T18:48:00,831.79,pending
81a7c6a3-3162-4a1e-9e44-d41a3cf17b7e,CUST0037,2026-01-19T18:55:00,3730.57,processing
2020f983-6a79-432f-8ffb-177f3b126781,CUST0075,2026-01-19T19:02:00,2737.72,processing
8121a0cd-5ed6-4ecb-92a0-40ad36ae9bbe,CUST0223,2026-01-19T19:09:00,4658.6,processing
02011360-a493-407d-ba62-12a6a435362c,CUST0063,2026-01-19T19:16:00,2707.0,pending
e8d3bddb-e04e-45ce-812d-45ae534e2c40,CUST0075,2026-01-19T19:23:00,4481.05,pending
f1d49e31-91b2-4ca0-9a9d-cf48202e0a77,CUST0352,2026-01-19T19:30:00,2620.73,refunded
c5e7c601-06a6-4eb9-8ebf-d34eada72511,CUST0313,2026-01-19T19:37:00,2475.46,completed
c1fc24f9-5f30-404f-b7bd-13138e955808,CUST0003,2026-01-19T19:44:00,2726.81,refunded
c533ebac-e4d3-4372-acf5-9c8d54b1762d,CUST0278,2026-01-19T19:51:00,908.34,refunded
29351cda-a17a-460c-b272-ce6475bda6d7,CUST0056,2026-01-19T19:58:00,2650.23,completed
03aa244e-a79d-4666-8b48-c2021244ccf3,CUST0032,2026-01-19T20:05:00,3941.94,processing
1526aafe-3665-4e11-b6fd-5acfa476bc96,CUST0015,2026-01-19T20:12:00,4419.16,refunded
60f32de3-38fb-44f2-829b-09638d190d28,CUST0486,2026-01-19T20:19:00,374.58,refunded
bd41f848-8154-46b5-8c07-977ada1a5da3,CUST0313,2026-01-19T20:26:00,2273.08,completed
4bcd429a-2e18-43b0-993c-0c70f16f15ef,CUST0043,2026-01-19T20:33:00,1644.04,refunded
9dc6a2a5-87f8-45f3-847f-d7633ce16f91,CUST0435,2026-01-19T20:40:00,4581.97,pending
c2879b35-9b80-4729-a250-cc7bc8b8a463,CUST0386,2026-01-19T20:47:00,928.53,cancelled
36abccac-6a8a-406a-9651-b4cf0c28c5b9,CUST0177,2026-01-19T20:54:00,626.51,cancelled
83ee72fb-1315-4d95-8548-179c4f72a200,CUST0120,2026-01-19T21:01:00,1827.37,cancelled
ecc09979-20ed-4cb3-a9b1-5b3cd24ceace,CUST0274,2026-01-19T21:08:00,3390.42,pending
d8304798-952a-44b2-b62a-6db1c558b3c8,CUST0403,2026-01-19T21:15:00,1289.19,completed
75e304ac-b1b9-4207-a0b3-80745c185071,CUST0300,2026-01-19T21:22:00,1611.48,pending
16e63036-0c6f-43a7-8de0-0e559b435f8a,CUST0299,2026-01-19T21:29:00,1059.78,pending
a7650e31-7147-43d0-a55f-f74b743e5999,CUST0046,2026-01-19T21:36:00,1331.26,completed
40c1dd73-0746-402d-add5-43a93903889a,CUST0188,2026-01-19T21:43:00,2000.85,processing
b0574a24-2b89-44aa-b6df-1bbe57996f21,CUST0313,2026-01-19T21:50:00,108.19,cancelled
e6bc94b6-1328-48af-9e06-121174dc8cf5,CUST0038,2026-01-19T21:57:00,140.36,pending
9167235e-f12e-4cfd-9361-2f22f322419b,CUST0473,2026-01-19T22:04:00,710.95,refunded
6cde1ad1-c30d-4102-9fe6-da43bc81b0d7,CUST0318,2026-01-19T22:11:00,3893.69,completed
d7779b1a-b534-4ec5-89e7-59d953ffae3d,CUST0248,2026-01-19T22:18:00,416.04,pending
8060f960-5376-4fc9-841a-94cebf5e4131,CUST0365,2026-01-19T22:25:00,362.34,refunded
352781c7-dd0e-42f0-83fb-9d9c9b892459,CUST0377,2026-01-19T22:32:00,3925.8,refunded
97bd999e-22df-47c4-8ff3-a4bfdb1c8a7e,CUST0468,2026-01-19T22:39:00,1219.33,completed
13e7117f-da9b-471c-aa4a-3f44df7986b6,CUST0334,2026-01-19T22:46:00,3025.47,pending
c73b5590-7f51-4a81-ae47-5844554aeddf,CUST0161,2026-01-19T22:53:00,555.82,pending
5880c12b-fe8c-448c-b73f-3486504d9d65,CUST0496,2026-01-19T23:00:00,4883.66,completed
2cf91422-f6be-4d75-b4b0-fd7e53c15e3e,CUST0054,2026-01-19T23:07:00,793.17,completed
10ce79c5-6d4b-4c73-9f46-70af20f561bb,CUST0422,2026-01-19T23:14:00,4461.96,cancelled
ff05e51e-c057-4174-9f1c-14af777f1ef9,CUST0104,2026-01-19T23:21:00,2545.31,cancelled
4051243d-bffe-42b5-9909-3cb4213345bd,CUST0048,2026-01-19T23:28:00,2747.15,pending
4873de5b-7402-4e1e-a69d-f4c4d6abc6c9,CUST0379,2026-01-19T23:35:00,2135.88,refunded
dc412aea-616a-49d4-b2cc-b6c9cf60f89c,CUST0132,2026-01-19T23:42:00,873.07,processing
adcdf18d-6f63-40ea-9a49-6906c4e4a90d,CUST0288,2026-01-19T23:49:00,973.68,refunded
985ddc2c-5dba-42f2-b879-c5af94983fcb,CUST0086,2026-01-19T23:56:00,4119.71,processing
f046e196-125f-41bc-9776-6416d77d0e80,CUST0198,2026-01-20T00:03:00,2514.83,completed
bbb75bc4-5ae0-4c60-b0a6-48af445e942a,CUST0151,2026-01-20T00:10:00,418.48,refunded
5f8e53bf-f51d-42ff-a558-1778be1a237a,CUST0086,2026-01-20T00:17:00,3718.04,completed
0ed4764f-13a3-48d6-874d-7720a0c8e774,CUST0491,2026-01-20T00:24:00,1058.92,completed
ee1454d6-fc4f-4176-bd83-2d53f90cf19e,CUST0149,2026-01-20T00:31:00,3222.71,cancelled
e682348c-cb63-4c9f-90f3-2dfe605015c7,CUST0403,2026-01-20T00:38:00,4673.59,completed
785d3696-610a-4572-b3f1-ad87108b8635,CUST0341,2026-01-20T00:45:00,160.86,processing
09c30053-e8a4-43b5-9733-e50803cade9e,CUST0192,2026-01-20T00:52:00,2953.08,pending
7f03a117-d8dd-4da2-9f68-ae2918ea0979,CUST0362,2026-01-20T00:59:00,4293.59,completed
0f057ff1-9b12-4a0d-b0c2-a9169d5e21f6,CUST0242,2026-01-20T01:06:00,2808.27,cancelled
4f38d420-f468-4158-ba9d-41fab0f1736a,CUST0306,2026-01-20T01:13:00,1090.68,processing
e21de847-d012-456c-9f56-eebe7bd94fbb,CUST0312,2026-01-20T01:20:00,3455.12,cancelled
56cfe39f-6043-4574-b89f-2345909c197e,CUST0393,2026-01-20T01:27:00,2602.39,pending
4d710b7b-d27d-4ba5-beb8-444ba8dbaf81,CUST0213,2026-01-20T01:34:00,386.12,cancelled
72495bdd-23a0-40a2-86b4-80a9d45da160,CUST0047,2026-01-20T01:41:00,1372.02,refunded
b24aa92e-4b6f-49b9-87a9-3adf205f4d10,CUST0051,2026-01-20T01:48:00,3180.45,cancelled
9d19f92f-24dd-4074-b094-d01d3cda6420,CUST0007,2026-01-20T01:55:00,172.78,completed
debea3e3-e0ca-43c2-b62a-a18b5fb2d3e3,CUST0264,2026-01-20T02:02:00,4169.32,pending
333dce8e-c8f8-4512-afb2-9be252cc741f,CUST0213,2026-01-20T02:09:00,4116.11,pending
1cc98424-a50f-4ebf-85de-da73206c3e5c,CUST0336,2026-01-20T02:16:00,2539.61,refunded
0daeac93-40c6-4e34-a20f-dbc734715cbb,CUST0312,2026-01-20T02:23:00,4208.71,refunded
9fa7137c-5f22-4075-a347-d0339242a950,CUST0174,2026-01-20T02:30:00,1171.62,refunded
3878a8d8-3afb-4a9b-8372-1b2b06258088,CUST0152,2026-01-20T02:37:00,3233.14,refunded
7aa85ef2-6e39-47c4-8d6a-8b9d3283fe1f,CUST0357,2026-01-20T02:44:00,3902.21,refunded
a455f616-c6b7-49e2-8160-3aba9c20faa2,CUST0159,2026-01-20T02:51:00,1362.54,refunded
45c7549c-159d-4eda-871d-9ee1b124f233,CUST0478,2026-01-20T02:58:00,1801.44,pending
4ec0e6d5-2dc6-464a-8e78-8f1548d8eb3d,CUST0068,2026-01-20T03:05:00,4425.17,refunded
1177f665-e0d6-414d-99c6-aeb24818bc9a,CUST0451,2026-01-20T03:12:00,3329.82,refunded
3e472d68-17d7-4ba9-844e-8c15da1a0ae6,CUST0367,2026-01-20T03:19:00,2986.3,pending
354e218f-83a2-4d88-8a29-e028e3c8b8b9,CUST0217,2026-01-20T03:26:00,238.92,cancelled
75ac7825-bda0-4c66-b3a5-7269c912d840,CUST0456,2026-01-20T03:33:00,2242.71,refunded
513e2fe8-cc9d-4b12-b6dd-3458d987e448,CUST0247,2026-01-20T03:40:00,2081.29,cancelled
99b2eea2-c45f-4a25-a185-8ce8ff2be36c,CUST0239,2026-01-20T03:47:00,3444.34,cancelled
34eecdb5-7051-46a7-ac63-3ef44b3dc31c,CUST0122,2026-01-20T03:54:00,766.66,processing
400f46b4-2fb4-469d-9884-c6ff31b085f2,CUST0424,2026-01-20T04:01:00,3481.0,completed
ab56b416-2979-4c7b-9ae4-9b7a2296fd7c,CUST0050,2026-01-20T04:08:00,1587.56,refunded
3a910f23-be06-4645-aefa-6cdd866c0c6b,CUST0232,2026-01-20T04:15:00,3438.62,completed
7702d910-e36a-4560-9dd2-5c4f1ca0870f,CUST0007,2026-01-20T04:22:00,3853.59,refunded
672e2c1f-77cb-4cd2-9178-c3c007f444a0,CUST0159,2026-01-20T04:29:00,3892.56,pending
3b390cf1-5762-4c04-84f5-aca30d959d37,CUST0164,2026-01-20T04:36:00,3390.12,refunded
1c2d971d-814b-4de9-809f-aab582082cfe,CUST0214,2026-01-20T04:43:00,1586.8,processing
9960bdc9-90a3-4e27-87ba-2c9136315278,CUST0206,2026-01-20T04:50:00,2052.0,processing
28bf7cc7-5d26-43be-a8dc-b9cff05424a9,CUST0189,2026-01-20T04:57:00,4138.75,refunded
7668e6dc-5150-410c-b8d4-4ca1fb82cc33,CUST0204,2026-01-20T05:04:00,1902.57,processing
32d9a752-f14d-4c24-8f39-fe0ca5047df3,CUST0312,2026-01-20T05:11:00,3611.72,pending
da9955a2-6ece-40f6-b51f-4683f38691e0,CUST0299,2026-01-20T05:18:00,2996.76,cancelled
ff73a966-e8c5-4dae-9363-5b23686bca7a,CUST0171,2026-01-20T05:25:00,4100.91,completed
8590d071-64e0-44cf-9661-11c5a8618d26,CUST0406,2026-01-20T05:32:00,1411.5,cancelled
d7efbacb-d150-42d9-b44a-12ef34149719,CUST0461,2026-01-20T05:39:00,195.12,processing
196b3248-bf29-456b-92da-e15df92c37d0,CUST0229,2026-01-20T05:46:00,4585.83,processing
99ddb878-a2c3-408a-a76e-3894022c58f4,CUST0112,2026-01-20T05:53:00,3704.15,cancelled
7ee08dbc-db85-4598-b08d-fad367822886,CUST0232,2026-01-20T06:00:00,2845.28,processing
c7f4991e-9d04-4615-804d-515fa875dd9b,CUST0033,2026-01-20T06:07:00,1762.53,cancelled
c681d80f-fd9a-4c90-92c0-0ec5da2cd7da,CUST0042,2026-01-20T06:14:00,4602.58,pending
12c8c7d8-2b76-4f2e-a26e-a471af5a10e4,CUST0064,2026-01-20T06:21:00,134.12,cancelled
bb6bbfac-9a57-4a0a-b284-3250fa50b693,CUST0156,2026-01-20T06:28:00,2915.71,cancelled
d8c7241b-6c8c-489e-96d2-7fd4c247a04e,CUST0153,2026-01-20T06:35:00,4247.53,processing
1e43b5bd-fb95-41cd-9957-dc6157b71f0d,CUST0096,2026-01-20T06:42:00,3861.75,refunded
77bac9da-6124-44d6-8a21-fdbf42bb57f2,CUST0435,2026-01-20T06:49:00,941.55,processing
0281c7a7-4fbb-43ba-a754-eb04986efe30,CUST0067,2026-01-20T06:56:00,1410.99,pending
cf6a01bd-5116-40c9-b1fe-b0fe26ac820f,CUST0009,2026-01-20T07:03:00,3481.11,cancelled
f0d93a74-3cfe-4013-a441-2789dcf9bbbc,CUST0126,2026-01-20T07:10:00,2900.44,processing
95a2a717-8201-4f9a-9409-c2da6db16bb2,CUST0234,2026-01-20T07:17:00,2467.16,cancelled
3d682229-26d0-432a-a8d0-faff4645f242,CUST0161,2026-01-20T07:24:00,4158.42,refunded
8f367ff7-0086-4e2f-95d7-9cb112765e0d,CUST0460,2026-01-20T07:31:00,3872.27,refunded
049a7940-bc94-4a34-901e-50ac5a361b37,CUST0139,2026-01-20T07:38:00,628.09,refunded
3a983a22-f47f-4402-8a21-608a85a677d6,CUST0129,2026-01-20T07:45:00,2035.03,pending
5d867816-4f99-40b5-b895-7cc47fbdfce0,CUST0402,2026-01-20T07:52:00,2726.22,pending
6d9e3139-f4fb-4f53-a7ea-0456d10289ff,CUST0038,2026-01-20T07:59:00,3231.14,completed
78887452-5982-473d-a8d4-2566ba3a2a39,CUST0057,2026-01-20T08:06:00,3855.0,pending
ad33780c-8923-4bdd-a614-f146b39d60b0,CUST0497,2026-01-20T08:13:00,3207.19,processing
85e92c40-d5bb-4b25-ac05-e51b87f147eb,CUST0434,2026-01-20T08:20:00,2947.73,completed
8bd74479-a48b-447d-a9b3-5b9e62c81995,CUST0442,2026-01-20T08:27:00,1858.8,cancelled
eb971a6d-b252-4f34-a2de-18b7d1086334,CUST0114,2026-01-20T08:34:00,3275.91,refunded
86173748-4240-4fe4-801b-a32965dc3006,CUST0210,2026-01-20T08:41:00,2365.56,refunded
f2a65dc7-0273-4eef-8c6b-8f148b235476,CUST0469,2026-01-20T08:48:00,3053.13,processing
14122185-44b3-483b-99fc-2f5d8a328995,CUST0160,2026-01-20T08:55:00,2882.69,completed
376dbfef-aa06-42bf-b857-67007767983d,CUST0147,2026-01-20T09:02:00,2320.27,processing
e2c58898-f052-4406-9ed0-e9834be8f0b6,CUST0168,2026-01-20T09:09:00,974.13,pending
553f6f6e-d793-4cbc-95bf-d92befa23af0,CUST0093,2026-01-20T09:16:00,386.44,refunded
d532b2a5-eed6-472c-8b36-73c0efa0d15d,CUST0474,2026-01-20T09:23:00,2544.35,pending
8e74f166-349b-4855-afb9-7bce1a1756ce,CUST0174,2026-01-20T09:30:00,4241.9,cancelled
50147823-03e5-4aef-98ac-486ff1910285,CUST0373,2026-01-20T09:37:00,915.79,completed
1b593790-12f8-4a36-9e1f-ce6b7b8c676b,CUST0103,2026-01-20T09:44:00,2815.72,completed
a5f715e8-f34a-4149-b809-5fc8187be644,CUST0204,2026-01-20T09:51:00,1017.8,refunded
872e047a-4eb8-4b7f-893c-2957f7fc1ddf,CUST0003,2026-01-20T09:58:00,2702.68,pending
febcba6b-75f0-405e-a319-c47298a5ccfe,CUST0094,2026-01-20T10:05:00,518.84,completed
744bf7cc-727a-4df9-8a3f-7ac0790b1f0c,CUST0190,2026-01-20T10:12:00,4908.3,refunded
85591d00-fab7-4533-aac2-510bbaaa4608,CUST0248,2026-01-20T10:19:00,4720.03,completed
f57c2e12-77c7-42eb-97d6-ff8fa164c4ec,CUST0471,2026-01-20T10:26:00,1386.89,cancelled
1be24651-9927-438a-ad77-f60efaa715e4,CUST0332,2026-01-20T10:33:00,4045.19,completed
87c7f4d6-f90d-44e3-9c3d-4a4cfd9b54e7,CUST0213,2026-01-20T10:40:00,3075.73,processing
82c7ec72-99a3-482b-beb6-acc8c4a101d0,CUST0173,2026-01-20T10:47:00,1322.86,pending
3ea27f35-7d32-47a3-8b7a-ee88f23aebd2,CUST0153,2026-01-20T10:54:00,1681.38,refunded
5effbfc3-931f-4240-be69-a8838b5b984c,CUST0475,2026-01-20T11:01:00,4258.05,completed
14d611c4-15ba-40a8-be69-49cc69845092,CUST0177,2026-01-20T11:08:00,4877.96,pending
eba21531-c164-4160-b6d8-1c002cff52fb,CUST0259,2026-01-20T11:15:00,2308.39,completed
febc9c6c-0ab4-40b3-af5f-3c082213b96b,CUST0377,2026-01-20T11:22:00,4203.65,pending
0e5222ba-4d54-4b14-b0c6-25ec8568798b,CUST0341,2026-01-20T11:29:00,383.45,processing
ec25cd92-ab8b-4398-bfe1-d2e23edc66da,CUST0027,2026-01-20T11:36:00,1533.92,processing
759687bf-23bb-42f6-8c02-4f91f6bfdaa8,CUST0074,2026-01-20T11:43:00,4331.08,cancelled
1233bff8-2057-4c17-a8a0-c096a4cf1180,CUST0032,2026-01-20T11:50:00,378.94,refunded
47103236-125d-457b-862e-0aee18ce0e31,CUST0210,2026-01-20T11:57:00,1312.41,completed
774424fe-ccbe-439b-8d04-0e3a197d79e2,CUST0066,2026-01-20T12:04:00,3853.65,completed
ed94ead9-5f7d-4be7-b09b-91cee0833e8e,CUST0373,2026-01-20T12:11:00,2597.68,processing
2b046cde-f73f-4606-93aa-c79319bfa6cf,CUST0356,2026-01-20T12:18:00,3795.57,pending
b5cd9d3d-8377-4a05-9284-d0afe6567bb7,CUST0110,2026-01-20T12:25:00,1453.18,completed
ba733c6a-4687-494a-9f4c-783f0ac0fa2d,CUST0110,2026-01-20T12:32:00,1896.08,completed
f549fd35-4734-4866-b9a9-8684537205a9,CUST0394,2026-01-20T12:39:00,2453.88,cancelled
db98c242-f27c-4e26-ab30-f1089c7b8781,CUST0078,2026-01-20T12:46:00,1551.5,completed
724c1848-0a75-4afa-9b2a-c7cf520cc519,CUST0140,2026-01-20T12:53:00,628.79,processing
0c8e9dbc-da58-4304-afe5-b63e58bcb453,CUST0184,2026-01-20T13:00:00,4025.32,pending
24198652-c10f-48de-b888-73302236080b,CUST0149,2026-01-20T13:07:00,4032.26,pending
98465637-ab0a-4246-9e74-135a953409d8,CUST0110,2026-01-20T13:14:00,2300.63,cancelled
b5b2d958-47c7-4355-8c07-f3d66d6ba274,CUST0216,2026-01-20T13:21:00,4141.08,completed
8882f1b9-04f9-4a91-943d-4cc472adbcfc,CUST0427,2026-01-20T13:28:00,3961.42,cancelled
cb7ac7a3-1672-4f01-9d9d-8bd2f1aa3a8f,CUST0241,2026-01-20T13:35:00,2977.29,completed
cec1f440-07ec-4566-96e1-69e11d44fd81,CUST0325,2026-01-20T13:42:00,1570.67,refunded
2bd6191c-4c7b-4e67-a14f-5a812401fc88,CUST0133,2026-01-20T13:49:00,4428.94,pending
4c0286d6-ebfd-4939-a873-ab3ecc82530e,CUST0205,2026-01-20T13:56:00,3487.56,processing
4056d8ee-c91a-4490-995c-b6d7238460fa,CUST0210,2026-01-20T14:03:00,4837.95,processing
d3630fd4-9d8e-4219-a6c5-4c81ea06c123,CUST0476,2026-01-20T14:10:00,4143.44,completed
4f8b8a46-0d55-4446-a583-83dc21c754a9,CUST0147,2026-01-20T14:17:00,583.73,refunded
10164e5d-f866-4819-b8e1-710d30fb9f69,CUST0421,2026-01-20T14:24:00,260.62,processing
6908a692-2025-4b4c-80c4-5983ef846950,CUST0241,2026-01-20T14:31:00,1846.81,processing
be9ff469-1dae-4277-b569-cf5596c3e413,CUST0119,2026-01-20T14:38:00,86.99,processing
222d1274-3f00-4de1-a3f4-3a6a34f849c1,CUST0071,2026-01-20T14:45:00,1587.98,completed
77c95979-9b2d-45eb-b108-afd83fb90d21,CUST0158,2026-01-20T14:52:00,4396.68,processing
1d79bf53-a812-4c2d-bf8c-8cb6d975ad7c,CUST0363,2026-01-20T14:59:00,4162.22,cancelled
d0145d72-95a2-4c6f-bf15-4453523641a2,CUST0024,2026-01-20T15:06:00,1183.1,processing
e742939a-b2d0-4af1-8b80-e9d3bcd2672f,CUST0248,2026-01-20T15:13:00,1874.27,refunded
0c1f2dc4-77b0-4c65-8273-1c9effaaf50e,CUST0003,2026-01-20T15:20:00,893.19,refunded
d959225c-9b3f-4cdb-8e64-cfd8a167a7d2,CUST0089,2026-01-20T15:27:00,982.97,processing
0b591785-54c6-4018-878f-a48b428482ce,CUST0042,2026-01-20T15:34:00,1479.35,cancelled
e4a32f27-6dce-4876-981b-135f5b003e27,CUST0139,2026-01-20T15:41:00,3004.15,completed
67d094d2-5355-45f0-a7d8-6aaecdc22e8b,CUST0143,2026-01-20T15:48:00,647.83,refunded
4942932c-63a4-41a9-b962-7c44e63b3d20,CUST0147,2026-01-20T15:55:00,1872.91,processing
2ff4b5a2-a3f0-4925-84a6-c71474c2359d,CUST0247,2026-01-20T16:02:00,78.07,cancelled
4757b9ed-c0a7-49e4-8ab8-c6e743cbe5fa,CUST0418,2026-01-20T16:09:00,1225.26,completed
e8744656-aaa5-4cee-9140-232c0aa4d0cc,CUST0272,2026-01-20T16:16:00,3558.06,completed
41479aa7-6055-46a1-ae11-07ba52daa02a,CUST0432,2026-01-20T16:23:00,1714.33,refunded
a79a3a7a-241f-4f46-9722-9ba134e0a9f5,CUST0233,2026-01-20T16:30:00,3127.46,completed
39a6cef6-b734-42d8-90db-6dce47eb0016,CUST0172,2026-01-20T16:37:00,211.99,refunded
0a9ada6d-2f00-4b95-84c9-360bd3ac713c,CUST0254,2026-01-20T16:44:00,4317.0,pending
38b11bd8-c623-4608-935f-c7f8e71f515a,CUST0404,2026-01-20T16:51:00,1716.2,cancelled
6a6da279-53e2-4355-bc98-9a07f435a4f1,CUST0471,2026-13-45,99.99,completed
811edcbe-db67-4cd0-a4dc-fa9cbdf33a48,CUST0073,2026-01-20T16:58:00,968.09,processing
77e09492-b2d9-4c13-8dcc-ee59ca97b1c0,CUST0399,2026-01-20T17:05:00,1476.71,completed
f96a2d35-ef51-46b6-81de-051e416db0a7,CUST0060,2026-01-20T17:12:00,4506.84,completed
f854acda-ad08-4f0c-8e79-574a24b8ce2c,CUST0373,2026-01-20T17:19:00,198.46,refunded
d61d2b9e-e51a-4756-aec9-ad73dd64abec,CUST0400,2026-01-20T17:26:00,2018.21,completed
de3d7038-03c3-4df2-bbbf-89584877d11b,CUST0219,2026-01-20T17:33:00,2496.2,refunded
5b538271-ed19-4ee9-92af-1b5a584a1751,CUST0062,2026-01-20T17:40:00,3942.97,completed
f3a84336-20b4-45b1-aed7-a272e408f797,CUST0216,2026-01-20T17:47:00,2101.51,pending
097764ab-15b2-4653-9b87-7c122a09f8a1,CUST0019,2026-01-20T17:54:00,1866.34,pending
4a291d07-27e1-44b5-955a-08a9442d7d46,CUST0111,2026-01-20T18:01:00,4606.36,processing
b5470182-753c-4ffc-a427-5dc151026838,CUST0064,2026-01-20T18:08:00,4158.62,completed
56ff8513-a8bf-4251-b183-ca0fda92efb7,CUST0339,2026-01-20T18:15:00,2994.36,processing
a8226580-4534-4cee-856f-9097fe7b5eff,CUST0190,2026-01-20T18:22:00,1872.8,processing
f895cd4c-bfce-49b8-b660-efbc6aeb004d,CUST0179,2026-01-20T18:29:00,4253.32,completed
79fe54e4-ec80-48e7-a418-80177c3197aa,CUST0066,2026-01-20T18:36:00,543.26,pending
1c4491ca-55d3-42be-b83e-071f66f102b4,CUST0389,2026-01-20T18:43:00,311.06,cancelled
b700cb61-b12b-43ed-8ce1-a3094e7829c4,CUST0189,2026-01-20T18:50:00,85.61,refunded
964098ed-684f-43c5-a743-b4438601b9d8,CUST0460,2026-01-20T18:57:00,3485.09,processing
b43b8b88-4d95-49a0-814c-903efccbdbc1,CUST0003,2026-01-20T19:04:00,3907.46,refunded
ec2876ff-b170-4b36-bf7b-c03e93b1ccd4,CUST0052,2026-01-20T19:11:00,3325.68,processing
27c612ea-e2d5-46ed-bfc6-9c5f447dfd64,CUST0418,2026-01-20T19:18:00,2712.9,refunded
a465c684-73a3-44d1-8740-00e52d6a2df3,CUST0215,2026-01-20T19:25:00,4947.08,pending
b3e8d09b-79fc-495f-80a0-9a9ca37e4df3,CUST0062,2026-01-20T19:32:00,1214.41,completed
5d7530d9-757a-4533-aeec-55660b2c0f07,CUST0269,2026-01-20T19:39:00,4994.8,completed
7cfdd17d-ea4f-44d4-91d8-feb069bee5aa,CUST0399,2026-01-20T19:46:00,2026.64,refunded
47f446b6-9697-4ef3-bb6d-0a502dba533c,CUST0049,2026-01-20T19:53:00,3173.67,cancelled
e7e72cba-574c-43a1-b7c8-e59eeef8bba5,CUST0214,2026-01-20T20:00:00,777.25,refunded
f6af2fda-6f62-4a56-865f-c95a76b3ba71,CUST0086,2026-01-20T20:07:00,4549.65,refunded
df9bd840-537e-4636-8fb8-204d2a93b984,CUST0140,2026-01-20T20:14:00,973.49,completed
7dd55efc-b864-4bbc-8216-d7e3dd10b3e1,CUST0254,2026-01-20T20:21:00,2887.27,completed
1dd394da-b943-4810-b3c7-087aa22f7c57,CUST0350,2026-01-01T00:43:00,75.00,not_a_real_status
4e9a31e8-79c0-435d-a8e8-a0becb033151,CUST0289,2026-01-20T20:28:00,3934.58,pending
5d9f6f86-267e-4730-984e-724eb55f6494,CUST0099,2026-01-20T20:35:00,562.25,processing
a7e92f30-9909-45ce-ba27-0e0b4f709913,CUST0143,2026-13-45,99.99,completed
7bb436e8-ade1-49c6-b564-41e864692fff,CUST0317,2026-01-20T20:42:00,2596.88,pending
07981f5e-18f4-481b-a269-3ed43cb363db,CUST0268,2026-01-20T20:49:00,4147.41,pending
19658c05-0bc9-41bf-a74c-1544a8072334,CUST0036,2026-01-20T20:56:00,3516.36,cancelled
df95dadf-1945-4077-afa3-2d400d0f08b0,CUST0146,2026-01-20T21:03:00,4341.05,pending
707a7e20-4157-4be3-9bb7-192e5d95de4b,CUST0073,2026-01-20T21:10:00,2444.14,refunded
4b3d712c-b70b-41ca-b428-d3f6f5afe012,CUST0170,2026-01-20T21:17:00,3730.21,completed
184570ee-5ab2-4795-b692-32ab6781a09f,CUST0111,2026-01-20T21:24:00,333.39,processing
77350c53-612f-4c9b-b5ff-a9422ca77be2,CUST0306,2026-01-20T21:31:00,992.85,completed
0a17d728-c18b-45a5-9962-676e2aa43387,CUST0011,2026-01-20T21:38:00,4319.51,pending
40cf0757-23e6-4015-aa63-43fca7075ccd,CUST0297,2026-01-20T21:45:00,4797.01,completed
efaa5529-9e71-48fa-8777-7e31016a7b00,CUST0097,2026-01-20T21:52:00,3454.39,cancelled
d52060c2-78f7-4e4a-9b59-6e6e7d922aed,CUST0080,2026-01-20T21:59:00,1290.64,completed
6389aadb-a876-42cd-a41f-3ec2ce626de0,CUST0194,2026-01-20T22:06:00,2383.91,processing
0d7f432d-9094-4f39-85e5-e76a05a147c8,CUST0053,2026-01-20T22:13:00,4863.13,processing
0d02b539-857e-449d-a70d-edec707bfe0e,CUST0439,2026-01-20T22:20:00,3588.69,cancelled
ef919ec1-1c2d-46bd-a9a2-b85b91cfb4ea,CUST0233,2026-01-20T22:27:00,2264.02,refunded
06f2ff95-751b-4ea7-a2fa-bfa49d2681ec,CUST0081,2026-01-20T22:34:00,350.3,cancelled
6f6e48be-e620-4584-befa-10e0f5ae9e12,CUST0071,2026-01-20T22:41:00,1379.86,processing
8487e61c-0afa-4bb7-85e3-b2b6a4ed14a3,CUST0261,2026-01-20T22:48:00,4205.53,completed
1d8bdff2-4c6d-4749-a9a4-90f970a8ca0f,CUST0165,2026-01-20T22:55:00,3769.01,pending
46bee93a-9994-4a3e-9b92-c05293a8cf0f,CUST0373,2026-01-20T23:02:00,860.71,cancelled
911f7992-862b-4a34-98c3-e751598ce07c,CUST0162,2026-01-20T23:09:00,976.16,pending
c5eabaec-9e3d-4094-b0f3-ccd1fded8a64,CUST0353,2026-01-20T23:16:00,1598.43,cancelled
fcb84413-acce-459f-9448-7f753611da37,CUST0241,2026-01-20T23:23:00,3077.71,refunded
61ebb94f-26a6-44a8-9872-b7a93435a1ca,CUST0356,2026-01-20T23:30:00,4363.7,refunded
fd8ac817-adef-40a5-b831-0561541bab9d,CUST0457,2026-01-20T23:37:00,3988.88,processing
cb174f76-764e-4710-b82a-faf78ccc065e,CUST0364,2026-01-20T23:44:00,2391.91,cancelled
866ef4fd-a054-4620-867d-b337078f534b,CUST0402,2026-01-20T23:51:00,79.22,completed
1c2de0ee-2fb6-446f-bbbf-b0b362de91e1,CUST0005,2026-01-20T23:58:00,3189.05,cancelled
ff95d5f3-4cc2-4ac0-a99b-067717ad2ecf,CUST0491,2026-01-21T00:05:00,47.54,cancelled
3be622f2-2f63-4c8d-80e3-a46ef00ea4d2,CUST0217,2026-01-21T00:12:00,2919.93,pending
e12c4601-6361-42bb-b57a-d7a9eb64f548,CUST0411,2026-01-21T00:19:00,4855.62,refunded
6597e0e7-e660-4d46-b7e9-22946446c1d8,CUST0017,2026-01-21T00:26:00,3439.64,cancelled
b6fa3921-2d78-453d-87e8-8baad2daff6f,CUST0499,2026-01-21T00:33:00,2324.68,completed
358737e1-1567-4f03-9fcf-4b33c8d12b6e,CUST0148,2026-01-21T00:40:00,1176.54,refunded
88ed1d77-1147-4da7-940d-635ad87f478a,CUST0009,2026-01-21T00:47:00,126.36,refunded
019ffefb-a82c-4d5e-a384-ea17cda1796a,CUST0463,2026-01-21T00:54:00,614.65,completed
689eb507-2917-42ee-87c9-b7a493df6130,CUST0372,2026-01-21T01:01:00,1263.52,completed
459ec9e7-b746-4fda-aad6-bd144c23aae6,CUST0456,2026-01-21T01:08:00,1679.43,processing
484bf3ba-7e3f-4c4f-ac21-ba567fe38dfc,CUST0005,2026-01-21T01:15:00,4223.97,processing
32b753a0-d9e8-4b80-9cc0-d1574c00e015,CUST0289,2026-01-21T01:22:00,3572.78,pending
2a9fafef-eb58-4825-9011-a6de8d84cc48,CUST0107,2026-01-21T01:29:00,3066.06,refunded
c64fb491-373f-4851-a35f-a74836cb3c1d,CUST0307,2026-01-21T01:36:00,640.99,cancelled
0baac790-6ee5-45c8-9fc1-2d9caeef944a,CUST0170,2026-01-21T01:43:00,4624.22,cancelled
3bdf3677-3738-4134-a591-7b3059ba16d8,CUST0016,2026-01-21T01:50:00,3370.55,cancelled
960453db-c9a9-46f2-8fe8-2f3ab60bb30b,CUST0384,2026-01-21T01:57:00,1225.81,refunded
819db77a-d2ae-4275-918f-df9c243d4380,CUST0390,2026-01-21T02:04:00,4406.78,refunded
929a9179-d171-4b73-bc79-d203dcf4ea0b,CUST0378,2026-01-21T02:11:00,3122.72,processing
95492d5f-5d36-4be3-ab57-277375ed2b79,CUST0375,2026-01-21T02:18:00,2018.9,processing
db6b2ee9-0646-4c4e-bb2c-067106e88d92,CUST0038,2026-01-21T02:25:00,780.24,completed
82b1e4e3-a0fe-4efd-8bbe-e773d46af242,CUST0123,2026-01-21T02:32:00,2150.36,pending
b3f21709-3973-4b81-8c1d-b55f52632827,CUST0321,2026-01-21T02:39:00,4723.53,processing
13aefa6f-9df5-4fa8-af22-cf062b630286,CUST0200,2026-01-21T02:46:00,4803.32,pending
6bbcb932-5b2f-41cd-ac8f-fb18cad1c335,CUST0445,2026-01-21T02:53:00,2500.1,completed
305d5f6d-80c6-4b59-879a-961a7decd209,CUST0137,2026-01-21T03:00:00,440.1,pending
6e892be7-60c1-4c85-9f47-85c0bb377a09,CUST0125,2026-01-21T03:07:00,3267.05,refunded
27414d12-c9bb-453e-aa39-b2b31795f508,CUST0158,2026-01-21T03:14:00,2554.93,pending
b0aa21d4-116b-4ca4-9119-f8e23e3a2ad1,CUST0426,2026-01-21T03:21:00,1977.76,refunded
66e5e2ae-fde2-4370-9b51-632e15bfa89f,CUST0440,2026-01-21T03:28:00,4013.69,completed
8c689d86-01c0-4852-8268-7d40451826e4,CUST0085,2026-01-21T03:35:00,1747.18,processing
a970f267-e07a-415d-a783-28bceb2140b7,CUST0489,2026-01-21T03:42:00,1542.3,completed
686b76fb-5d87-4bb1-a4ac-e29d7c00fd9f,CUST0104,2026-01-21T03:49:00,3552.28,cancelled
2ea733d8-6bef-4a8a-bcfe-09703c6fdbf6,CUST0384,2026-01-21T03:56:00,953.22,refunded
de787d2e-a070-4d3b-bc5e-1c2bf6ce3d68,CUST0181,2026-01-21T04:03:00,1416.31,pending
7b92e6ce-8d13-4099-a87e-e51d63fdd0dd,CUST0274,2026-01-21T04:10:00,997.72,processing
f8a53476-37ef-49eb-b56f-6543cd173579,CUST0037,2026-01-21T04:17:00,3826.76,pending
c41c0ca5-ed14-40dd-9d37-9b06d48fb0e8,CUST0370,2026-01-21T04:24:00,2397.76,cancelled
a1a436ba-20e7-4b32-9dec-b1967ec645b9,CUST0466,2026-01-21T04:31:00,96.13,completed
81021871-abc2-49c8-a425-651799396c67,CUST0318,2026-01-21T04:38:00,4517.18,refunded
92a819b7-2a63-4dd1-911c-f40084f30800,CUST0358,2026-01-21T04:45:00,3926.15,refunded
47c0ab0f-f54f-4770-bf27-6b164ac06bb1,CUST0328,2026-01-21T04:52:00,4629.65,pending
4bf07f49-ce53-43dc-b4af-29b7f733475a,CUST0056,2026-01-21T04:59:00,4403.57,completed
91f59c95-05da-46bf-88a2-ff0d6ef84a79,CUST0299,2026-01-21T05:06:00,123.08,processing
0a54be42-d4bd-4143-98c5-e9cc16d4232f,CUST0061,2026-01-21T05:13:00,4301.65,cancelled
6f300698-bdaa-4615-9c31-3f3b3f63057f,CUST0365,2026-01-21T05:20:00,939.38,pending
ad2baaf2-d340-47ed-8858-9027a1f1690b,CUST0459,2026-01-21T05:27:00,2227.85,processing
6cf7f4b1-8768-4549-b4c5-4ce99feffe77,CUST0062,2026-01-21T05:34:00,1490.69,refunded
6a1c03bf-6436-4b01-a347-389965972077,CUST0302,2026-01-21T05:41:00,424.17,refunded
a4291e85-ad86-459e-bf97-53f5104719dd,CUST0260,2026-01-21T05:48:00,3272.16,processing
27bd8f7d-8c0a-446d-b247-ac8b82efdba0,CUST0310,2026-01-21T05:55:00,264.21,processing
a23c17f3-f9f8-4c7f-a499-4d580405b7db,CUST0052,2026-01-21T06:02:00,833.91,processing
81e97e0f-3937-4b45-9a51-b660b7c9187a,CUST0195,2026-01-21T06:09:00,4692.01,refunded
260c8e80-29c0-4834-816d-86479531f83b,CUST0115,2026-01-21T06:16:00,922.42,cancelled
bed7228b-b5d8-46d4-acf1-d9f82e34e888,CUST0391,2026-01-21T06:23:00,708.18,refunded
dc1c6586-e41f-4e59-b77f-06d30b5a6b5b,CUST0357,2026-01-21T06:30:00,4659.86,processing
1cdf1f54-40f0-437a-b87b-7db8313288bb,CUST0140,2026-01-21T06:37:00,3450.84,refunded
ac643197-ae5d-4393-beeb-2fc95d5c14c5,CUST0470,2026-01-21T06:44:00,3969.5,completed
4dc7a441-3d37-4f12-bfbf-5fc781d2126b,CUST0409,2026-01-21T06:51:00,2586.08,processing
e0d8ebd4-439e-4dc2-980f-b8b4ecd06156,CUST0292,2026-01-21T06:58:00,3933.45,processing
ba13156c-290e-467c-af11-fedb76705a24,CUST0133,2026-01-21T07:05:00,2519.79,processing
bb56298c-50b6-42c1-9719-932aff519146,CUST0391,2026-01-21T07:12:00,2187.85,completed
af98440e-1108-4ccb-b624-a6aa7fc831e8,CUST0084,2026-01-21T07:19:00,2179.52,cancelled
f84af8e2-2d7d-429d-b303-1288b31a2e3c,CUST0347,2026-01-21T07:26:00,297.22,processing
a528e92f-8e3e-4dbe-823d-bc28795648c3,CUST0079,2026-01-21T07:33:00,2925.37,cancelled
94d20255-92e7-4b13-8da1-f6c2775379a8,CUST0424,2026-01-21T07:40:00,2001.93,cancelled
a7ad53c1-9df8-4217-a985-66c185123fb1,CUST0263,2026-01-21T07:47:00,1554.06,cancelled
5f48c2ce-26cb-457f-8955-bd8dfb28de8c,CUST0168,2026-01-21T07:54:00,4364.93,pending
47a55a80-b5d6-4469-8ea2-a19ae7f0fd84,CUST0282,2026-01-21T08:01:00,4221.25,cancelled
3ba4b820-d178-4d53-bd3c-de608641b74e,CUST0285,2026-01-21T08:08:00,2944.96,cancelled
2882309e-789d-4270-bc7f-27fc370bde16,CUST0423,2026-01-21T08:15:00,4187.22,completed
eeaecdc5-a5a1-4634-938f-9bf7f654db15,CUST0013,2026-01-21T08:22:00,3336.88,completed
8465f6ef-a455-4d18-a670-010f120c61af,CUST0325,2026-01-21T08:29:00,2895.89,processing
929efb3b-d56d-43b3-bb8b-10dd5513b6c8,CUST0019,2026-01-21T08:36:00,3961.76,refunded
8ab4c543-d760-4d5b-8681-2426e879f985,CUST0492,2026-01-21T08:43:00,1333.49,cancelled
6fe2f0bb-538a-4d56-83c1-37231921e8da,CUST0267,2026-01-21T08:50:00,2619.51,refunded
b47d2d90-75c5-40b0-890d-6c8428f955c5,CUST0237,2026-01-21T08:57:00,18.72,completed
640aea8d-17e6-4b5e-a469-3f1b175c1603,CUST0283,2026-01-21T09:04:00,965.37,pending
ff1b9255-abb5-4d76-b387-794b2fcf6a40,CUST0448,2026-01-21T09:11:00,3486.08,pending
9f896c78-ee0d-497b-acb5-f1d1e33c9e45,CUST0179,2026-13-45,99.99,completed
fba56612-69f6-40f5-91ba-a87f4f994986,CUST0030,2026-01-21T09:18:00,2152.28,pending
eb027464-b708-47e1-bd80-09a303a4c9f4,CUST0342,2026-01-21T09:25:00,2367.95,completed
8c585351-5553-4a3e-afc8-1564b70839d7,CUST0027,2026-01-21T09:32:00,2718.38,completed
251c762d-faab-4b57-82fe-d47928f8b476,CUST0287,2026-01-21T09:39:00,1869.66,refunded
b0730961-69e4-4dbe-af07-8ca88ec2ec65,CUST0127,2026-01-21T09:46:00,62.5,processing
65efc0ea-f614-4bc5-9f7f-66977121b880,CUST0383,2026-01-21T09:53:00,1046.37,processing
de70d038-add7-48a2-8797-061dca00d32e,CUST0066,2026-01-21T10:00:00,4016.07,completed
ec6d0a28-09e0-42b4-b6ad-39bfd0eae96b,CUST0495,2026-01-21T10:07:00,2699.06,processing
23ed0ba7-cb59-4b4b-a79d-3c79d0b2ebcc,CUST0382,2026-01-21T10:14:00,4324.58,processing
34fa860d-8db7-4192-99c9-1f6e562888f2,CUST0451,2026-01-21T10:21:00,4556.98,refunded
4d6b4fdd-fb97-4df7-b909-27834f29599a,CUST0204,2026-01-21T10:28:00,727.42,pending
f13b4adb-4e40-483e-8066-ecb6eec890e1,CUST0273,2026-01-21T10:35:00,1436.98,pending
f19fa0d0-8b9f-4fa7-966d-00f89e0ce120,CUST0174,2026-01-21T10:42:00,4356.4,completed
a79034e5-969e-4e91-807c-c6d64823bc51,CUST0393,2026-01-21T10:49:00,2675.54,processing
58358cfa-a0cc-40ac-9af5-5e912a2e4c3f,CUST0354,2026-01-21T10:56:00,1754.43,processing
93c8790c-afb3-485f-b49b-47fcf247a9c8,CUST0381,2026-01-21T11:03:00,1473.65,cancelled
58bcca72-8f80-4f9e-a2cb-f3603dac85dd,CUST0118,2026-01-21T11:10:00,4591.43,cancelled
f273a49b-7bbb-4329-841c-a69163a8a4a4,CUST0024,2026-01-21T11:17:00,918.55,completed
e3b649a8-575d-4a2a-befd-2204fe2f0399,CUST0151,2026-01-21T11:24:00,1719.93,refunded
c3b7e402-6fd8-4778-8279-8a1c8c6c7b10,CUST0284,2026-01-21T11:31:00,1848.2,pending
5e1bbb43-6d52-40be-a442-d3f148a850e5,CUST0412,2026-01-21T11:38:00,4787.16,processing
ebcd68d7-fc95-467e-aaae-0175ae98e691,CUST0204,2026-01-21T11:45:00,3206.14,processing
b54f8c25-fc58-409b-af00-0b311f3c2a3f,CUST0268,2026-01-21T11:52:00,2867.56,pending
e2e2d3ec-ebc1-49f6-b491-74cf0fc88488,CUST0356,2026-01-21T11:59:00,1162.13,processing
c855091f-d5f8-4e3f-bf84-a40f1e60e6c0,CUST0322,2026-01-21T12:06:00,4316.37,refunded
29747c8a-2d54-4a4c-afac-236d7649b760,CUST0468,2026-01-21T12:13:00,803.57,refunded
13861142-1268-4a1c-9fd2-df926e622780,CUST0180,2026-01-21T12:20:00,2570.87,refunded
90465536-1c7b-45d0-8d16-f702761faf11,CUST0342,2026-01-21T12:27:00,1456.66,refunded
4a4e7ab9-c132-4884-8ce2-29dfc6c7c22f,CUST0286,2026-01-21T12:34:00,1360.41,cancelled
77811bb4-82c2-49a1-89d4-4a4d31d144d6,CUST0492,2026-01-21T12:41:00,3838.8,pending
cd3c44b3-33bf-4726-91bf-dfd79ca28ed3,CUST0253,2026-01-21T12:48:00,907.31,refunded
072244a1-caeb-4fda-8cc6-6ab7c874ccc5,CUST0471,2026-01-21T12:55:00,3478.71,pending
2afb552d-344f-46d5-988a-5a81c7aa69d8,CUST0130,2026-01-21T13:02:00,1512.14,processing
08b642b4-e07c-42ab-9904-43b2bfe7d248,CUST0255,2026-01-21T13:09:00,765.35,processing
aa4a1561-b007-4952-84ee-222600282087,CUST0320,2026-01-21T13:16:00,1380.37,processing
da8417f8-059c-4205-b683-87a8a52fba1f,CUST0438,2026-01-21T13:23:00,728.05,processing
c3b1fd72-9c2b-4545-aa57-daf09b34ecfc,CUST0069,2026-01-21T13:30:00,4670.93,processing
4510835a-5682-4d44-aacb-6ccbc0fe1db7,CUST0258,2026-01-21T13:37:00,2298.83,cancelled
a8dbd55a-7c29-4389-8275-91a89fcfd976,CUST0024,2026-01-21T13:44:00,34.44,cancelled
e070ce15-5b73-4b4d-8524-b224ea05e33c,CUST0117,2026-01-21T13:51:00,1304.68,processing
16d4d28c-be03-4a20-b74d-2b086ccedc9b,CUST0133,2026-01-21T13:58:00,1933.14,completed
3151de53-3da4-440d-8277-dec263fdbcaf,CUST0008,2026-01-21T14:05:00,3133.73,processing
93767ff5-cf21-4d0a-8abe-e41e02311350,CUST0048,2026-01-21T14:12:00,3053.31,refunded
b95c8e4c-991a-4884-8f6c-9784e7dff100,CUST0398,2026-01-21T14:19:00,696.04,pending
b6c900c6-e2c2-4896-b9a9-9dc479234152,CUST0077,2026-01-21T14:26:00,2366.19,cancelled
43ce40f0-3d9b-47c8-a868-188410c18a47,CUST0116,2026-01-21T14:33:00,3277.45,refunded
8da2360b-cd37-4810-bfdd-e066d1eaeb30,CUST0166,2026-01-21T14:40:00,4097.77,pending
07804869-0313-4822-9f02-461d3d243cbd,CUST0486,2026-01-21T14:47:00,2993.66,cancelled
afe462e6-ad83-4e33-a640-06e469e955c8,CUST0347,2026-01-21T14:54:00,4622.17,processing
7a47571f-14ad-4cdf-bf72-18f66d8da6dd,CUST0168,2026-01-21T15:01:00,4012.9,pending
60da6234-c640-4c10-a18e-e4e04ae3b682,CUST0007,2026-01-21T15:08:00,4995.86,completed
b738c9af-7c81-4e53-8b66-ffe134b79794,CUST0500,2026-01-21T15:15:00,4419.63,processing
27183878-bb29-4ab4-90b2-467d03ff685d,CUST0473,2026-01-21T15:22:00,4535.59,completed
93473f57-2fd9-4db0-bc43-05ba9af16332,CUST0437,2026-01-21T15:29:00,438.15,cancelled
46860329-2eff-4ef1-971e-3f8d2f106529,CUST0017,2026-01-21T15:36:00,539.13,processing
2ec51ef9-e71d-4ea9-8396-a1e6841f1c3f,CUST0269,2026-01-21T15:43:00,2668.5,pending
6a3e3758-38ae-4a13-b23f-692d31d03c77,CUST0468,2026-01-21T15:50:00,4760.68,cancelled
21cb0a5b-51f3-4c4a-b49f-286aa6061d9f,CUST0408,2026-01-21T15:57:00,2392.21,processing
a3839c9a-5928-4db4-82f8-ed3e84248eff,CUST0108,2026-01-21T16:04:00,2590.79,refunded
2bde14a9-49fe-426d-b63e-cb56ba45c371,CUST0235,2026-01-21T16:11:00,956.57,pending
a88260fd-f1b1-4917-aad6-b8330241261a,CUST0293,2026-01-21T16:18:00,1214.81,completed
70a99f89-c380-4002-ac40-1f09d69dbd97,CUST0074,2026-01-21T16:25:00,1063.56,pending
fed65336-afed-42a0-8a6e-6efe33025853,CUST0115,2026-01-21T16:32:00,2917.43,processing
320931c8-cdff-489d-b594-54e5a74704f3,CUST0321,2026-01-21T16:39:00,4492.32,refunded
3dd46e30-20a4-4562-ac94-1e113a20bec8,CUST0010,2026-01-21T16:46:00,4613.7,cancelled
a2c549d9-53a3-431c-8ec9-57e570cbbf98,CUST0190,2026-01-21T16:53:00,3116.15,processing
a547dd3d-25df-4882-91da-35e8b5fd1855,CUST0049,2026-01-21T17:00:00,4390.79,processing
a9f246df-2aaf-4c7a-9076-ce26ed75c5a2,CUST0216,2026-01-21T17:07:00,909.94,pending
3eff8c27-7439-4408-b267-efcea45c8f45,CUST0165,2026-01-21T17:14:00,4730.43,refunded
b85a0ac2-6087-458b-a7a9-3d353f43ef12,CUST0153,2026-01-21T17:21:00,3556.83,processing
dfb78682-98ae-4984-b493-7885034a8397,CUST0442,2026-01-21T17:28:00,1585.51,refunded
ceac1e13-cbc1-4d8c-a3eb-2b89311308e9,CUST0363,2026-01-21T17:35:00,4844.52,completed
6a839d6f-1729-46bf-a6fd-9aa37c6c8a8f,CUST0305,2026-01-21T17:42:00,3029.76,processing
78c19d9f-0787-4dfe-bc3c-98eb4be3c514,CUST0086,2026-01-21T17:49:00,4646.74,refunded
f179f782-39c2-490d-9f5f-1067241aa4d8,CUST0290,2026-01-21T17:56:00,4429.7,completed
b18dab15-9515-4e74-b851-0efbf2249949,CUST0008,2026-01-21T18:03:00,930.8,cancelled
42a656e2-52f5-401f-b215-eb6b2f029600,CUST0358,2026-01-21T18:10:00,4871.4,pending
9032ded7-9635-48f1-88d0-e7e6f4e326d0,CUST0479,2026-01-21T18:17:00,3591.24,pending
01190f4f-bfbd-4470-bf7b-209081c70fd9,CUST0253,2026-01-21T18:24:00,195.34,cancelled
154b0de4-41c2-4f0f-bc8f-67a9f9a188f0,CUST0007,2026-01-21T18:31:00,2000.23,completed
ee1239dc-9adf-48b6-a30e-b353d71e9fe8,CUST0256,2026-01-21T18:38:00,1047.54,processing
8a91c33c-2438-4960-ac51-4bae1d040d23,CUST0211,2026-01-21T18:45:00,3511.29,processing
166f15c0-9b79-4517-86cb-c677c2512d64,CUST0325,2026-01-21T18:52:00,2662.36,pending
4716e016-de26-4646-9244-d125e09f66ae,CUST0349,2026-01-21T18:59:00,4179.88,processing
b1f2f4a1-6653-4f3e-a5ee-7bcd27a019d9,CUST0342,2026-13-45,99.99,completed
e23b314c-eddd-44f3-bbec-a25aca8aedbf,CUST0226,2026-01-21T19:06:00,3386.13,completed
6ce6c9a7-b523-435c-8202-78200672cd5e,CUST0469,2026-01-21T19:13:00,257.44,refunded
e93acc9d-0f1f-44de-b4c3-e56df00eb08a,CUST0306,2026-01-21T19:20:00,2099.67,processing
8b762e3d-a7b0-44b1-b587-eb2cf3c36108,CUST0499,2026-01-21T19:27:00,408.28,completed
6131e600-6450-4c19-8a8f-568198b3c121,CUST0339,2026-01-21T19:34:00,2908.82,pending
1280cbd9-a328-4165-9739-5492abdcaf9a,CUST0255,2026-01-21T19:41:00,4623.98,cancelled
125d9919-947b-4bea-8dd4-4b410861ac72,CUST0095,2026-01-21T19:48:00,2044.94,pending
0012802f-f525-41ad-a769-19c37d49607f,CUST0398,2026-01-21T19:55:00,3099.95,cancelled
4ff442d1-9fb8-47ca-a185-3f4ccb810996,CUST0203,2026-01-21T20:02:00,4714.81,refunded
c9ecf33a-429f-421b-a35e-74ef55a5e27b,CUST0373,2026-01-21T20:09:00,2260.6,processing
87dae8d7-57ad-46e4-9dc6-7c9652283575,CUST0207,2026-01-21T20:16:00,261.37,cancelled
742f95cb-af8e-414a-a9d3-952197ce0768,CUST0250,2026-01-21T20:23:00,2668.76,refunded
dc7c848f-182c-41b3-b7ec-a237b4baca94,CUST0151,2026-01-21T20:30:00,3298.09,completed
8da460af-393a-4728-9e22-56845b04ba23,CUST0082,2026-01-21T20:37:00,4810.74,refunded
889e6b6e-0435-4f92-a951-c59bae30e046,CUST0463,2026-01-21T20:44:00,2924.04,refunded
5c7c3c86-4ae1-482d-b3d0-251f0b04bb37,CUST0185,2026-01-21T20:51:00,1843.2,pending
a78227ed-7ee8-412c-a2a2-aab65547be99,CUST0066,2026-01-21T20:58:00,180.26,completed
0ec8a11e-02cb-4bd8-87cd-661faf5724ec,CUST0170,2026-01-21T21:05:00,4867.94,pending
bd3fd739-dab7-4f7a-b84d-4dfc44293332,CUST0073,2026-01-21T21:12:00,2631.08,cancelled
7afc4675-7779-4862-8fcc-d27a14d63d66,CUST0089,2026-01-21T21:19:00,4786.78,completed
15dcf385-747b-4072-8577-f68c7645ad2b,CUST0213,2026-01-21T21:26:00,2232.64,cancelled
aefcea1c-74b6-4676-b6c8-bfc49eea4f6f,CUST0369,2026-01-21T21:33:00,3376.74,cancelled
997d4ef7-c40c-447a-b882-29d65a88e432,CUST0453,2026-01-21T21:40:00,2111.52,cancelled
60fe54d5-ef83-45bd-b06c-0821763e00fe,CUST0333,2026-01-21T21:47:00,4633.31,pending
324232a6-8274-43a2-9fbe-89557442c787,CUST0306,2026-01-21T21:54:00,240.03,processing
37a4795e-c441-4482-8616-224286ee972e,CUST0355,2026-01-21T22:01:00,3205.47,completed
b00f0dee-24fa-4d3f-a0ca-987f2f9cb679,CUST0359,2026-01-21T22:08:00,3851.77,pending
01da120a-274f-4532-ae87-a8fe1c48bb31,CUST0373,2026-01-21T22:15:00,3061.79,cancelled
19edb1e8-b311-4b96-8c6a-c391906efe20,CUST0296,2026-01-21T22:22:00,2262.23,processing
463798fa-14a3-4ff6-8454-3de22f0cb01e,CUST0498,2026-01-21T22:29:00,1058.76,completed
77190d98-6699-4c95-bb13-f431700295e5,CUST0367,2026-01-21T22:36:00,3987.92,pending
410edc31-b872-46df-bbb5-fc9aa397ffa3,CUST0387,2026-01-21T22:43:00,563.42,refunded
3e878ad8-c153-4b7b-8954-e4ac5b0a78ef,CUST0223,2026-01-21T22:50:00,1055.95,pending
e91a6fa4-320f-42ee-bc83-6f16f353c64e,CUST0053,2026-01-21T22:57:00,4707.42,completed
677f1171-bbb8-4d73-aa9c-f4881f0ca347,CUST0411,2026-01-21T23:04:00,4619.18,cancelled
83884461-c99b-4818-ab0f-b38134d1c05c,CUST0377,2026-01-21T23:11:00,873.9,completed
422f71a9-cc04-4976-8e03-41eda6854f5e,CUST0076,2026-01-21T23:18:00,3511.06,cancelled
cf2beefa-edf5-43d6-9244-edb14911eda5,CUST0484,2026-01-21T23:25:00,2950.44,processing
38280b68-6399-4df7-95b9-68021b791894,CUST0309,2026-01-21T23:32:00,4605.99,completed
826d4d2f-0c71-4804-bf2d-b54bd1772d34,CUST0001,2026-01-21T23:39:00,1941.54,processing
70265b05-cfa8-4b90-b109-f51cbaaf4c1d,CUST0455,2026-01-21T23:46:00,526.08,completed
b15e5f7c-bd1c-46ad-92cd-e96a6dac81c9,CUST0012,2026-01-21T23:53:00,4375.91,completed
0fdbd523-7660-40b1-ac9f-148da596dbf3,CUST0281,2026-01-22T00:00:00,240.93,processing
0cb1e21d-7a1d-4311-883f-90712b82e8cf,CUST0222,2026-01-22T00:07:00,2980.57,refunded
3abedb24-867f-4322-a1d4-dbdbd3b91c3d,CUST0043,2026-01-22T00:14:00,4993.93,refunded
e685e5b4-a8fa-439e-b77b-c731ff469576,CUST0485,2026-01-22T00:21:00,1148.4,cancelled
f8bec1a2-8c72-4cef-a0c8-87442d1ae479,CUST0475,2026-01-22T00:28:00,2304.36,pending
e3550528-b411-4e33-a540-5d5273bf109a,CUST0087,2026-01-22T00:35:00,4067.05,pending
55785454-35fc-4f8f-84de-610e89d517ef,CUST0140,2026-01-22T00:42:00,4716.85,processing
1512290a-ae49-4a29-b3cb-919b1293e2e2,CUST0048,2026-01-22T00:49:00,621.0,completed
237f8ffa-72ac-4c32-8c97-78cbc6ccb1b9,CUST0140,2026-01-22T00:56:00,2327.1,processing
808a736d-b64c-4332-949b-4c68ece9334a,CUST0031,2026-01-22T01:03:00,2154.96,refunded
4b0ca27a-c474-4ec2-a62a-9104c609988b,CUST0265,2026-01-22T01:10:00,183.01,processing
22bf70da-d2e0-43b3-ac55-ce5610df33d5,CUST0032,2026-01-22T01:17:00,73.52,refunded
b8dbf169-0757-422f-bf32-c3f065750f6e,CUST0124,2026-01-22T01:24:00,4175.11,completed
465bb259-a7a7-4ee7-b50e-2abd69a2b9f6,CUST0461,2026-01-22T01:31:00,3785.93,cancelled
5bb495dd-569b-496b-bc0f-2e550f102d29,CUST0175,2026-01-22T01:38:00,4802.43,completed
c5ed9939-cb82-45d8-877b-69cdab7dbb75,CUST0275,2026-01-22T01:45:00,3862.33,pending
53268ff3-01c6-4644-a239-76aedfcf8b25,CUST0117,2026-01-22T01:52:00,2155.41,cancelled
5ff36805-8de3-4337-8eac-da975c1735c8,CUST0019,2026-01-22T01:59:00,1231.8,completed
f04e2267-1939-46d7-bbd4-4612d52af80f,CUST0172,2026-01-22T02:06:00,4821.98,processing
49d4e55b-5153-4956-93a7-f2da31401618,CUST0242,2026-01-22T02:13:00,2490.93,cancelled
a20749f2-1af6-4831-ad9a-7d74acbc14f0,CUST0120,2026-01-22T02:20:00,4930.03,completed
00c28eb8-978a-4157-a295-ac7c95e7bbf6,CUST0071,2026-01-22T02:27:00,4568.15,refunded
5e27f7cf-c20c-4755-b274-14b200efcfe9,CUST0397,2026-01-22T02:34:00,2095.04,cancelled
32f74154-7a04-43ce-beae-b0e1a073295c,CUST0137,2026-01-22T02:41:00,4170.11,completed
014022ad-d895-4a88-aad9-078b873fe5e0,CUST0162,2026-01-22T02:48:00,841.61,processing
83987d61-5bf0-4741-81d5-298f649eccf3,CUST0036,2026-01-22T02:55:00,1128.48,cancelled
a3b27f2c-9c19-48c2-99de-39c9da8953d3,CUST0332,2026-01-22T03:02:00,1726.55,completed
fa0f4297-39e9-44b1-a99a-043cc11a17ba,CUST0439,2026-01-22T03:09:00,2698.56,processing
d32f3bf0-2e21-4fa5-b33e-df798d5c817d,CUST0257,2026-01-22T03:16:00,880.52,processing
a5946a0a-332a-4313-a8a2-fef2297acb70,CUST0057,2026-01-22T03:23:00,3172.14,cancelled
98e25da5-a8d6-485c-a3ff-b874d12185f8,CUST0422,2026-01-22T03:30:00,4911.21,cancelled
3c213239-078d-40b5-bd0d-79812b314ef7,CUST0204,2026-01-22T03:37:00,2185.85,cancelled
b782d9af-dc3b-4c39-9757-2068bde569a3,CUST0072,2026-01-22T03:44:00,4282.86,refunded
0fc86908-1f37-47eb-901b-04c8c29a04a7,CUST0496,2026-01-22T03:51:00,4622.78,completed
37d187cf-2289-4b78-85a0-af3b9f0b3149,CUST0154,2026-01-22T03:58:00,1020.61,processing
c83729a0-38ef-4e95-9a3e-cbfbffdd35fb,CUST0196,2026-01-22T04:05:00,3651.0,cancelled
0e6ea684-6306-47af-813e-7623a76b0635,CUST0327,2026-01-22T04:12:00,356.94,pending
d4460efa-3e38-4741-8b52-972f122ed921,CUST0008,2026-01-22T04:19:00,741.64,pending
038ef2fd-b091-47c1-b592-6323f427c103,CUST0351,2026-01-22T04:26:00,2568.25,completed
e407bf9a-d22f-4e0b-90a9-dd5ad1572962,CUST0080,2026-01-22T04:33:00,419.73,completed
5e90d62b-0e77-450c-98b9-43aa7824f853,CUST0111,2026-01-22T04:40:00,2403.36,processing
e96daf90-2ae4-4ccd-a71e-f010200069f0,CUST0296,2026-01-22T04:47:00,3374.79,pending
9dab89bf-cf5a-48bc-9d5e-83cf98d51322,CUST0353,2026-01-22T04:54:00,1280.62,cancelled
52c2b10e-88c7-4dc2-919e-8cd1129891a5,CUST0500,2026-01-22T05:01:00,3541.77,completed
93277b9a-d1cb-40f6-aa06-8b6564c0dc38,CUST0102,2026-01-22T05:08:00,111.14,completed
c3ecd05a-99fc-4112-888c-a6fed25dc3e1,CUST0202,2026-01-22T05:15:00,579.85,completed
c345d787-3da5-4c04-a06f-f1f27fb56d13,CUST0229,2026-01-22T05:22:00,4143.02,completed
475f8b3a-c6c2-4654-9917-5948cb77dbd1,CUST0391,2026-01-22T05:29:00,4565.21,processing
e8b60595-53a4-467c-a239-eb79c7921db4,CUST0479,2026-01-22T05:36:00,4794.46,processing
c2573822-a851-4359-ae26-f7131252b665,CUST0342,2026-01-22T05:43:00,1555.67,processing
57a42e54-7033-49d1-9ff6-c869198642f3,CUST0150,2026-01-22T05:50:00,3125.29,completed
75f32503-c53c-4ba6-ad9a-056708c2226e,CUST0288,2026-01-22T05:57:00,528.19,pending
bc511f49-de1a-449a-8972-f3c8f7d78d65,CUST0153,2026-01-22T06:04:00,512.74,refunded
aef03f1b-4a77-49df-9c80-4c8ad1984c87,CUST0205,2026-01-22T06:11:00,327.02,processing
312de43f-f457-470a-ac6c-b0077e805be9,CUST0375,2026-01-22T06:18:00,2385.96,pending
ca00ffd9-e504-46ab-8234-80e35189701d,CUST0303,2026-01-22T06:25:00,4282.65,processing
0b597e19-5448-4117-8a4d-1060022b4389,CUST0319,2026-01-22T06:32:00,849.6,processing
3b2ea902-705a-4882-b973-b9ef75b6f95b,CUST0466,2026-01-22T06:39:00,3718.13,processing
c0fece1f-5be3-49df-a152-67c05df8826f,CUST0008,2026-01-22T06:46:00,1701.2,processing
926f2ae8-8f05-49a5-83dd-b30c1ebf0779,CUST0486,2026-01-22T06:53:00,4876.43,cancelled
1b298eb4-b66c-45f0-b7ae-e2a763d80df0,CUST0241,2026-01-22T07:00:00,1840.7,completed
e7263786-880b-4efc-842f-2478a24744c8,CUST0083,2026-01-22T07:07:00,3757.8,pending
3cc81cc9-9f6a-4994-bef6-5d115723a61d,CUST0162,2026-01-22T07:14:00,3609.96,refunded
65c32086-ce9b-4101-8848-c0014fb054bb,CUST0498,2026-01-22T07:21:00,3403.86,pending
843a2424-1f7f-4e8a-985c-4c93b9ad5455,CUST0062,2026-01-22T07:28:00,4959.39,refunded
281009e3-4b50-4262-b959-6dc365161c30,CUST0042,2026-01-22T07:35:00,44.78,processing
5e6eb79c-af67-4c5d-a7de-297ddc003ea4,CUST0342,2026-01-22T07:42:00,1287.62,refunded
646df6c2-d2f6-4caf-b831-74288ac8de71,CUST0273,2026-01-22T07:49:00,3328.74,completed
977adf16-d1f6-4c48-9251-7536ac5eb58e,CUST0168,2026-01-22T07:56:00,420.15,cancelled
ba26fef5-a45d-44b4-80c8-174d51c4d4df,CUST0448,2026-01-22T08:03:00,1625.57,refunded
17426397-777b-4b49-8ec3-e490416544ac,CUST0379,2026-01-22T08:10:00,1290.75,completed
fdda0b9c-6d52-46e9-a135-0b7b2eff76f8,CUST0186,2026-01-22T08:17:00,4763.72,completed
114a5c38-65a8-4cec-a4e0-249da25ef683,CUST0085,2026-01-22T08:24:00,3340.42,pending
d59c89f2-e22f-4f1f-805b-398eb03ad51d,CUST0442,2026-01-22T08:31:00,4717.33,completed
62fb4a06-ad64-4962-bf8a-56e17c9724f3,CUST0229,2026-01-22T08:38:00,1872.83,cancelled
9f279217-3aef-4bbb-98d1-d3ade054bcd8,CUST0101,2026-01-22T08:45:00,3403.1,cancelled
1f9900e3-e2be-49e9-8378-da39768aaf04,CUST0437,2026-01-22T08:52:00,1529.59,cancelled
de7e9c06-0dde-485c-b830-34ab66e139b7,CUST0019,2026-01-22T08:59:00,4871.72,cancelled
a4e31fc2-5fd2-4bf6-9b32-81df9cefa86c,CUST0361,2026-01-22T09:06:00,963.92,completed
f6332a18-9453-4ed4-8085-f3ae2fed891f,CUST0029,2026-01-22T09:13:00,3747.9,pending
fbc80bbb-ef4e-446a-b337-3fd665b2c502,CUST0125,2026-01-22T09:20:00,4945.41,pending
4fbaa2f5-4b6f-4a52-84e5-7e003319c8a1,CUST0315,2026-01-22T09:27:00,2863.41,processing
65a7fb8f-7b3c-4a95-bb3f-febb0afee135,CUST0274,2026-01-22T09:34:00,497.06,cancelled
b9a699f3-1915-4bc2-8299-e2ce3131f2ea,CUST0406,2026-01-22T09:41:00,300.98,completed
63684258-bc42-4aa7-9d92-bc1b85869cd5,CUST0095,2026-01-22T09:48:00,1875.63,cancelled
6c546668-824a-4ff2-a9b0-038591b951a0,CUST0009,2026-01-22T09:55:00,4700.44,completed
fae1ddcc-6907-4c70-9776-76ac2ec86513,CUST0098,2026-01-22T10:02:00,599.8,processing
ee4281ed-91f9-4696-bae5-96231c3ffef2,CUST0231,2026-01-22T10:09:00,183.55,processing
37837ee9-27b3-45d8-9439-b9301a4c64c7,CUST0258,2026-01-22T10:16:00,236.9,completed
d6efd71f-377a-4fa2-b35b-b40eae4ee920,CUST0315,2026-01-22T10:23:00,2291.55,pending
a39ebf43-484e-4b18-997b-4889b6415a88,CUST0078,2026-01-22T10:30:00,314.54,refunded
3038767d-b6d9-45b0-8df1-c989ae9f8ef2,CUST0160,2026-01-22T10:37:00,1546.13,completed
5ea98f69-93c0-4d95-b301-249c810848a2,CUST0347,2026-01-22T10:44:00,1459.28,processing
74ea3f53-d4b7-4001-91b2-488dd5c30442,CUST0152,2026-01-22T10:51:00,3169.8,pending
dbb443bc-7ff3-4fb7-af20-e004e23c7e6c,CUST0256,2026-01-22T10:58:00,2590.96,pending
2efb4799-3c87-4d05-8cb9-2123973d3f33,CUST0339,2026-01-22T11:05:00,4758.24,pending
7bae9ffe-b2fa-4ad6-bbd6-c46bb094961a,CUST0213,2026-01-22T11:12:00,2109.14,processing
62a43497-cacd-4d7f-a286-061de16233d6,CUST0478,2026-01-22T11:19:00,4615.2,cancelled
432dde7f-8daa-43d3-8aad-5b2587e9746c,CUST0223,2026-01-22T11:26:00,4407.47,pending
5805698c-aa06-475a-bbdc-9ed57ec3b9ca,CUST0224,2026-01-22T11:33:00,414.71,processing
ae948378-1806-4f17-ae8f-c0e6f7db4ebd,CUST0172,2026-01-22T11:40:00,1350.53,pending
d0ca652a-01d1-40ba-9eb3-238663fec420,CUST0133,2026-01-22T11:47:00,745.46,processing
663ac99d-a0e5-4877-9c70-e56123728f0d,CUST0386,2026-01-22T11:54:00,2460.72,cancelled
6ef20373-068c-4338-be2f-d1d8aef26cc6,CUST0079,2026-01-22T12:01:00,1424.2,completed
b2b493cd-8f67-4d89-b917-9e6e606eb90c,CUST0425,2026-01-22T12:08:00,4332.34,refunded
b9ee2a9e-3219-4fd5-92d8-bb289265a2b7,CUST0163,2026-01-22T12:15:00,3562.19,processing
acd98098-5a46-4a04-9b11-311984bb1153,CUST0379,2026-01-22T12:22:00,2156.0,processing
60c2e1ec-e7e3-4234-9a2c-2880e252b19e,CUST0346,2026-01-22T12:29:00,1946.67,pending
99a58bb1-c160-4f1b-9b35-3787f995a324,CUST0280,2026-01-22T12:36:00,3274.22,refunded
d259f84c-dcc9-457f-8799-595084349deb,CUST0318,2026-01-22T12:43:00,55.09,completed
67fcfe49-c910-4700-bec3-9cb7f3407f8a,CUST0259,2026-01-22T12:50:00,2237.05,completed
5b8a101f-2568-4edc-baaf-9799038ff0ef,CUST0419,2026-01-22T12:57:00,2870.91,processing
35893a94-bc3f-4ab3-8f6c-41052ee6ff0f,CUST0161,2026-01-22T13:04:00,117.53,processing
57527f5c-271e-4595-9b68-fd4b213d482f,CUST0077,2026-01-22T13:11:00,4647.63,completed
6e099840-1541-4bd6-b83e-1e8b707b9b59,CUST0125,2026-01-22T13:18:00,3124.74,pending
5e78324e-7bb7-4b91-95b5-e6a9b2dc13a5,CUST0014,2026-01-22T13:25:00,2329.28,processing
98fe127e-170b-4808-b607-ee20cc583b9f,CUST0078,2026-01-22T13:32:00,3299.24,completed
a58dc347-abe5-493b-b312-299ef9b0d58a,CUST0066,2026-01-22T13:39:00,2756.92,completed
eefc1258-269d-473e-900a-406cfa8f4c23,CUST0027,2026-01-22T13:46:00,3582.86,pending
e49c738e-ebdc-4c18-8b80-70185c2d7adb,CUST0361,2026-01-22T13:53:00,2420.02,refunded
fd1aeb42-d5ff-49d0-8fbf-ff06315c912b,CUST0021,2026-01-22T14:00:00,2532.13,refunded
12481022-290e-4da2-b3f7-76f2cc1a169e,CUST0338,2026-01-22T14:07:00,958.18,processing
c26e7819-c88d-4eee-8e58-45c6944fbd20,CUST0117,2026-01-22T14:14:00,2198.33,cancelled
22f739d8-00a2-4c83-9ef4-eb8289fe77df,CUST0434,2026-01-22T14:21:00,1337.31,completed
9a498413-e15f-4539-90ab-ea33d452ad2f,CUST0481,2026-01-22T14:28:00,3520.95,cancelled
ed94cfc9-b349-4e68-a48a-8d54e7d2c4f8,CUST0013,2026-01-22T14:35:00,4769.12,cancelled
fcd362e4-ad95-42fb-9582-d28cf32b41f4,CUST0190,2026-01-22T14:42:00,1154.62,processing
216e3d20-30d1-4de5-a5cc-d8cf0ccc619b,CUST0454,2026-01-22T14:49:00,2311.07,pending
40a24413-7df0-4e7e-a54a-f12908edde24,CUST0095,2026-01-22T14:56:00,4753.27,refunded
e96c8dd8-5fec-402c-a2ff-7d187b2dcbfd,CUST0327,2026-01-22T15:03:00,1642.67,processing
98431149-10a5-4156-92c4-297eaeeaf5c8,CUST0494,2026-01-22T15:10:00,3683.63,pending
fa135ca3-e5e3-416c-af5d-69d25f082e2e,CUST0169,2026-01-22T15:17:00,4306.14,processing
9fc55a02-651d-4045-bfd1-bc6cdbbe2b14,CUST0175,2026-01-22T15:24:00,2649.27,pending
49c950cc-13b1-4d97-a968-bd92bb230e58,CUST0423,2026-01-22T15:31:00,365.38,cancelled
356fd886-66eb-4fe2-bd4e-7ad069072271,CUST0278,2026-01-22T15:38:00,3280.63,cancelled
8a0a0446-7289-49d7-bfba-7b11bedf52c7,CUST0348,2026-01-22T15:45:00,123.22,completed
d3159c0d-566c-4c01-aacf-35746ad215a4,CUST0181,2026-01-22T15:52:00,749.58,cancelled
2e7cbeb9-2b3f-45c2-8319-a258124dadd1,CUST0424,2026-01-22T15:59:00,214.22,pending
07612d11-cef0-4268-b18a-73be2d7e99ab,CUST0111,2026-01-22T16:06:00,4463.54,cancelled
6836c91e-7884-437a-871b-d1a6769771e2,CUST0350,2026-01-22T16:13:00,2034.67,cancelled
457ab584-c4e3-4986-9db9-235b2ca3a63d,CUST0367,2026-01-22T16:20:00,3453.74,processing
fd7bb684-67c2-4f22-8c44-ae384cfb0efa,CUST0310,2026-01-22T16:27:00,4540.2,processing
2e98b159-8712-421a-bacc-af410fff61da,CUST0413,2026-01-22T16:34:00,1468.01,pending
2adda8dc-c8c0-41af-9684-5b25f5376391,CUST0313,2026-01-22T16:41:00,679.62,refunded
3d3afe30-00ed-4498-a770-0600f363b3e8,CUST0110,2026-01-22T16:48:00,2437.55,pending
e9cc4b0d-8142-427b-902c-de08447eba28,CUST0001,2026-01-22T16:55:00,2353.03,pending
9ab2c53a-0706-46ed-a072-9ae2a0b86bf9,CUST0183,2026-01-22T17:02:00,3304.59,completed
aa3d708e-5293-49d4-a3fd-4b43f0a888dc,CUST0225,2026-01-22T17:09:00,3426.1,cancelled
123bf982-5396-4be4-8ce8-50064193a9e3,CUST0175,2026-01-22T17:16:00,981.97,processing
78fb8d06-3248-421f-948b-25089d2d5ee7,CUST0172,2026-01-22T17:23:00,441.57,pending
b5854b3c-a2e9-4ca8-aca2-4cb3d69c7440,CUST0217,2026-01-22T17:30:00,4278.61,processing
a1e7956e-888d-41ec-abd5-c0a5ca265a28,CUST0292,2026-01-22T17:37:00,671.89,pending
71c1f41e-8d55-4269-a273-3f530c0a5b26,CUST0488,2026-01-22T17:44:00,1907.43,pending
cebf8608-c7d5-4660-885b-a140d41826c0,CUST0460,2026-01-22T17:51:00,4499.13,cancelled
230b00d1-0e88-4c60-b3b5-ae66521aa6f6,CUST0064,2026-01-22T17:58:00,1957.43,refunded
feef5f81-e81d-4027-920a-524379572b1b,CUST0336,2026-01-22T18:05:00,3517.81,pending
8d16fefd-efb0-4bc4-8508-8a343325eae6,CUST0284,2026-01-22T18:12:00,3519.81,refunded
b6b7ebb6-d956-4bb4-bba1-06b8f057a9c8,CUST0267,2026-01-22T18:19:00,3416.11,processing
83497107-f4c7-47cd-b686-93ff9a5a6150,CUST0061,2026-01-22T18:26:00,249.02,pending
6ab99888-313e-449c-9709-1d56eae65e62,CUST0114,2026-01-22T18:33:00,4902.2,cancelled
8cc25d24-2c47-4605-87ae-0528e0db5466,CUST0405,2026-01-22T18:40:00,4048.68,refunded
b089faba-d03a-4d85-8264-c9f04c716a48,CUST0070,2026-01-22T18:47:00,2766.5,cancelled
cc77dfb3-328a-47ff-95c4-c0281cf34168,CUST0281,2026-01-22T18:54:00,1424.8,processing
2c3309ac-afda-4f1d-8100-a0a62ff73818,CUST0348,2026-01-22T19:01:00,816.96,refunded
7d65821c-8a45-4de6-bdc5-17b28b7c82c7,CUST0302,2026-01-22T19:08:00,1414.89,completed
d30879e3-45a2-4477-94c0-0d578dde7ee2,CUST0500,2026-01-22T19:15:00,2711.09,cancelled
b29feda2-4a85-46f4-8e6f-8f385e97ea9b,CUST0026,2026-01-22T19:22:00,1999.85,pending
96a82eb5-12be-4ebc-bbf1-b057a4f964ea,CUST0289,2026-01-22T19:29:00,3436.57,pending
e60e4c3d-c020-448b-b33a-fc4c186b4204,CUST0280,2026-01-22T19:36:00,3185.21,pending
c25f6bac-e6a6-4b95-80af-631932371762,CUST0314,2026-01-22T19:43:00,4209.87,processing
38c253cb-8315-4613-9b61-3f5802e4adc2,CUST0442,2026-01-22T19:50:00,4064.97,processing
c47e10a0-d16a-4bb2-9379-6027e85f2e08,CUST0445,2026-01-22T19:57:00,947.07,cancelled
94767668-af99-4a4f-986e-9ecdfb0672bf,CUST0404,2026-01-22T20:04:00,1270.35,cancelled
5836bdb8-eb53-4c70-861f-933beda4e3a7,CUST0237,2026-01-22T20:11:00,4604.29,completed
e149fb62-23de-4a5c-a4c5-9ecf1cad4a8b,CUST0364,2026-01-22T20:18:00,895.05,completed
34231a8a-a4c9-4dbe-9307-5a96c2837ba1,CUST0152,2026-01-22T20:25:00,4751.85,refunded
dbd62057-f1a2-41a2-8184-26fad81466e4,CUST0021,2026-01-22T20:32:00,190.56,completed
e3aad7a8-e616-4e83-91e3-95e29164f0fb,CUST0277,2026-01-22T20:39:00,1808.28,pending
eac8bd94-80c7-44a4-a9fe-0ce1649ead18,CUST0144,2026-01-22T20:46:00,323.96,refunded
2c51c492-fcb4-4d5e-b716-47cbabd2e33e,CUST0338,2026-01-22T20:53:00,467.68,refunded
2d6fed51-038d-4222-a83b-b036530e862c,CUST0108,2026-01-22T21:00:00,4983.16,pending
f25f953b-1337-4340-b7a3-9d5c35da8360,CUST0265,2026-01-22T21:07:00,3194.42,cancelled
52ce6a24-5837-4f25-8be0-35cf739aad01,CUST0228,2026-01-22T21:14:00,3753.76,processing
c1510141-850b-439c-a5fc-e51f30bdf5ce,CUST0361,2026-01-22T21:21:00,4871.75,processing
1c317cf0-7ed8-40d2-a835-c8cfabcf5690,CUST0116,2026-01-22T21:28:00,247.63,refunded
73e2dda1-744c-4d02-9689-cae742b71fc2,CUST0231,2026-01-22T21:35:00,195.17,refunded
e5ed3244-c643-4fe7-b301-7f4250250f0c,CUST0479,2026-01-22T21:42:00,3967.71,cancelled
a6a195a5-8c49-4408-a861-1d2936c56809,CUST0015,2026-01-22T21:49:00,4215.64,processing
ee9f7b55-a582-468b-8da2-36935ea66a26,CUST0206,2026-01-22T21:56:00,2146.12,completed
6fa35183-9411-48f8-8fb8-cda9ee2f9118,CUST0455,2026-01-22T22:03:00,2347.29,completed
00d73673-184f-4d40-aeef-07a2b6ab3e47,CUST0147,2026-01-22T22:10:00,505.5,pending
90865021-8664-4caa-890a-4fb639aa6a56,CUST0377,2026-01-22T22:17:00,675.8,refunded
e7a7a18e-dd1b-4f0d-8172-2643e55caddd,CUST0336,2026-01-22T22:24:00,3155.71,pending
f006f465-5629-44cd-b09b-4267b9a2de45,CUST0421,2026-01-01T00:39:00,75.00,not_a_real_status
bfc7830f-56f2-433f-b5e1-64f7d1e66d73,CUST0147,2026-01-22T22:31:00,3558.81,refunded
20a96c22-ee22-4dce-a78d-f38c86d9c7b1,CUST0269,2026-01-22T22:38:00,2095.34,refunded
1727eeef-4d49-49cb-ac53-328de7177ee4,CUST0499,2026-01-22T22:45:00,3609.24,refunded
84dc8c51-f676-4b8f-b082-f7282a2580d0,CUST0391,2026-01-22T22:52:00,4336.69,processing
a7d0bad4-ab27-41aa-942a-f4151d95308c,CUST0378,2026-01-22T22:59:00,1233.03,completed
c665acdb-082a-4aed-bbda-f04ecd9d0e12,CUST0210,2026-01-22T23:06:00,701.53,pending
1b38c14a-66f6-45f6-ac40-7dca1b172508,CUST0449,2026-01-22T23:13:00,201.34,refunded
439f7047-dae3-4f9d-ba2e-367671026d0f,CUST0415,2026-01-22T23:20:00,3797.16,pending
6b96367b-a6d9-40c2-bb24-924594392968,CUST0272,2026-01-22T23:27:00,1063.3,processing
9a5bc388-2c35-4e1c-978e-cd570f4a3512,CUST0052,2026-01-22T23:34:00,4589.33,cancelled
ae966331-7212-4b49-81b5-d35b5ef7d20b,CUST0332,2026-01-22T23:41:00,2192.14,completed
6f4c9174-3a1d-4b36-89c1-32c66f6f2519,CUST0491,2026-01-22T23:48:00,1839.54,completed
6dac7fd1-091b-4b07-b379-f3df6c8d7d08,CUST0217,2026-01-22T23:55:00,2775.49,refunded
522f6a5c-17e7-48c0-95b1-7c814b225432,CUST0070,2026-01-23T00:02:00,3476.09,processing
dfae8d84-bcd7-4532-823f-fa03e9334ca8,CUST0324,2026-01-23T00:09:00,4563.33,completed
b4695c91-b415-4305-998e-ccb82543b048,CUST0122,2026-01-23T00:16:00,1755.6,pending
0e438caf-f428-45b2-a4a0-c961c20ab656,CUST0074,2026-01-23T00:23:00,2475.48,cancelled
560c4e68-cf69-4d18-a14f-75063d5881d7,CUST0492,2026-01-23T00:30:00,2552.19,refunded
e1f8a819-2d26-4c84-851e-8cf109602b06,CUST0179,2026-01-23T00:37:00,2180.97,pending
f181f641-9c8a-4290-8bd2-b17e75f94b00,CUST0378,2026-01-23T00:44:00,4892.63,processing
f7b6374e-d687-4c09-baa4-7175bf7ef49f,CUST0211,2026-01-23T00:51:00,3678.42,cancelled
19a065a1-23ec-4d33-b09e-d830dbe2714f,CUST0032,2026-01-23T00:58:00,431.56,pending
689636ab-a5bb-4e92-ad8f-ec0db87e5b53,CUST0047,2026-01-23T01:05:00,4956.44,cancelled
5fa5bc96-8769-412c-adda-fbeb892f60c0,CUST0093,2026-01-23T01:12:00,2713.11,processing
776f09cb-819f-48ff-a899-d0cd33f8f8bf,CUST0371,2026-01-23T01:19:00,3337.04,pending
c9db5254-f2be-422b-b75a-07dc1e2c0293,CUST0478,2026-01-23T01:26:00,4134.79,pending
21d1e674-fc77-4510-9b1a-aeef675838e0,CUST0114,2026-01-23T01:33:00,3983.16,completed
fceafa47-14fc-431e-ae62-9769b611b8a2,CUST0455,2026-01-23T01:40:00,723.36,completed
997b060b-17ac-4fba-9a89-822ac61fa653,CUST0465,2026-01-23T01:47:00,1706.29,processing
17d44c54-2c26-4fb2-b485-d53198ad2a6f,CUST0086,2026-01-23T01:54:00,2864.72,completed
0f44afd5-b9b0-421d-b483-2726973ab17e,CUST0337,2026-01-23T02:01:00,1947.0,processing
3641e517-5b6b-4b85-806f-7476e0182221,CUST0474,2026-01-23T02:08:00,4491.91,refunded
b62eb9d5-88f2-4d15-8992-f164a8ea2699,CUST0205,2026-01-23T02:15:00,4548.43,refunded
936c8e03-d39a-42c8-9d65-111adda82c67,CUST0270,2026-01-23T02:22:00,1515.39,processing
c66fa980-5286-466b-8a3d-a3f5b23af2b6,CUST0128,2026-01-23T02:29:00,481.81,pending
41913009-3eac-4b10-999d-a91bc1eba6f8,CUST0091,2026-01-23T02:36:00,4181.93,completed
fd378fe8-9e0a-43ac-996e-47308cb7ecce,CUST0148,2026-01-23T02:43:00,3647.13,cancelled
6c49b90e-88df-4f63-b75b-6de5ca597ecc,CUST0376,2026-01-23T02:50:00,350.15,cancelled
61502978-e7d0-4252-95d4-99c9d38a6767,CUST0209,2026-01-23T02:57:00,4948.83,cancelled
626a391d-1254-44da-b0d6-b2116b56a92c,CUST0128,2026-01-23T03:04:00,1793.98,pending
676e432f-e524-4553-8d0d-b20020beedf4,CUST0138,2026-01-23T03:11:00,2150.29,cancelled
19a77c5b-ff0f-422f-95ab-5780df93d126,CUST0384,2026-01-23T03:18:00,4599.06,refunded
560e0c4e-eac4-4512-af35-aa6dc7b7037c,CUST0489,2026-01-23T03:25:00,1498.94,processing
126a4f91-308d-4ad7-89b8-63d10dc3455d,CUST0128,2026-01-23T03:32:00,2066.59,processing
d6f9dfe0-b284-4ade-b594-886fb0c24099,CUST0070,2026-01-23T03:39:00,1366.27,cancelled
5b7621f9-8294-472e-b87f-2413364fad45,CUST0496,2026-01-23T03:46:00,1607.65,pending
818ea6a2-8413-4f83-9c64-c3b62f303691,CUST0392,2026-01-23T03:53:00,840.5,refunded
1ae7d192-fdab-4185-934d-19353ec2528e,CUST0465,2026-01-23T04:00:00,1159.08,cancelled
2da3ed00-9580-40da-92aa-690b27410027,CUST0382,2026-01-23T04:07:00,3060.99,pending
f4b2559a-824a-41f9-8522-0e63879a0769,CUST0369,2026-01-23T04:14:00,2691.68,refunded
ec46d634-cb7f-4238-9ebf-e3d70d2bd9e5,CUST0490,2026-01-23T04:21:00,4402.28,pending
7a219170-b877-4c85-9222-42341e5004e9,CUST0414,2026-01-23T04:28:00,4595.89,processing
7ae0f567-6188-416d-8662-bd3ae46568eb,CUST0177,2026-01-23T04:35:00,3068.81,pending
d364149e-f6d4-409c-a336-003be2ee7887,CUST0219,2026-01-23T04:42:00,382.97,processing
7b6f1afb-cd26-48f0-9a6b-0fd2a765e9c7,CUST0095,2026-01-23T04:49:00,1491.77,cancelled
de58b788-d5b2-4d2b-b25f-d1317d20a381,CUST0467,2026-01-23T04:56:00,650.92,refunded
e49cb58f-1227-40cd-b128-68d4f2bb8b06,CUST0289,2026-01-23T05:03:00,3418.04,cancelled
1b34710f-c2c3-4c5a-9846-b755fe3213b5,CUST0142,2026-01-23T05:10:00,3316.29,refunded
522bc82e-f19f-4641-97de-6a60eff985eb,CUST0450,2026-01-23T05:17:00,3019.63,pending
7e66bf05-172f-4412-bf67-26236db8b76e,CUST0359,2026-01-23T05:24:00,4763.59,processing
6acc98e9-9829-4f82-ad5e-21fad59d1a7f,CUST0086,2026-01-23T05:31:00,4381.17,refunded
c89a45b5-041e-4196-b6bf-ac8ecbf8beaa,CUST0053,2026-01-23T05:38:00,2214.83,pending
ac26ca8f-c184-4a24-bf10-0c215025b921,CUST0073,2026-01-23T05:45:00,1432.76,cancelled
73229c97-d4e7-4861-9bc4-2d606a89d4b5,CUST0007,2026-01-23T05:52:00,694.41,cancelled
158f4629-6687-4d52-9b29-d7095526033b,CUST0205,2026-01-23T05:59:00,654.85,processing
68713577-618b-4a1e-aa9f-bf155de9dd5f,CUST0142,2026-01-23T06:06:00,3756.73,pending
acca3757-77bb-4a25-abe8-9480187977c7,CUST0230,2026-13-45,99.99,completed
41b2a6f9-8a3c-490f-a8b6-a9ad63228ac8,CUST0289,2026-01-23T06:13:00,3500.68,processing
49f2c5c7-b5e8-497c-a205-af8fd4454fd8,CUST0289,2026-01-23T06:20:00,4329.82,completed
0f3649e7-6d99-4465-a51f-c0bc413def66,CUST0042,2026-01-23T06:27:00,2459.75,cancelled
b35f8790-3ef7-47e2-8fc5-ad18dd060ea3,CUST0374,2026-01-23T06:34:00,4013.28,cancelled
e2517f39-ab57-4bb8-9b96-bb1de9393600,CUST0205,2026-01-23T06:41:00,2123.29,cancelled
c3663989-92fe-4449-a439-910b1c15d131,CUST0318,2026-01-23T06:48:00,4392.14,cancelled
9b6e1928-53fe-40e2-b5fa-95a2b5e06583,CUST0002,2026-01-23T06:55:00,1946.52,cancelled
67a0b2b8-bd33-4f83-bed7-c3b3769c9368,CUST0133,2026-01-23T07:02:00,2944.12,pending
28f88247-485a-4fd9-9a58-4ffe79db2f08,CUST0035,2026-01-23T07:09:00,288.09,processing
15636366-faa9-4b36-a560-5b3733e02075,CUST0421,2026-01-23T07:16:00,2356.46,processing
8de708e4-6720-473c-bc99-25f5a4a871cc,CUST0100,2026-01-23T07:23:00,4562.06,completed
32607f52-5008-4480-aea1-4f0082c6705a,CUST0085,2026-01-23T07:30:00,1686.88,processing
3aa9ed97-59d7-483f-98e4-1dd395f885b6,CUST0483,2026-01-23T07:37:00,1548.45,cancelled
d39aa70c-234b-456d-94c7-859da70bc5d0,CUST0376,2026-01-23T07:44:00,1493.65,pending
5d64db56-45af-486a-91bd-1a9a9186d73c,CUST0077,2026-01-23T07:51:00,3443.5,cancelled
e212c4f5-0aa2-4371-bb54-80d203815efa,CUST0153,2026-01-23T07:58:00,3703.69,pending
d97fd846-e09a-40a7-9a0d-04def0833265,CUST0371,2026-01-23T08:05:00,3017.84,pending
ef2a1902-f1a3-4208-9bc2-9240ef0a928f,CUST0435,2026-01-23T08:12:00,2899.47,cancelled
366943f1-5f8f-406f-9dfc-6e4fe07c8e32,CUST0164,2026-01-23T08:19:00,4608.37,completed
19ca6bea-6aff-4887-b1ea-d2d43639db16,CUST0306,2026-01-23T08:26:00,114.43,refunded
16b81a8d-6f04-4591-b88a-eee9db13cdb7,CUST0297,2026-01-23T08:33:00,222.41,completed
5a5c171f-8660-4b77-add4-5587be7cd34c,CUST0310,2026-01-23T08:40:00,2026.59,completed
b40d48dc-31d4-478c-b650-c273c9bc6d2c,CUST0179,2026-01-23T08:47:00,4685.94,refunded
,,not-a-date,abc,
8d22bb13-9269-440e-b49b-44837188a759,CUST0302,2026-01-23T08:54:00,4853.13,refunded
a4e7fe6b-0b7f-45f8-9e7c-ede61c5c2664,CUST0471,2026-01-23T09:01:00,4628.92,refunded
81b1ab07-a303-4ade-81c2-1d532edbc1a3,CUST0052,2026-01-23T09:08:00,3818.95,cancelled
cd57fb1c-1a81-4694-b01b-aecec5243135,CUST0089,2026-01-23T09:15:00,1129.69,cancelled
e52ac547-d772-4ca3-9f38-ef9956aa38a0,CUST0210,2026-01-23T09:22:00,1826.15,pending
70d701e1-9cdd-49b8-933d-8eb9f852e03a,CUST0480,2026-01-23T09:29:00,1748.65,refunded
f50c202e-e765-4fc5-877b-6d05c8f28eaf,CUST0383,2026-01-23T09:36:00,1986.02,refunded
d553de50-a502-4df3-9368-f91f3367d8e4,CUST0339,2026-01-23T09:43:00,1764.83,pending
597f02de-a573-4231-b36b-307db194d227,CUST0187,2026-01-23T09:50:00,2789.36,refunded
d345a396-4c66-46f9-9b28-aff7050f28c8,CUST0353,2026-01-23T09:57:00,1938.47,processing
65105d02-d61f-4d71-88b2-903def781514,CUST0438,2026-01-23T10:04:00,3943.74,pending
a2a49267-ccf2-4db6-9e6e-4cfe3f2c55f2,CUST0045,2026-01-23T10:11:00,2339.28,pending
c2877f20-615c-43b0-b1b2-70e9e1c5ff09,CUST0271,2026-01-23T10:18:00,1625.06,refunded
2f86876d-ad05-4fa3-93b6-6c977e9d6ca9,CUST0353,2026-01-23T10:25:00,40.98,pending
92595163-5abd-41fa-a46b-21b785743e9d,CUST0176,2026-01-23T10:32:00,809.44,completed
9697733a-8b18-472f-866d-cda4643d3045,CUST0346,2026-01-23T10:39:00,2426.04,processing
ddf5c33a-dc17-4299-bc1a-064b2f523f12,CUST0474,2026-01-23T10:46:00,3047.25,cancelled
f54ebc34-3cf7-44bf-a525-3c8dfb7f55c7,CUST0048,2026-01-23T10:53:00,3962.18,cancelled
e7d260ca-0a83-4ae5-bfda-6d24b2941231,CUST0232,2026-01-23T11:00:00,2028.84,completed
3bc7ddef-1e3f-44f1-82e1-e1a89fb90a0b,CUST0385,2026-01-23T11:07:00,4759.32,completed
d28589e3-0a39-4711-8138-e1a69a3c487f,CUST0450,2026-01-23T11:14:00,4775.03,refunded
e3ae9c9c-c7aa-4a62-a038-0b9bd31a78f6,CUST0458,2026-01-23T11:21:00,1753.28,cancelled
2a9208f6-772a-4ee6-909f-09c82b9ad09b,CUST0133,2026-01-23T11:28:00,2568.73,pending
118d2172-23a4-4022-b9a2-c02789b29f7d,CUST0455,2026-01-23T11:35:00,311.62,cancelled
b9941e6b-574a-4a4a-a40e-7cd9424b8c77,CUST0177,2026-01-23T11:42:00,473.0,refunded
7191228e-e8bc-47d6-b407-31416b3f0b2d,CUST0439,2026-01-23T11:49:00,3178.26,refunded
82ef1c9f-85c0-4ac2-8ed1-0388abec0cd6,CUST0151,2026-01-23T11:56:00,268.11,processing
23d51bf8-bfae-4b49-8385-f17a65d7e64d,CUST0225,2026-01-23T12:03:00,3151.48,processing
3e8cb8f7-62c2-4cf5-9752-beca996a6b9a,CUST0133,2026-01-23T12:10:00,288.89,cancelled
9c822237-6d13-493c-8f30-f43a4fc9a59c,CUST0081,2026-01-23T12:17:00,152.97,completed
6c6ddae4-6a2d-4bc9-a5fd-914b414fe9fa,CUST0207,2026-01-23T12:24:00,1388.27,processing
a7f604ca-780f-455f-93fe-79ebc8cbada0,CUST0188,2026-01-23T12:31:00,2220.98,pending
048a20b3-c6e1-4ec6-b2c0-dbe1450402a5,CUST0264,2026-01-23T12:38:00,1839.42,completed
e7f1e23a-2fb4-41ec-b0c6-f8171bcd4bd0,CUST0391,2026-01-23T12:45:00,2905.02,processing
b4d43bf8-8a43-4fa6-9e43-31b2cb44e861,CUST0270,2026-01-23T12:52:00,3028.67,refunded
7a2e9a11-1318-4f9f-845f-d3d94d4aaf5c,CUST0334,2026-01-23T12:59:00,3179.67,pending
7399403f-5138-4871-b963-e14db44571f3,CUST0368,2026-01-23T13:06:00,112.8,processing
51de2532-3830-427f-923a-8ac2c04eca38,CUST0206,2026-01-23T13:13:00,1420.21,refunded
e7e710dd-e14d-4a53-a72f-a9b077e5dc34,CUST0311,2026-01-23T13:20:00,2535.72,pending
4d8635b6-ddeb-4137-ae21-56dadc230866,CUST0143,2026-01-23T13:27:00,3056.84,processing
5cf9f7f3-72bf-47d3-bba4-e98ea3fd9bd8,CUST0284,2026-01-23T13:34:00,4643.24,cancelled
2ce08d1d-64bf-4ba4-bc2c-a26068172e8e,CUST0460,2026-01-23T13:41:00,3361.63,pending
87383bda-610f-4084-89f3-8f006c06c301,CUST0078,2026-01-23T13:48:00,1932.42,completed
0ccbc8ec-0b3a-495e-ad3a-e9c12549f52c,CUST0232,2026-01-23T13:55:00,526.16,pending
d291083f-c7b2-4e30-ac08-87d3c5a16ab4,CUST0079,2026-01-23T14:02:00,3801.86,completed
00b958eb-fc27-4f43-9a7a-db60cfc054d4,CUST0422,2026-01-23T14:09:00,2249.34,refunded
ea25567e-2bd7-4d7c-915e-59cc66e6bb5c,CUST0401,2026-01-23T14:16:00,890.9,processing
759607f6-a8fb-4d31-941a-a0a2e2bd8a76,CUST0346,2026-01-23T14:23:00,2234.67,cancelled
d636744f-0b94-48f5-b94b-ac38a95d0916,CUST0169,2026-01-23T14:30:00,2247.03,pending
28def786-c9bf-44bd-8358-139310039be6,CUST0183,2026-01-23T14:37:00,3942.97,completed
4a4545a2-af43-4376-98c5-9a24b9c53de0,CUST0184,2026-01-23T14:44:00,478.25,cancelled
8b12515c-7fe3-49a2-b0b8-d7ed11fad5f9,CUST0334,2026-01-23T14:51:00,2636.19,processing
c8af9f42-e4ee-4e4c-8331-f6c2a4ebd1b9,CUST0122,2026-01-23T14:58:00,115.49,refunded
af36c47e-ee9c-42d9-8cfe-bf4e8151e9ed,CUST0078,2026-01-23T15:05:00,449.83,pending
93249434-10ec-421f-99d6-c74ae937f805,CUST0050,2026-01-23T15:12:00,4112.43,pending
d40f9fe9-112a-41d6-aeb3-5415e12a3afd,CUST0363,2026-01-23T15:19:00,4292.35,completed
002c0d9c-f3fd-4107-ba41-2b15f8c1c135,CUST0290,2026-01-23T15:26:00,2664.5,processing
c7475558-a776-446d-9cdc-26fdc7efa4e8,CUST0161,2026-01-23T15:33:00,3938.43,processing
0475eb20-28bf-47ce-994d-f9c1be8f8f90,CUST0381,2026-01-23T15:40:00,1065.18,processing
072e0dc2-c1f4-49b2-8398-d348c8aefd73,CUST0106,2026-01-23T15:47:00,1412.36,pending
0055e115-effc-4c86-bff5-c5dd580ff81c,CUST0009,2026-01-23T15:54:00,3262.6,pending
2b2ed08f-8d2b-4036-bff5-7a4f1301941e,CUST0457,2026-01-23T16:01:00,4463.44,pending
891d28e0-42c7-485d-8f89-f67baed07b5c,CUST0263,2026-01-23T16:08:00,850.04,refunded
e6446220-d5af-4d8a-b92b-ee6f871c0877,CUST0127,2026-01-23T16:15:00,4981.99,cancelled
3f0c3aca-c6f1-461f-a679-77d52e4dbd24,CUST0212,2026-01-23T16:22:00,4737.18,refunded
6a1bbad0-0035-4512-b730-881276cb9439,CUST0338,2026-01-23T16:29:00,1857.05,processing
6041e2fe-ec2d-4423-af5c-4df53ccea721,CUST0373,2026-01-23T16:36:00,4069.1,processing
941ae580-d7a8-4de8-8730-b9fd74c3df3f,CUST0036,2026-01-23T16:43:00,3874.52,cancelled
cba874e8-9a89-4e01-be91-cd910e1d34f7,CUST0389,2026-01-23T16:50:00,1482.64,completed
be214e86-a7ee-4124-a9da-163e111c93cb,CUST0276,2026-01-23T16:57:00,3970.04,processing
6b324b99-6e80-462d-b0f7-a4a0feea942a,CUST0247,2026-01-23T17:04:00,150.45,pending
0f7d577b-cbc4-42f1-ba4c-cdb3f9ca4f9f,CUST0236,2026-01-23T17:11:00,2308.61,pending
c8de9212-4389-4fb7-a0e6-d0dbf663f087,CUST0459,2026-01-23T17:18:00,2906.4,cancelled
3940dc0f-41e2-4335-ad3b-c6a155d1b792,CUST0406,2026-01-23T17:25:00,3655.65,completed
0f373d5e-2941-4800-85a7-e3d784cbe3ba,CUST0159,2026-01-23T17:32:00,4054.0,cancelled
9f2c2853-9eb3-46c2-a565-88ade418f075,CUST0269,2026-01-23T17:39:00,1944.87,pending
c51e84a2-7e7d-43c6-934a-e8bd8ecbbade,CUST0219,2026-01-23T17:46:00,864.01,cancelled
2cdd7d37-db6b-4725-ac96-f181be4c50f7,CUST0368,2026-01-01T00:11:00,75.00,not_a_real_status
4c7fd7a9-4e53-4297-a541-1c771447542b,CUST0200,2026-01-23T17:53:00,1593.11,refunded
aec0edc7-4f80-4ea8-829e-f2443224fa68,CUST0175,2026-01-23T18:00:00,201.56,processing
d789f748-5f15-474d-a0e0-bd3d7bfa5b1b,CUST0108,2026-01-23T18:07:00,3653.13,refunded
a4dc3ad3-84af-4cd2-97cf-34b1ff79fbc4,CUST0258,2026-01-23T18:14:00,4145.66,completed
3a9bde22-faca-4265-bc1b-0500d15ebe9a,CUST0276,2026-01-23T18:21:00,3307.83,processing
105979ae-894b-4ba4-b7d8-b0a775fe741e,CUST0230,2026-01-23T18:28:00,4006.7,completed
8ba76892-941b-446f-8fa6-540ddd02db84,CUST0230,2026-01-23T18:35:00,4022.94,refunded
e69721cf-279f-4c04-85c4-6383e66d2d12,CUST0219,2026-01-23T18:42:00,4276.49,completed
dbfea247-e2cb-431b-8339-e2b35b2e192d,CUST0093,2026-01-23T18:49:00,2252.19,processing
399307ea-9587-41fa-9410-3c2725099723,CUST0364,2026-01-23T18:56:00,773.81,cancelled
35128c42-2262-481d-ba99-5f370ea99534,CUST0494,2026-01-23T19:03:00,1740.06,refunded
168e4401-9b99-4b7a-890f-b083894813c8,CUST0260,2026-01-23T19:10:00,3940.55,completed
dd657646-89e3-48de-954d-800b2d42c557,CUST0049,2026-01-23T19:17:00,2514.43,pending
d931fac1-2af7-450f-addd-1138aa417211,CUST0270,2026-01-23T19:24:00,1991.59,processing
1d2bac03-3271-4a26-9b85-a3d8b933a118,CUST0352,2026-01-23T19:31:00,49.57,pending
d2c8142d-c142-4b18-be5c-fe4199e1c531,CUST0355,2026-01-23T19:38:00,1841.29,processing
73d8e8b6-062f-4456-8782-7248eafde2e9,CUST0035,2026-01-23T19:45:00,3170.04,refunded
fa4a4f45-c4de-44ae-aa4b-6ca9c2eee75e,CUST0266,2026-01-23T19:52:00,585.26,cancelled
42133128-3aae-4ea1-8f37-33c94a4e8963,CUST0488,2026-01-23T19:59:00,3753.73,pending
c106f340-8159-4d55-8f3c-ef235fc8921f,CUST0038,2026-01-23T20:06:00,1794.23,pending
add02447-4cc2-4af7-95bf-709ab95b5943,CUST0267,2026-01-23T20:13:00,674.32,refunded
d14cc625-1b09-43da-9661-a63143bbc00e,CUST0041,2026-01-23T20:20:00,3578.07,processing
ffe442b3-1540-4cba-a0b5-f37451290e24,CUST0027,2026-01-23T20:27:00,3080.45,completed
d2d24b4c-5fda-498c-85d1-056c2f0b21d5,CUST0127,2026-01-23T20:34:00,1259.13,refunded
2a610aa1-84cd-4a34-9420-8bd0a11eee8d,CUST0437,2026-01-23T20:41:00,667.5,pending
1b70306a-ed5a-4fda-b020-11b5e8758756,CUST0333,2026-01-23T20:48:00,1330.07,pending
5b7230e4-a7e1-4afa-a8f2-133d4922b641,CUST0159,2026-01-23T20:55:00,651.92,refunded
7c2b74c7-3d51-43f7-9b20-16ba6b6b871a,CUST0493,2026-01-23T21:02:00,320.01,cancelled
1826fdb5-c1d9-4c23-9209-c5e662852cfd,CUST0154,2026-01-23T21:09:00,4499.15,refunded
c3b6895a-635b-4dfe-8171-9f8e0ca563c6,CUST0408,2026-01-23T21:16:00,4984.85,processing
bedeaa68-7b27-4ebc-a48c-b68397f39303,CUST0104,2026-01-23T21:23:00,1164.53,refunded
a5b79d6b-c198-416c-894d-d30b9a557d8e,CUST0149,2026-01-23T21:30:00,4052.44,refunded
0cee1dfb-311f-4f4f-aa3f-94d2294e65fd,CUST0289,2026-01-23T21:37:00,2263.48,pending
56011ba3-294b-47d7-913e-db5e1bae71ac,CUST0165,2026-01-23T21:44:00,3589.81,pending
4dc573e6-4d8c-4597-b4d9-3888de63fb4c,CUST0051,2026-01-23T21:51:00,26.22,completed
b588b652-2dee-43f0-ba4f-514cd7fccc47,CUST0178,2026-01-23T21:58:00,2063.89,completed
f8a38825-8f09-4f85-b0b2-52d0105c494a,CUST0071,2026-01-23T22:05:00,2144.08,cancelled
f3f551a4-898a-49e6-aef4-b98cbb908c0e,CUST0353,2026-01-23T22:12:00,4632.91,cancelled
e9cc464b-2061-407f-b957-1a1de2a56be8,CUST0379,2026-01-23T22:19:00,725.13,refunded
bfc64ee9-fb26-4d80-94f9-6a5f6cf48f6d,CUST0058,2026-01-23T22:26:00,4951.65,completed
15a0325c-99cb-4982-b345-e782df16a848,CUST0012,2026-01-23T22:33:00,967.41,processing
39bddf8c-3c7a-4c00-b94d-379ad8eb6dd8,CUST0333,2026-01-23T22:40:00,3223.74,processing
12385896-757b-4146-8ec4-4976ae3e1b78,CUST0351,2026-01-23T22:47:00,2390.75,completed
afd0c3d7-6e48-4357-b75a-f4e142632daa,CUST0292,2026-01-23T22:54:00,1975.76,completed
76ea7734-032e-4904-9f8c-4a7dcb10c872,CUST0088,2026-01-23T23:01:00,272.62,refunded
b04048ee-c0d8-465d-abb1-050f6a4e525a,CUST0364,2026-01-23T23:08:00,4941.85,completed
b66ca371-71ee-41fb-b5ba-2ddb2b948a5e,CUST0297,2026-01-23T23:15:00,3162.03,completed
efd98fce-7d34-497a-b2b2-4afccd5df249,CUST0442,2026-01-23T23:22:00,3487.23,refunded
4b817487-d5bb-4109-bf7c-d634eed86468,CUST0414,2026-01-23T23:29:00,2557.6,processing
a2a538ff-1afa-44b3-b355-1acf56a6bd64,CUST0214,2026-01-23T23:36:00,4188.53,pending
b88bc261-8256-4400-8aa4-e54b9e737e5e,CUST0095,2026-01-23T23:43:00,4972.67,refunded
d8c3ba3c-a1fe-499c-950b-af6f334c112c,CUST0200,2026-01-23T23:50:00,1855.04,completed
fce6c734-5f41-42e9-88c0-22083e448ffd,CUST0486,2026-01-23T23:57:00,4633.43,cancelled
77f86337-493a-46fa-ae0c-dccb528e6e59,CUST0310,2026-01-24T00:04:00,3166.56,cancelled
9c576eb1-164f-4494-b54b-e8ed37edf669,CUST0386,2026-01-24T00:11:00,3584.06,processing
86830654-ba7c-43b4-b16e-0afd40568d75,CUST0130,2026-01-24T00:18:00,1925.22,cancelled
b9041a05-1599-4246-80fc-da55274059e0,CUST0268,2026-01-24T00:25:00,969.81,completed
8105315f-6c6a-443d-b6ee-09c5dd04c64d,CUST0132,2026-01-24T00:32:00,2653.61,refunded
ed0fbd06-d986-4f25-b5f4-3240f6e53867,CUST0366,2026-01-24T00:39:00,4489.45,pending
acaa9470-52a7-4b5b-9b6b-725481d3ad21,CUST0349,2026-01-24T00:46:00,4143.83,refunded
930ee28d-003a-4928-9d82-72681316e0a8,CUST0197,2026-01-24T00:53:00,3132.59,completed
73bfd469-dc5e-4fa0-a7ec-e862b9114d4a,CUST0251,2026-01-24T01:00:00,1798.93,refunded
34ef9d57-b9f4-432c-9ee4-8968fa3ea95d,CUST0051,2026-01-24T01:07:00,170.04,cancelled
b2a6e61c-b2a4-4106-aafc-9d462d3bc3bd,CUST0252,2026-01-24T01:14:00,2397.55,completed
cc57e4a1-38ea-49e6-a9dd-a70a97eabbb7,CUST0054,2026-01-24T01:21:00,1143.32,completed
13741e0b-c7bd-40a6-9db0-8a3c3783c494,CUST0039,2026-01-24T01:28:00,2319.43,pending
9416efe1-1dab-4436-96af-de78d1d4653e,CUST0437,2026-01-24T01:35:00,3327.68,completed
d0d65127-d2e7-4af5-8137-84a35678ecaa,CUST0429,2026-01-24T01:42:00,3477.49,pending
349b2f05-70db-4ef4-b6c7-24411a567170,CUST0477,2026-01-24T01:49:00,2920.79,refunded
ef2d9f52-3afd-4ca2-a62e-9b1ee062a982,CUST0163,2026-01-24T01:56:00,2356.06,cancelled
0b860762-f70e-4568-9ce7-22399b2fcd84,CUST0345,2026-01-24T02:03:00,1730.01,processing
8546617a-519b-4c22-8219-d3a283657ad0,CUST0470,2026-01-24T02:10:00,3486.62,completed
a9a26c13-65ec-4fd7-a1f7-678860330ad1,CUST0462,2026-01-24T02:17:00,774.44,processing
5a0e7d8b-3228-4223-a02b-e415882c64a1,CUST0497,2026-01-24T02:24:00,624.97,processing
b3a8f388-2459-4220-a21b-8b623d0b8378,CUST0024,2026-01-24T02:31:00,3678.43,pending
6c902f46-ea8c-4185-b951-b9cfb65b8f65,CUST0058,2026-01-24T02:38:00,4385.11,processing
d473b743-7e81-40ae-8e91-2c7bc3971e16,CUST0155,2026-01-24T02:45:00,4420.15,refunded
9e915e9e-ab24-445c-ad07-676f217cc65d,CUST0161,2026-01-24T02:52:00,526.15,completed
c629047d-2d82-4ab6-992a-7401ea9edc78,CUST0079,2026-01-24T02:59:00,4531.89,processing
fb7448e8-ebaf-4f81-ab2e-39a1adacd179,CUST0208,2026-01-24T03:06:00,2122.53,pending
dab5725b-a948-4cdd-9777-26003630f44e,CUST0484,2026-01-24T03:13:00,1878.18,cancelled
2d1c8a7a-c052-4ef0-84dc-7ad2c8e1f8d2,CUST0047,2026-01-24T03:20:00,1165.96,cancelled
8e6b0f4f-16ec-4cdc-a674-48bb68a0f778,CUST0007,2026-01-24T03:27:00,2542.69,cancelled
ab687191-1c83-48dd-8868-67edd4d62328,CUST0005,2026-01-24T03:34:00,3727.3,cancelled
d59d331b-fd80-4f6a-8e3d-c5bfdaf9761c,CUST0186,2026-01-24T03:41:00,2144.86,refunded
5129574d-3603-477c-a012-be9fcc001eb4,CUST0374,2026-01-24T03:48:00,2869.41,cancelled
75a8f184-9cd6-4012-ac7d-32586d48aaac,CUST0483,2026-01-24T03:55:00,3745.39,cancelled
d18ed4c6-e1b4-4bf1-90b8-4628cc39fed2,CUST0295,2026-01-24T04:02:00,980.56,cancelled
3d053a7f-3fcc-4bfc-847b-334ae4eee623,CUST0331,2026-01-24T04:09:00,4536.1,refunded
08a0f754-4a7d-4434-8501-53d7b1cc5a38,CUST0188,2026-01-24T04:16:00,533.73,cancelled
a2f05074-01a0-41ed-9359-4f0618a79b23,CUST0057,2026-01-24T04:23:00,1565.95,completed
f98e9b2e-3723-4e19-af66-5014e1f097fc,CUST0295,2026-01-24T04:30:00,3719.57,pending
f516aae1-6935-408c-8a3a-1d866fb001db,CUST0128,2026-01-24T04:37:00,326.43,completed
c5107152-c2c7-4b71-be6a-d6e529236185,CUST0150,2026-01-24T04:44:00,743.0,processing
7ea2f297-7793-4935-895c-27a46429ccdb,CUST0234,2026-01-24T04:51:00,3350.4,completed
456bfba5-f3a2-44aa-baf7-d1fff89c1416,CUST0086,2026-01-24T04:58:00,3854.96,processing
cd9efbaa-4648-45ca-901d-fc70f9604da4,CUST0222,2026-01-24T05:05:00,3364.58,processing
f350ddf3-9429-4100-bc61-03b0468a2c2b,CUST0225,2026-01-24T05:12:00,1391.89,completed
64b3e9c9-557e-4b1a-9bc7-f23b13e0d893,CUST0425,2026-01-24T05:19:00,3917.87,completed
27c09e85-174f-4634-9052-92f1fb6b44ff,CUST0296,2026-01-24T05:26:00,3712.82,processing
de11a817-f971-4d4a-b927-fb0f0121dedd,CUST0373,2026-01-24T05:33:00,3842.83,processing
754931fc-5962-4693-ba46-a20963c54a2e,CUST0462,2026-01-24T05:40:00,3942.73,completed
cc0f5af0-a04d-40f8-b9ea-34e13b852f11,CUST0299,2026-01-24T05:47:00,255.07,cancelled
eb180343-7c80-4023-a79c-f7ee6f722874,CUST0280,2026-01-24T05:54:00,1086.47,pending
78b910e8-23c4-4b6f-873c-e324c3612a88,CUST0436,2026-01-24T06:01:00,4451.73,processing
23b1a921-6679-4181-9472-e9070bc5806a,CUST0334,2026-01-24T06:08:00,522.14,pending
32a9cb18-6371-4e83-b81a-e72057bd784a,CUST0290,2026-01-24T06:15:00,3667.44,pending
29876e91-a7fe-4749-b38d-9e5ff4454e7a,CUST0185,2026-01-24T06:22:00,2432.62,refunded
5bfca115-7a86-4317-aa47-e4545ecc75de,CUST0300,2026-01-24T06:29:00,1196.21,completed
d7a09154-ff6f-4dbe-9703-799eb96872d8,CUST0382,2026-01-24T06:36:00,761.63,pending
ee9bcade-4184-449b-b176-e70ad48c169c,CUST0308,2026-01-24T06:43:00,3425.87,processing
33297180-6e97-4052-95e9-9c3399f881f3,CUST0429,2026-01-24T06:50:00,3868.23,processing
713c9931-cbb5-44be-8d12-322f8fcbf915,CUST0373,2026-01-24T06:57:00,1900.07,cancelled
2fcf136e-4e0e-4997-bd20-c75fcbed8e93,CUST0037,2026-01-24T07:04:00,3955.69,processing
b407cc19-0aeb-43a5-a8ce-774f22f9f76f,CUST0040,2026-01-24T07:11:00,4819.91,completed
a8cb6b1f-da87-43be-930d-4f0a704a5986,CUST0286,2026-01-24T07:18:00,257.87,cancelled
fcfc3b8a-0207-43a8-bd35-6f2145b02247,CUST0404,2026-01-24T07:25:00,4754.79,pending
d44924ac-98a7-4539-831f-e29fe59e1a9d,CUST0041,2026-01-24T07:32:00,253.87,cancelled
5ba90fb1-11b8-4d1e-add5-0d57146ecfef,CUST0237,2026-01-24T07:39:00,347.03,completed
2775e279-a9fd-496e-80ed-37a36af17033,CUST0406,2026-01-24T07:46:00,3924.18,refunded
75b9e7d2-c2f1-4718-9de3-c9042bcd6461,CUST0424,2026-01-24T07:53:00,3532.19,completed
0a1338ac-e33f-494e-83f2-d690b3136e99,CUST0341,2026-01-24T08:00:00,3086.95,completed
0d1b3461-6fc2-43fa-aaa2-023bff25e511,CUST0050,2026-01-24T08:07:00,1917.01,pending
8c4545cd-ebc7-445e-a9f2-5258e0f8f447,CUST0189,2026-01-24T08:14:00,1409.8,completed
81cc4bab-9e40-4124-aa8f-989bfdeca2e8,CUST0075,2026-01-24T08:21:00,1391.07,pending
c946cfd5-49cb-4d73-8e1e-067ddc642614,CUST0237,2026-01-24T08:28:00,83.38,cancelled
738705b0-dd20-4032-9f72-e0f12464a1e4,CUST0299,2026-01-24T08:35:00,3304.54,completed
0aed71fa-5711-45e4-a781-83124ae38c8e,CUST0391,2026-01-24T08:42:00,3953.39,completed
c8e1d1c4-9210-4c62-a98f-629d072c4de7,CUST0159,2026-01-24T08:49:00,3386.26,cancelled
6a5c4dcf-4b58-4dfc-be1b-36eec39af63b,CUST0209,2026-01-24T08:56:00,1829.37,processing
e2b76457-5181-4c7c-926f-d2bfdaea2021,CUST0450,2026-01-24T09:03:00,653.15,cancelled
53c06e52-c343-4e0e-8379-c92d3aabae21,CUST0259,2026-01-24T09:10:00,261.99,cancelled
e9014915-42c1-45b2-ab68-8ea6e11bfd5d,CUST0497,2026-01-24T09:17:00,1955.55,cancelled
786e0b1b-8aa4-49c2-9ad0-ffd8c1034eb3,CUST0178,2026-01-24T09:24:00,603.82,processing
37412a1a-a551-484f-936a-24e76e42e0a8,CUST0339,2026-01-24T09:31:00,734.59,processing
b5563d7c-d695-4666-b6d0-1c35a97b496b,CUST0312,2026-01-24T09:38:00,3674.55,cancelled
8e13d522-8574-4a59-bd25-5501d8e2d0f7,CUST0185,2026-01-24T09:45:00,1138.46,processing
439cf362-d577-4361-8313-10d44efff473,CUST0170,2026-01-24T09:52:00,4540.52,pending
18e81c61-23cb-44af-b080-40ebf3b2349d,CUST0400,2026-01-24T09:59:00,3786.7,processing
a8a0090b-ca11-4ceb-9d19-628a948a6fd5,CUST0490,2026-01-24T10:06:00,1846.52,refunded
6b9d33f6-01bf-4e5e-be03-bd9a9d3e7139,CUST0103,2026-01-24T10:13:00,117.64,refunded
583d2570-69a9-4029-9d1b-b96b77e69db9,CUST0092,2026-01-24T10:20:00,1883.71,cancelled
76b0363d-aeaa-4da2-82ff-bd91d71f280f,CUST0048,2026-01-24T10:27:00,697.95,pending
fc87e1d0-fd65-44f9-b95c-96693870ba39,CUST0003,2026-01-24T10:34:00,285.12,pending
ec05a357-7aa9-455a-bd8e-3fb9862dbb14,CUST0093,2026-01-24T10:41:00,567.44,cancelled
e5e6a92f-3996-4084-98c2-3e0095d3bbce,CUST0238,2026-01-24T10:48:00,4774.54,cancelled
34a86d23-f0e4-455d-b69c-4f3049ae5dae,CUST0488,2026-01-24T10:55:00,2165.2,processing
6677b5d9-98c5-4b49-b634-50a3acafdace,CUST0057,2026-01-24T11:02:00,1530.14,refunded
b4c3b9b1-5ba5-40a6-810b-399c2e7f1940,CUST0044,2026-01-24T11:09:00,4494.02,pending
f6c78027-7d86-44b5-98f4-726ad763a235,CUST0349,2026-01-24T11:16:00,1743.65,processing
4af7ec52-d0ce-4122-93ef-29bbacd2d1a4,CUST0437,2026-01-24T11:23:00,2766.15,pending
ab8b1b9e-e058-4af7-895d-ffec1972a03f,CUST0108,2026-01-24T11:30:00,2076.55,completed
0a378de0-1ad3-45d5-9c1e-0e3d8e52a5bd,CUST0482,2026-01-24T11:37:00,2672.47,pending
6a0bfd5b-4b42-40d9-a57f-3793ddefe621,CUST0080,2026-01-24T11:44:00,160.67,processing
75775014-20ef-402c-93cc-50975fc5a8c2,CUST0170,2026-01-24T11:51:00,458.37,pending
0a1d3f4b-e0b5-47c1-8b49-097cce072393,CUST0108,2026-01-24T11:58:00,1588.93,refunded
b48e8ce1-bc4d-4a8f-aa6a-9200b3507782,CUST0403,2026-01-24T12:05:00,2707.06,pending
02bc2204-432e-4dd4-849a-c34b1c765325,CUST0054,2026-01-24T12:12:00,1424.75,pending
28ead740-6c46-4e83-892c-63800ffb271a,CUST0308,2026-01-24T12:19:00,2736.75,refunded
6901a378-bb80-4454-9fb2-a96cb58188b5,CUST0432,2026-01-24T12:26:00,2074.24,refunded
b2bb59a0-7c1e-460a-baa6-717f8ac61cff,CUST0141,2026-01-24T12:33:00,3103.71,completed
7f65ecdf-92c8-49fe-8745-68479aa2e515,CUST0332,2026-01-24T12:40:00,782.19,pending
e3988ac1-4b3a-406e-a5f6-42e572acfd75,CUST0116,2026-01-24T12:47:00,4461.8,cancelled
6ab2e2cc-5820-4fd8-8162-f8cfc542d6d2,CUST0136,2026-01-24T12:54:00,1420.8,processing
bc366e73-968b-41a5-a5c3-35729b9214de,CUST0276,2026-01-24T13:01:00,1652.24,cancelled
8b680705-3676-49f7-bade-35ff2c55096f,CUST0070,2026-01-24T13:08:00,1154.33,refunded
9bcb77d4-0636-4f34-9840-b1517f8c7250,CUST0480,2026-01-24T13:15:00,2146.58,cancelled
b398d0af-3a69-4bcc-89e4-dc909aaf0b81,CUST0419,2026-01-24T13:22:00,3917.79,refunded
da7ff38a-e799-4e6f-95ae-82dc7357fcae,CUST0362,2026-01-24T13:29:00,3620.06,processing
5331eeb2-50c6-437d-8667-f8b53788c666,CUST0174,2026-01-24T13:36:00,2213.9,cancelled
1c20da44-f157-44b7-8527-ca085aa0e9a0,CUST0048,2026-01-24T13:43:00,4411.53,refunded
350f873d-8649-4884-9b00-263feed85dc9,CUST0343,2026-01-24T13:50:00,2325.01,cancelled
bf3b0276-e988-48ee-a8f5-d6fdafcf2f3f,CUST0236,2026-01-24T13:57:00,759.53,refunded
6a107b6f-5084-4e0f-9719-b0628944028c,CUST0015,2026-01-24T14:04:00,400.45,cancelled
c9d3ad06-bf3e-4133-852e-fb4a6d348cf4,CUST0171,2026-01-24T14:11:00,3104.0,refunded
80a2762a-22b3-4098-8366-1abfa1bfa4f0,CUST0230,2026-01-24T14:18:00,389.53,pending
6a0b259b-69e2-4dee-84bb-8f3e42d13026,CUST0351,2026-01-24T14:25:00,2805.56,pending
99db009a-5d34-4d4c-8a87-6c7ca6961916,CUST0474,2026-01-24T14:32:00,4813.55,cancelled
b33041df-0472-4111-a10c-4be10b601eec,CUST0408,2026-01-24T14:39:00,910.85,cancelled
85c15f44-0b3d-494d-99ba-19129392463d,CUST0329,2026-01-24T14:46:00,4540.64,refunded
1d4396e8-3677-45ec-87af-52ccfa9d9a8a,CUST0268,2026-01-24T14:53:00,1686.43,completed
fb16e4ea-7ac5-451e-9b09-c768d2910d7b,CUST0416,2026-01-24T15:00:00,3844.09,processing
09a215f3-6bad-47b4-b505-75ec4019e3dc,CUST0027,2026-01-24T15:07:00,3850.46,processing
d88b2f2a-6d4c-4d57-bc6f-a8c3fa276449,CUST0497,2026-01-24T15:14:00,2553.63,completed
a8173f35-b98d-43eb-aabc-f2995b4bb1ff,CUST0012,2026-01-24T15:21:00,1910.98,pending
a04e1f89-15d9-4f57-b42a-14a54b21f274,CUST0229,2026-01-24T15:28:00,3438.33,cancelled
eecd861c-f9fe-4a3f-8d7d-725902e915b0,CUST0197,2026-01-24T15:35:00,571.26,processing
27121628-e8b2-4410-9c5d-174b8d9d70f0,CUST0465,2026-01-24T15:42:00,1067.83,pending
b2041429-f47c-4ee9-83c7-879fb6025d52,CUST0058,2026-01-24T15:49:00,3527.0,refunded
97497fc8-dbab-4836-a5af-2db924753c66,CUST0264,2026-01-24T15:56:00,4505.67,processing
d6de20f0-58d6-49ba-8cb7-29fe8b375ce0,CUST0253,2026-01-24T16:03:00,3131.54,cancelled
cbebce36-d910-4e18-9578-f2efb56dbc63,CUST0495,2026-01-24T16:10:00,524.23,cancelled
3ce02a3a-11cd-4b2b-9a85-9f66e5f0decb,CUST0040,2026-01-24T16:17:00,1146.31,processing
c88fc564-9fc0-4daa-a325-fbc52475f143,CUST0383,2026-01-24T16:24:00,1240.8,processing
23c8f887-c489-4114-bd7b-b09d4a448917,CUST0370,2026-01-24T16:31:00,3052.41,cancelled
70909dd8-e570-40ee-913e-6a11eb8add29,CUST0431,2026-01-24T16:38:00,3617.72,pending
65ac6c9c-df07-4cee-8cb0-9b3d68b65190,CUST0193,2026-01-24T16:45:00,1376.2,processing
388e387f-a298-4048-af68-899c0c14f88b,CUST0472,2026-01-24T16:52:00,1215.54,cancelled
c8fa7822-1ac0-4bf8-bd26-b5e330036271,CUST0149,2026-01-24T16:59:00,1021.49,completed
86c09a88-c633-4dfe-9446-ccecbe9e1f17,CUST0287,2026-01-24T17:06:00,4782.34,processing
444197ee-3343-42d7-b775-fb2aef06fef0,CUST0004,2026-01-24T17:13:00,1243.65,pending
9cdea538-c2f1-463b-b821-37d24176fb21,CUST0095,2026-01-24T17:20:00,400.79,pending
d9c074fd-5d0a-49e6-846c-f813581692b8,CUST0139,2026-01-24T17:27:00,4135.06,refunded
dd91a4aa-6c94-4ecb-92fb-eb1272bd679b,CUST0132,2026-01-24T17:34:00,4188.53,completed
aa86213f-d6d6-4ae7-a685-f3982e7b5841,CUST0496,2026-01-24T17:41:00,4949.84,completed
34ea2f75-6470-4294-8479-c3d7b49a2324,CUST0443,2026-01-24T17:48:00,683.61,processing
c9f7a181-693d-41e3-896f-7c6bb8639a95,CUST0379,2026-01-24T17:55:00,4026.13,refunded
f0289361-569c-424d-b40b-34600cdb4591,CUST0040,2026-01-24T18:02:00,3333.83,completed
9aa80034-840c-436d-a3cc-85266d6882c2,CUST0360,2026-01-24T18:09:00,3532.92,pending
3b1dd39c-3f8e-44f7-9499-314965f2a273,CUST0459,2026-01-24T18:16:00,2135.45,refunded
757c7989-0f54-47be-bbce-13cf42e04d58,CUST0295,2026-01-24T18:23:00,1284.44,processing
31ab7d8e-f60d-4da0-a6b0-d43113be73b2,CUST0211,2026-01-24T18:30:00,3187.96,refunded
26608f47-d4c8-4cb7-b4b7-24be9118da9e,CUST0123,2026-01-24T18:37:00,4671.94,refunded
a62c2a00-1d28-4430-83ca-746b45f8bd2e,CUST0243,2026-01-24T18:44:00,392.93,refunded
c23a3992-9782-4142-9772-e5270933ec4d,CUST0046,2026-01-24T18:51:00,1380.51,cancelled
d278c06e-6527-40f7-a51b-9bd187042355,CUST0326,2026-01-24T18:58:00,2478.42,refunded
bfd97908-0479-4afa-a9ca-e895b431e8c7,CUST0380,2026-01-24T19:05:00,2656.93,pending
333c1aec-2ba8-4433-9feb-c07776343be3,CUST0481,2026-01-24T19:12:00,4577.07,completed
8e91fcd7-a32d-472f-9719-3825eee899c6,CUST0153,2026-01-24T19:19:00,2310.59,completed
7ddafca0-75e1-4ad9-a144-8652e8d14d9a,CUST0392,2026-01-24T19:26:00,2692.95,cancelled
4a036102-3d84-440d-8985-ab9412d1ddc1,CUST0097,2026-01-24T19:33:00,3116.63,cancelled
b31875b4-0007-49cc-933a-cb6ffef95fd2,CUST0249,2026-01-24T19:40:00,632.24,refunded
2c2dd8a7-8cc5-4af2-a1ee-267a61bfd06c,CUST0430,2026-01-24T19:47:00,1090.03,processing
78b8691f-ac24-41e0-8844-c87238c17c4b,CUST0459,2026-01-24T19:54:00,4142.87,processing
75ab82a3-f691-40f7-9356-4b32a800ff47,CUST0174,2026-01-24T20:01:00,2121.07,cancelled
f07a2eb9-ec88-4096-a6d6-8bc45afe07ca,CUST0473,2026-01-24T20:08:00,4234.88,refunded
aaf640d1-fd62-4ffd-a9c7-ac53455c1c7a,CUST0120,2026-01-24T20:15:00,1210.14,refunded
ec77fdda-2301-4cbd-b329-2f0c01563da8,CUST0320,2026-01-24T20:22:00,1885.95,cancelled
2b46c0e2-4362-4f3f-b986-be45f696e21a,CUST0172,2026-01-24T20:29:00,490.52,pending
cdb4814d-dc9e-4278-9908-8d4223762c95,CUST0186,2026-01-24T20:36:00,1898.07,pending
3fec4d33-666e-4d5c-bdfa-473296756e86,CUST0483,2026-01-24T20:43:00,4349.13,refunded
4e31bae9-56d9-423b-bd99-ab12df55c0b9,CUST0377,2026-01-24T20:50:00,4054.98,cancelled
6fc8e9d3-2b3a-496a-86c0-973b1071af7c,CUST0476,2026-01-24T20:57:00,787.52,refunded
7629bdab-0269-4c41-9f8c-4cb6f6f91545,CUST0323,2026-01-24T21:04:00,1420.66,pending
447a755f-b250-4553-9e7d-8f40d4a2a40d,CUST0218,2026-01-24T21:11:00,3041.74,processing
3c2f86d6-09b7-46e5-96bc-98df86d9364b,CUST0125,2026-01-24T21:18:00,4265.95,completed
85e76206-cad3-4d66-80d3-85b9f7a0afae,CUST0073,2026-01-24T21:25:00,1445.53,completed
828bb7b7-3654-42ca-bb75-70cbcc7a9ed9,CUST0087,2026-01-24T21:32:00,3895.07,completed
5153a2af-e1aa-4b42-b493-55ca44fdf3c2,CUST0153,2026-01-24T21:39:00,2334.24,refunded
3e91e9b0-a09c-4581-973d-4ed70eb31c48,CUST0030,2026-01-24T21:46:00,3486.77,refunded
f96823c1-e8c4-4ce6-9613-90324c392dc1,CUST0038,2026-01-24T21:53:00,4067.42,completed
3f537016-1a7d-4462-8181-ed4a14cd83f8,CUST0253,2026-01-24T22:00:00,1482.44,pending
9e606e61-9793-4ffc-861e-5d91cd29ff75,CUST0377,2026-01-24T22:07:00,2127.01,refunded
4fa68049-8844-43e1-95a4-499b96b9ddf6,CUST0438,2026-01-24T22:14:00,3004.89,refunded
bfd32ec7-4fe4-4f95-abc4-8e3471b854f0,CUST0265,2026-01-24T22:21:00,4770.76,pending
de5142d4-d7cf-49b9-be58-bb7bf8b17af8,CUST0474,2026-01-24T22:28:00,759.75,processing
a28d6bbe-11b8-4793-94f0-e768bf7ab2b7,CUST0256,2026-01-24T22:35:00,540.5,cancelled
86819836-cc7f-4019-8384-29608d401942,CUST0314,2026-01-24T22:42:00,1361.58,refunded
20372c74-a8dc-4b5a-97bf-6aa873e9368f,CUST0096,2026-01-24T22:49:00,1554.44,processing
7f697b4f-e486-4f25-9255-0839edc96156,CUST0211,2026-01-24T22:56:00,110.6,completed
d9dcc6ad-f313-425d-83b4-b038687fe652,CUST0255,2026-01-24T23:03:00,2687.87,processing
0f60662b-1fe0-4210-b127-d0d97ee71fcb,CUST0079,2026-01-24T23:10:00,2373.22,refunded
aef7fc77-6450-4b89-8537-f05568935520,CUST0299,2026-01-24T23:17:00,4723.74,cancelled
222f69e1-caf1-46b6-b725-ad3ece1da44e,CUST0294,2026-01-24T23:24:00,3871.45,refunded
7eb841c4-2eff-4ca0-a9f0-5c96d9e6e7e1,CUST0405,2026-01-24T23:31:00,1342.71,cancelled
fd310685-7cf4-4d2b-9f7a-94ac012a6622,CUST0007,2026-01-24T23:38:00,2791.53,cancelled
5835f43e-de99-408a-86b2-e5832fec18d8,CUST0374,2026-01-24T23:45:00,2028.1,pending
c760af7f-cd3c-4eba-ab94-a0ee19394fbd,CUST0491,2026-01-24T23:52:00,2830.45,cancelled
a368923b-8ceb-4544-a016-100c8f4b4388,CUST0396,2026-01-24T23:59:00,3291.86,completed
83c664eb-afdd-4105-8536-e6d3b641bac1,CUST0489,2026-01-25T00:06:00,1245.42,pending
13ecdb69-acd5-4f5e-9926-8f24deeb6075,CUST0193,2026-01-25T00:13:00,1603.8,refunded
50ef04ee-f1b8-4d1e-af0f-765a4e005364,CUST0421,2026-01-25T00:20:00,2953.43,refunded
afa094f5-a3e8-4dfe-8f12-ee4eb25844cb,CUST0393,2026-01-25T00:27:00,4331.76,completed
6fbb4a21-96e0-4ad6-a5e7-b166e93343cc,CUST0423,2026-01-25T00:34:00,3563.93,processing
935270e3-8218-4eae-9faf-9940c1acea15,CUST0145,2026-01-25T00:41:00,521.63,cancelled
c1ce5a71-aa19-4253-87bf-efcdccf77a34,CUST0020,2026-01-25T00:48:00,2120.6,completed
b21ed773-d30e-4d17-8bee-bdd6d7760f1b,CUST0042,2026-01-25T00:55:00,2187.11,processing
95d1f061-af0b-42f2-b82a-c77a381cbbc2,CUST0476,2026-01-25T01:02:00,3480.99,cancelled
437a791c-8157-4e35-9267-45ae4238077d,CUST0240,2026-01-25T01:09:00,417.86,cancelled
9e2b4042-86de-4601-9e15-ed71886caf30,CUST0487,2026-01-25T01:16:00,3312.67,processing
2fdd6161-f514-4ce4-80c9-1b11c5d4273a,CUST0190,2026-01-25T01:23:00,1743.16,completed
7bbe87ce-e31a-465b-9831-c925ee325bad,CUST0216,2026-01-25T01:30:00,1900.24,refunded
5c977537-8392-415e-ad66-ca411d5e58ab,CUST0329,2026-01-25T01:37:00,2258.77,cancelled
6cefda58-1580-4296-9297-289db54ac0e9,CUST0192,2026-01-25T01:44:00,4871.44,completed
944a67dd-4e71-41da-8bae-c96a338a4575,CUST0072,2026-01-25T01:51:00,4742.34,pending
c27dad22-f39a-4bee-8c26-9e38533d5322,CUST0414,2026-01-25T01:58:00,1462.81,refunded
572eb365-a46d-44ec-b2de-7869456b78c0,CUST0499,2026-01-25T02:05:00,4523.29,pending
f7ece4d4-9b23-4d56-800e-4b5f331b6238,CUST0077,2026-01-25T02:12:00,1572.07,refunded
2e455953-8311-4e09-8f9f-9ecf1d8218ba,CUST0008,2026-01-25T02:19:00,19.91,pending
27e19083-693e-4d4d-94c3-4d20e727226b,CUST0166,2026-01-25T02:26:00,4379.71,processing
5e3771aa-8c24-43eb-85cd-37639ec54192,CUST0313,2026-01-25T02:33:00,71.06,completed
e2064dc5-8a01-470a-a971-54ad78349624,CUST0191,2026-01-25T02:40:00,3117.24,refunded
4b68eb41-7602-484c-8aa0-015c28a3a36b,CUST0322,2026-01-25T02:47:00,575.77,pending
b5ef713a-cfc1-436e-94b6-61e6713fad1f,CUST0093,2026-01-25T02:54:00,1996.76,cancelled
55fa22b8-3381-4e04-bedc-9bdd15fd653c,CUST0205,2026-01-25T03:01:00,296.42,processing
0cbbcaa0-67a5-4a72-81d6-4405d9c60870,CUST0137,2026-01-25T03:08:00,3614.87,completed
d021821d-6b26-4db5-9e4e-d96a8af0fc4f,CUST0302,2026-01-25T03:15:00,770.7,refunded
9e98b86e-762c-4c17-a673-21e0525f817b,CUST0457,2026-01-25T03:22:00,2396.66,processing
8d86f960-66d1-4847-b031-fccf0b5aef82,CUST0292,2026-01-25T03:29:00,4813.66,completed
6d70dde7-15d3-4c83-9b27-f33701bd5736,CUST0218,2026-01-25T03:36:00,648.49,cancelled
1ab7d2d6-9ecb-43fa-abb2-53bda4891575,CUST0046,2026-01-25T03:43:00,331.14,refunded
d4ea9357-d044-4b93-9297-ecf71b915874,CUST0179,2026-01-25T03:50:00,3914.15,completed
05a3c64e-c683-466c-b65a-e31693d840db,CUST0139,2026-01-25T03:57:00,3148.85,cancelled
468cef90-9c2e-47a3-8920-2f658c2a90f6,CUST0267,2026-01-25T04:04:00,4409.44,cancelled
2493e892-aaec-4d4b-9d4b-d4bea19680cb,CUST0030,2026-01-25T04:11:00,900.74,processing
7b3c2bae-e4e3-4be5-ba07-e82bce3acf19,CUST0125,2026-01-01T00:46:00,-50,pending
a74917dc-40bd-4590-8cf8-f4882384b103,CUST0486,2026-01-25T04:18:00,3537.32,refunded
ea4f9816-2e7e-4219-9b39-e7428a9b0a95,CUST0350,2026-01-25T04:25:00,2844.52,processing
09915e4e-42ce-4625-a24c-d262ec563ea4,CUST0451,2026-01-25T04:32:00,4599.93,pending
3b255da5-daa4-4000-81dd-faf01e931fb7,CUST0052,2026-01-25T04:39:00,4651.11,completed
56b1592f-0329-40c2-915e-c1aa9db6b045,CUST0233,2026-01-25T04:46:00,2339.74,cancelled
,,not-a-date,abc,
81e53936-d348-4e59-a4f2-bdb767351eb5,CUST0275,2026-01-25T04:53:00,1828.3,pending
47acde26-c99f-49af-bf97-3dd41b81f3cd,CUST0076,2026-01-25T05:00:00,3203.6,cancelled
1dc1e6c2-e435-4ad0-98ec-b075a29b11ef,CUST0112,2026-01-25T05:07:00,2827.17,completed
593d3b4a-e7c2-4f4d-b2d6-3bb35aa15128,CUST0283,2026-01-25T05:14:00,1361.13,completed
317519e8-321f-4c24-95e9-24fe1522cb50,CUST0427,2026-01-25T05:21:00,3066.28,completed
4bcb2945-a3f8-4bc3-a12b-1b6141b54cb8,CUST0349,2026-01-25T05:28:00,950.95,refunded
cbb3f16b-1c0e-4733-a728-85839b3d9eea,CUST0313,2026-01-25T05:35:00,750.88,refunded
a1566d41-80d8-48dc-99f9-91afc6e35bc1,CUST0257,2026-01-25T05:42:00,1926.96,completed
9b07d059-d908-480c-b85e-a209b8bb071e,CUST0405,2026-01-25T05:49:00,3217.22,processing
189b1947-52f2-4e8d-88aa-098ea73ea03f,CUST0102,2026-01-25T05:56:00,3973.83,completed
e913a88c-a4d4-45f5-822c-238b0f32a993,CUST0158,2026-01-25T06:03:00,3409.24,cancelled
5faa2ecb-55d3-440a-84cf-d1476134d832,CUST0099,2026-01-25T06:10:00,4689.05,cancelled
b576fc0e-5570-47c3-a623-bef7ef5c6915,CUST0442,2026-01-25T06:17:00,2693.65,pending
8a01bdb7-b301-4904-a7a1-0aa90679676d,CUST0148,2026-01-25T06:24:00,4840.33,processing
94091bb1-bbd7-45fd-9f1d-d40c646ddf26,CUST0243,2026-01-25T06:31:00,2027.99,pending
7b7ed91e-7bd4-4b53-a45d-5510689936cd,CUST0373,2026-01-25T06:38:00,3751.32,completed
126042f4-0203-4726-a49f-66ac4a0a98ff,CUST0285,2026-01-25T06:45:00,4761.28,cancelled
90c2ff36-8209-4060-b0ff-cbb0e01e87ec,CUST0049,2026-01-25T06:52:00,421.77,processing
ce77eb51-844c-441a-a01d-6dc103c4e5f3,CUST0485,2026-01-25T06:59:00,2657.87,refunded
c265e955-a5ae-44d1-aefe-a838feb760b7,CUST0300,2026-01-25T07:06:00,3965.44,cancelled
36a0e5ea-e1f1-41c5-9c47-e686bab0a1ff,CUST0304,2026-01-25T07:13:00,3221.87,pending
6282c8ab-6aa9-4983-a75e-368197294826,CUST0167,2026-01-25T07:20:00,2282.46,processing
fc7c4ab7-23ce-4da7-9ddb-7f30650c3824,CUST0208,2026-01-25T07:27:00,4302.37,pending
5516b396-8cb0-412e-9695-70a3b5a6f6dc,CUST0030,2026-01-25T07:34:00,3874.79,pending
9e1829be-690d-47dc-a17b-d5b1ac2a1d6f,CUST0053,2026-01-25T07:41:00,2381.5,cancelled
8b2d42d3-76f5-4170-84d7-80853ce5a203,CUST0131,2026-01-25T07:48:00,4991.95,processing
1ed0a4b3-6251-4c11-aaf6-5793314cd376,CUST0005,2026-01-25T07:55:00,4403.46,refunded
3bf06618-41ea-4747-bd0b-95996af09836,CUST0452,2026-01-25T08:02:00,1852.19,cancelled
b1283279-eb91-4fe4-877a-87e1d8b8aac9,CUST0234,2026-01-25T08:09:00,3619.57,refunded
367c7643-6c2e-4457-ba36-95196a7d57b5,CUST0033,2026-01-25T08:16:00,1323.86,processing
f6c61273-e979-449a-8032-6acbc17195f9,CUST0400,2026-01-25T08:23:00,1104.7,cancelled
d66c8de8-80d1-4514-a3d1-5094df7dd161,CUST0486,2026-01-25T08:30:00,3427.33,processing
b45322a6-e004-4697-95f1-44c78a335065,CUST0085,2026-01-25T08:37:00,2285.58,refunded
54dedbd2-9094-441b-9b71-f77f6442ca1f,CUST0192,2026-01-25T08:44:00,2455.14,processing
eb1788f0-0997-4c4b-bd8e-9c25032a28a7,CUST0276,2026-01-25T08:51:00,1573.42,completed
771c9854-7717-49e5-95a7-74e97ef70a6c,CUST0031,2026-01-25T08:58:00,174.53,refunded
0e327147-6d2a-4e55-8653-1f909e5abfc4,CUST0255,2026-01-25T09:05:00,3538.47,cancelled
6bd11041-86a3-4fe3-a76e-516ec58707cd,CUST0264,2026-01-25T09:12:00,3999.75,completed
73262842-4ec3-4953-af59-55da7cdfcc25,CUST0208,2026-01-25T09:19:00,1109.19,processing
560dddfe-4054-4c49-93ec-3b3e8175639f,CUST0434,2026-01-25T09:26:00,4546.53,refunded
5ed34bc5-6721-4a97-bbf6-28336df6dbfb,CUST0403,2026-01-25T09:33:00,2498.98,processing
701b8581-97e3-440f-a2d3-e5f746a5773e,CUST0174,2026-01-25T09:40:00,1675.15,completed
c1af320b-9f68-44cd-baea-4f9f0bec5a23,CUST0042,2026-01-25T09:47:00,3290.57,cancelled
b3d480dc-04f0-4e31-8109-9f6ebbcd2fa4,CUST0411,2026-01-25T09:54:00,3709.12,cancelled
323fe975-b230-4353-af1a-5e8b316d42ec,CUST0224,2026-01-25T10:01:00,3448.67,refunded
4858ffaa-51f1-44ff-8762-ee8cb57a526e,CUST0405,2026-01-25T10:08:00,2108.81,pending
99e7fe8b-9203-4167-b821-ba6c3e4b55a3,CUST0116,2026-01-25T10:15:00,3919.02,cancelled
2b24e864-f09d-43be-a56b-7a72896be4d8,CUST0204,2026-01-25T10:22:00,3722.12,processing
ab33c770-3209-404c-8aa8-0b049c7ef3ea,CUST0295,2026-01-25T10:29:00,607.88,processing
ef66ae72-91bc-40fa-80db-8c5791fc4957,CUST0262,2026-01-25T10:36:00,221.35,processing
d27d5ae4-775c-4372-b4f0-ca6835f4bad9,CUST0076,2026-01-25T10:43:00,65.79,cancelled
d5f63f6a-7401-4c12-b3c4-455a39dbe409,CUST0116,2026-01-25T10:50:00,752.01,processing
48aa4a86-c614-45be-80c0-ead6fb76ff32,CUST0268,2026-01-25T10:57:00,2711.88,cancelled
349305c2-56eb-46c8-a46c-2310fa1f5a77,CUST0311,2026-01-25T11:04:00,1087.69,refunded
788c87eb-9548-46c5-b5f8-ba8aa1f74a10,CUST0094,2026-01-25T11:11:00,4052.29,completed
9a9a15d5-68b7-4701-9492-641cee9b9b3a,CUST0397,2026-01-25T11:18:00,3619.04,pending
80e4f39a-1963-402a-acb1-977ddaa9c3fa,CUST0347,2026-01-25T11:25:00,1736.9,completed
e1509537-243a-4079-8752-9ed840a21839,CUST0486,2026-01-25T11:32:00,3398.86,refunded
68336e9a-53e7-44d5-9c0d-f226c0b74970,CUST0231,2026-01-25T11:39:00,4989.48,refunded
8edace06-2314-4279-ad4e-28522fad2ecd,CUST0311,2026-01-25T11:46:00,758.9,refunded
0e4e6c8a-b1dd-4455-9f3a-f859a901a379,CUST0261,2026-01-25T11:53:00,1668.09,cancelled
32879cf1-2979-4ca3-ac3f-852b4c466dd0,CUST0403,2026-01-25T12:00:00,3845.45,refunded
3a5d6732-08b7-4959-8f88-7f2fd6056427,CUST0166,2026-01-25T12:07:00,1872.85,pending
209c7243-51b3-41f6-a5ee-652d4ec58a79,CUST0167,2026-01-25T12:14:00,1467.48,completed
9bd8082e-0141-4a12-a0d4-06d8d0b4a647,CUST0173,2026-01-25T12:21:00,2318.05,cancelled
786a62b7-7817-4099-93ea-db6102a52a4d,CUST0289,2026-01-25T12:28:00,3175.75,completed
1cc603eb-da7a-4ba4-b0b8-c5b618411efc,CUST0459,2026-01-25T12:35:00,537.02,refunded
c52ca37b-7fd8-4632-a2e2-473b5bafbf25,CUST0132,2026-01-25T12:42:00,1100.64,cancelled
8540919d-fe66-4e7f-b733-3f9d54289d48,CUST0479,2026-01-25T12:49:00,240.4,refunded
3d21b628-7f9f-44eb-adea-448f49a33bba,CUST0500,2026-01-25T12:56:00,1410.88,pending
e64a27eb-b727-4ec4-a559-41739787fde6,CUST0174,2026-01-25T13:03:00,2695.01,refunded
32244f1f-1f28-4109-92dd-4da7887c7462,CUST0178,2026-01-25T13:10:00,1260.72,cancelled
f0f4bb36-4997-4e91-b68d-f4f78fd624b2,CUST0410,2026-01-25T13:17:00,587.25,cancelled
0f0f2fad-a3e7-4539-8424-da81631fdf22,CUST0354,2026-01-25T13:24:00,4585.86,pending
ce24ab88-c423-4837-99a0-2bfb9fe31567,CUST0132,2026-01-25T13:31:00,2335.96,cancelled
d2a75127-e3fd-4813-90f4-2f6bacda5a96,CUST0162,2026-01-25T13:38:00,3466.88,completed
cd5ab5d7-35d1-4a40-bfdc-4fbe073e1e3b,CUST0239,2026-01-25T13:45:00,4066.7,pending
6f524aa1-f663-4af5-8d30-ae2702834615,CUST0130,2026-01-25T13:52:00,4146.5,refunded
3f6f7a0d-dc55-4607-a8bc-9fb9d73bb052,CUST0046,2026-01-25T13:59:00,3463.4,pending
8614817f-a493-4a5c-ade2-ade29fbe17ea,CUST0373,2026-01-25T14:06:00,4069.51,processing
1103295e-ab9d-4bce-8446-6214bd15dc2d,CUST0123,2026-01-25T14:13:00,4773.11,completed
965bba73-a174-4421-bfea-92680ef60c52,CUST0336,2026-01-25T14:20:00,3187.8,cancelled
6d4fd6fb-3ce6-423a-b863-0794f210c914,CUST0077,2026-01-25T14:27:00,2525.61,completed
ffc31b96-0cef-4300-9e52-d885c95c6e4a,CUST0331,2026-01-25T14:34:00,2704.58,processing
bd7eb98f-1877-4d47-ab1f-b022615b4f96,CUST0386,2026-01-25T14:41:00,4197.49,completed
7cade3d3-b140-4a11-bf4e-43bd7ebbf967,CUST0291,2026-01-25T14:48:00,1569.61,cancelled
02e6fffb-55c9-47e3-ba21-4f7d79958de5,CUST0244,2026-01-25T14:55:00,4649.45,cancelled
5663b079-3fc0-4058-8b79-144808411121,CUST0295,2026-01-25T15:02:00,3073.99,pending
cc14d8c2-c3f9-4b1f-a42b-1343cb26ae02,CUST0353,2026-01-25T15:09:00,3166.03,pending
38910145-9cf1-43fe-925b-25186551e61a,CUST0136,2026-01-25T15:16:00,2419.5,refunded
7689b30e-135d-44d4-b9de-656bfcc83c01,CUST0002,2026-01-25T15:23:00,538.76,completed
db995d0c-e40a-4ced-bddf-dabdfe2ba582,CUST0281,2026-01-25T15:30:00,4054.14,refunded
38102e07-0a33-4382-a0d0-0d9ec7eb588a,CUST0305,2026-01-25T15:37:00,464.86,processing
c848673b-71bb-479a-ba93-4ea700f7612f,CUST0159,2026-01-25T15:44:00,1508.63,processing
3dd36216-3599-4d72-ae5f-cd230bb98ded,CUST0148,2026-01-25T15:51:00,1842.69,processing
0c926526-b30a-487e-a0a6-686d5eed5e26,CUST0242,2026-01-25T15:58:00,4636.96,pending
f5040457-977c-4b25-808a-13bcd82b4b70,CUST0119,2026-01-25T16:05:00,742.6,completed
d7994051-2416-46f4-80a9-3c2897eda13d,CUST0353,2026-01-25T16:12:00,2589.29,processing
5546bd5a-fb44-48b2-a927-1400819e0b51,CUST0410,2026-01-25T16:19:00,418.61,refunded
f4301572-580b-423c-b297-8f848bcbe7d8,CUST0256,2026-01-25T16:26:00,518.72,processing
2e60dbea-d5c8-430c-ad1f-64a90045420f,CUST0314,2026-01-25T16:33:00,4104.21,completed
f54f32a1-46ed-447d-b5fe-621aa38cbabe,CUST0117,2026-01-25T16:40:00,358.05,pending
c7554eaa-813e-40ca-b695-05d643ac1cec,CUST0188,2026-01-25T16:47:00,2815.28,completed
deb976bd-2404-4a21-81cf-6b9a83fe4e3e,CUST0067,2026-01-25T16:54:00,3360.18,pending
a0bcdb8d-cec4-4933-b8b7-1ecc6982b444,CUST0131,2026-01-25T17:01:00,4479.56,cancelled
83832f8d-9901-468a-a55a-d6a4c7c1c765,CUST0346,2026-01-25T17:08:00,4430.09,pending
efc893ba-0450-4e48-a8d0-9da3d746c029,CUST0250,2026-01-25T17:15:00,4642.83,pending
43d6de65-5b9f-4f22-9c05-8f0a1503ad07,CUST0377,2026-01-25T17:22:00,4293.45,processing
e245d2d8-2cff-4abe-a57d-ad2a680419e2,CUST0411,2026-01-25T17:29:00,1398.63,refunded
5629c14f-1557-4677-8a44-73bc300caae3,CUST0224,2026-01-25T17:36:00,414.89,completed
cb3bbc47-42c9-4b21-b592-a22a4f4d1aad,CUST0293,2026-01-25T17:43:00,2112.75,completed
c3fb8472-5d3e-4840-8eae-5438c746847f,CUST0204,2026-01-25T17:50:00,2200.49,pending
511dc6b4-6721-4ed2-9df1-ddcddca8e5e0,CUST0309,2026-01-25T17:57:00,4175.81,refunded
2f621144-0e9c-464f-b556-9600dc31c6ff,CUST0452,2026-01-25T18:04:00,3794.45,pending
c101496d-ed37-491b-933f-57a84d31a100,CUST0172,2026-01-25T18:11:00,4510.41,processing
117d0d04-326a-4459-9254-93c5f0316fa7,CUST0370,2026-01-25T18:18:00,2308.86,refunded
1e0b313b-efeb-4421-ad56-26e50838513b,CUST0129,2026-01-25T18:25:00,3665.55,pending
0f787ce1-05e2-486e-833e-d6aed2253ab3,CUST0193,2026-01-25T18:32:00,656.48,cancelled
4975bed6-31f3-4151-a416-b1a7f4d655e7,CUST0335,2026-01-25T18:39:00,1929.98,processing
594c4df3-4426-414e-aa63-fc49e4c2a98b,CUST0417,2026-01-25T18:46:00,1552.75,pending
7c46319d-2eb1-4fcb-9472-f5d2ffb437de,CUST0372,2026-01-25T18:53:00,3893.93,refunded
39e5a003-d66f-4e27-ac8f-ddb7c6341449,CUST0179,2026-01-25T19:00:00,1159.25,pending
b21ce3e7-9643-4e3c-ad21-fbcc3122e50a,CUST0056,2026-01-25T19:07:00,756.71,refunded
b44b48a0-8783-42ed-94f0-dbde4f57f461,CUST0025,2026-01-25T19:14:00,4773.39,cancelled
c0bdf50e-18b6-40be-a818-f84f8dcf8e91,CUST0261,2026-01-25T19:21:00,1897.31,pending
3b7eeae0-8209-435b-9c0b-8ec4c76ed702,CUST0452,2026-01-25T19:28:00,1946.26,processing
66102c3d-90b9-4751-a0af-2c461eb28eb7,CUST0479,2026-01-25T19:35:00,2417.85,cancelled
b686a968-8ff0-4972-8ad5-1f6abcdb9d8d,CUST0004,2026-01-25T19:42:00,3373.07,pending
5217a3fa-0131-41fc-91dc-f466c8db0dd7,CUST0470,2026-01-25T19:49:00,3095.27,pending
5f2f8c1c-fb94-4d8a-a84d-826a3a93d73c,CUST0147,2026-01-25T19:56:00,3492.64,processing
f0705d60-14d4-4086-8fba-27a13bb0feb1,CUST0180,2026-01-25T20:03:00,431.43,cancelled
765c397c-67dd-4605-92b5-d4bf984f51b4,CUST0490,2026-01-25T20:10:00,1078.76,completed
46b9428e-075a-4506-925b-a019196db168,CUST0409,2026-01-25T20:17:00,3726.84,processing
69eed794-2f89-44d6-a3ef-c3f2c8ab5ce8,CUST0151,2026-01-25T20:24:00,2867.55,cancelled
b49ab91d-c0a3-44b3-be15-5e0806823cb9,CUST0399,2026-01-25T20:31:00,501.81,cancelled
129e8ead-562e-48f1-8031-89601cc72e41,CUST0051,2026-01-25T20:38:00,2307.89,cancelled
d4d58210-e829-4586-9d0f-c4d6ace34453,CUST0399,2026-01-25T20:45:00,4056.56,pending
3ecfcbfa-c9c5-479b-82b7-84f6f06c2381,CUST0368,2026-01-25T20:52:00,748.05,cancelled
a67f99b3-14a1-4fd7-8435-e7bc630a013a,CUST0078,2026-01-25T20:59:00,4960.29,refunded
c5828556-ed2c-43b2-b7ec-c820130933f4,CUST0480,2026-01-25T21:06:00,1882.45,cancelled
792c23a3-06d3-478d-9aed-bec75bf75e00,CUST0180,2026-01-25T21:13:00,3297.75,completed
79045941-ff63-4749-b69b-b623fc43cc51,CUST0418,2026-01-25T21:20:00,4636.16,processing
a6a43630-65bb-44a6-9030-6834b68160bd,CUST0315,2026-01-25T21:27:00,2533.04,refunded
92ae6ae4-91db-4437-af0c-d62b8b5063aa,CUST0122,2026-01-25T21:34:00,930.08,completed
db817ee8-58f4-4242-82bf-69d635ad6931,CUST0016,2026-01-25T21:41:00,4576.03,refunded
b693d5e2-14b6-4cdc-8dd0-7e2021b4cea1,CUST0187,2026-01-25T21:48:00,4134.23,completed
caf7dce0-8f39-43ff-a1d2-38f8d2af71a1,CUST0076,2026-01-25T21:55:00,995.37,refunded
402070e2-de75-4e49-9768-17bb39bd0ca4,CUST0308,2026-01-25T22:02:00,1981.77,pending
3a00b40b-3a61-47de-81f8-0cb5cc0c0271,CUST0478,2026-01-25T22:09:00,3105.34,completed
e168c41c-ed20-403c-b20b-a811947f6500,CUST0054,2026-01-25T22:16:00,4527.65,processing
fe848044-ad8a-4fc0-a1ba-087b805fdeec,CUST0414,2026-01-25T22:23:00,1560.5,processing
4e1979c0-859a-4925-a62a-db807fe6b9d6,CUST0435,2026-01-25T22:30:00,1771.16,cancelled
2872f39f-693e-4fad-bdb7-7a18daf30112,CUST0462,2026-01-25T22:37:00,882.36,processing
b44b1fad-15d8-4c39-83b4-4a132b7b7012,CUST0278,2026-01-25T22:44:00,111.36,cancelled
c93a2cc0-ba3d-4349-8159-7ceba7834498,CUST0133,2026-01-25T22:51:00,2690.48,processing
29c212af-d4f1-4613-863c-20d90aec9f06,CUST0408,2026-01-25T22:58:00,1938.47,pending
78a7472f-af85-4d29-800e-8a78852a8b33,CUST0223,2026-01-25T23:05:00,4964.96,completed
621ca870-483c-4cd5-98e7-c779a19c4b1a,CUST0278,2026-01-25T23:12:00,1455.54,pending
65b92aa7-e944-49e6-bc7b-4e2bc6b0b9c3,CUST0364,2026-01-25T23:19:00,4114.62,processing
15ca4afd-7fd6-401c-9a42-25a31141cdaf,CUST0500,2026-01-25T23:26:00,2779.49,refunded
25bcc74d-49e6-42f0-9514-c379697f270d,CUST0292,2026-01-25T23:33:00,4651.27,processing
3e409f64-765c-471d-aea9-c14a5a4c2e11,CUST0086,2026-01-25T23:40:00,4655.52,refunded
f621a203-cbcc-444f-97d2-c1f35571e135,CUST0444,2026-01-25T23:47:00,1541.49,pending
e571d528-0b90-403c-9615-593bef94be5e,CUST0472,2026-01-25T23:54:00,613.94,refunded
00b65d0e-4a80-48de-b187-9608d79c44d0,CUST0380,2026-01-26T00:01:00,3275.73,completed
3b71f341-7535-4169-a926-aa7ec51349d5,CUST0452,2026-01-26T00:08:00,1465.1,cancelled
3877ba16-7eee-4f84-8c4e-89b144759b90,CUST0256,2026-01-26T00:15:00,2537.5,cancelled
,,not-a-date,abc,
8c503ee9-8885-4050-a961-88b287c8d445,CUST0345,2026-01-26T00:22:00,1101.66,completed
6133c525-3988-4d66-8066-a69dfdf93654,CUST0335,2026-01-26T00:29:00,1951.48,pending
bd845e99-2fe9-44cd-b8c9-7d43710d0bf6,CUST0280,2026-01-26T00:36:00,4564.58,cancelled
b83649e0-7210-431a-b70d-e81dcb67c1e5,CUST0486,2026-01-26T00:43:00,1633.19,completed
e60f2f4a-e529-4123-a6ca-a4c9615bf09e,CUST0479,2026-01-26T00:50:00,2583.61,pending
a0f5014e-eec0-4d09-bc95-bd95aee5dc78,CUST0400,2026-01-26T00:57:00,2567.79,completed
9771ed4f-2ceb-4af1-95b5-649f8b686d49,CUST0425,2026-01-26T01:04:00,2668.1,processing
b43ef361-479b-4928-9553-7b9d39d68db7,CUST0243,2026-01-26T01:11:00,1688.61,pending
365361da-f47f-4646-bae0-592922233067,CUST0282,2026-01-26T01:18:00,169.17,processing
1b664e8a-3dfd-4408-b8c2-8362f56dde45,CUST0326,2026-01-26T01:25:00,2470.53,refunded
3360dd36-2760-4e60-b540-70fccdaec576,CUST0113,2026-01-26T01:32:00,2969.84,completed
6324021e-da24-4376-8829-8911de3cce76,CUST0239,2026-01-26T01:39:00,978.75,pending
1801467e-28ca-468f-bae1-560a8a3aab36,CUST0251,2026-01-26T01:46:00,3914.47,refunded
f514192a-d046-447b-a1eb-3e876809afb0,CUST0121,2026-01-26T01:53:00,2057.99,pending
97172d95-1c3e-43c4-be68-6da9c72e473c,CUST0191,2026-01-26T02:00:00,115.04,processing
43aab23a-c0bf-403b-a7ad-256d40f07ab7,CUST0274,2026-01-26T02:07:00,3593.49,cancelled
94d07ae1-f0cc-4325-870b-6cdfbdec4b68,CUST0317,2026-01-26T02:14:00,4373.29,processing
9579deaa-a609-41e6-999c-6dc2f5eb3644,CUST0333,2026-01-26T02:21:00,2449.1,refunded
81cddcd9-d5ac-42f5-aa3e-3189477dd6c5,CUST0030,2026-01-26T02:28:00,2468.83,refunded
2be95b68-abe1-480e-a653-2069983c46b3,CUST0070,2026-01-26T02:35:00,2706.39,pending
612a6f2a-1235-49f8-97ba-616687884ffd,CUST0250,2026-01-26T02:42:00,4555.73,refunded
5df18b90-2a1e-40d8-8d63-debb0a49cb6d,CUST0493,2026-01-26T02:49:00,605.95,processing
9b7a9821-970e-4e7b-9199-8e25f0ec0205,CUST0069,2026-01-26T02:56:00,4569.61,cancelled
44217a41-7ed1-42e1-9ac0-2440ad346221,CUST0182,2026-01-26T03:03:00,4247.05,pending
edb0c3e1-fc5d-4761-ac79-cbfb6c2de833,CUST0125,2026-01-26T03:10:00,27.83,refunded
4e60ab52-6f3a-4610-ad01-abee7b649064,CUST0030,2026-01-26T03:17:00,1366.86,pending
9ac27b8e-1ed2-4223-a7bb-387f3153d802,CUST0052,2026-01-26T03:24:00,4456.16,cancelled
1181cdda-78c2-4a78-abb4-1cb3a3e2a225,CUST0025,2026-01-26T03:31:00,4085.36,processing
d0d01261-9248-438a-90c9-5d65291443cb,CUST0120,2026-01-26T03:38:00,2972.99,refunded
f320b503-2646-45bb-b1a6-964bfb379009,CUST0375,2026-01-26T03:45:00,386.86,processing
25afef81-2ac0-45ed-acd8-fc82484b268d,CUST0473,2026-01-26T03:52:00,297.56,completed
033c2b61-3fce-46e1-82a5-d7f41a20179b,CUST0153,2026-01-26T03:59:00,1505.81,processing
1a890f01-c3d6-4c7c-a7e6-d34a48376f8a,CUST0033,2026-01-26T04:06:00,1170.18,cancelled
83dfa7ed-df60-4ff6-be14-00f52e1bf01a,CUST0172,2026-01-26T04:13:00,3923.35,completed
9f529ffa-93fd-461e-b7f2-665f02c0cba3,CUST0322,2026-01-26T04:20:00,961.67,pending
53f6c74b-2b34-45d8-8079-52266a233e82,CUST0348,2026-01-26T04:27:00,419.34,cancelled
de5b9a78-1342-4c09-9f38-50ccf0c02d9a,CUST0208,2026-01-26T04:34:00,821.57,cancelled
34aa527e-ad4b-4dd6-8d3e-f2ad80fce0c8,CUST0244,2026-01-26T04:41:00,2718.81,processing
bca46786-1fd9-4ab0-bf49-4fcba0a5d515,CUST0193,2026-01-26T04:48:00,4077.02,completed
6d1feedf-827b-45b7-a4d5-f2e64b840d88,CUST0082,2026-01-26T04:55:00,3846.47,completed
bda272df-c0bf-49b0-950d-b8e44159287f,CUST0032,2026-01-26T05:02:00,3112.44,cancelled
269d7dbf-3717-42d2-b15f-eeb6e95a9221,CUST0329,2026-01-26T05:09:00,1930.21,processing
02596050-a3d8-42aa-8056-3b7077af65b8,CUST0384,2026-01-26T05:16:00,1365.39,processing
9247559d-4105-4984-9115-e70897047e7e,CUST0256,2026-01-26T05:23:00,1858.83,pending
eb4a2bb4-2e5c-4f7d-a499-50a4a248253a,CUST0078,2026-01-26T05:30:00,4314.99,cancelled
0f9f0fa2-46ac-4c43-aa05-59a33f0d1385,CUST0129,2026-01-26T05:37:00,2288.42,pending
61eca198-1c9f-4244-927e-40431331d88d,CUST0440,2026-01-26T05:44:00,630.63,pending
3d005962-e97b-481d-8dcf-1505dc5b20b6,CUST0417,2026-01-26T05:51:00,414.26,pending
ebc77853-2187-4bd3-8121-e23f3a289372,CUST0075,2026-01-26T05:58:00,1216.3,cancelled
e6f83e1a-bc82-43f3-8f33-40e5d5d921ca,CUST0040,2026-01-26T06:05:00,318.9,cancelled
6d5d16f0-1ab0-4aeb-b4a5-6dfc671b2422,CUST0046,2026-01-26T06:12:00,205.35,completed
11305d8e-0198-4547-95d0-645ce7646c01,CUST0222,2026-01-26T06:19:00,1460.22,cancelled
d1f487e6-dedf-41da-beae-9193f0a6257b,CUST0268,2026-01-26T06:26:00,4171.91,cancelled
7ab771a9-3366-44ca-a85b-7246765f50cb,CUST0198,2026-01-26T06:33:00,992.86,processing
3149ddc9-1149-46ac-85f5-4d2be6b62a71,CUST0241,2026-01-26T06:40:00,3987.69,processing
1762bd65-69b9-46e3-8609-e01bccca2c83,CUST0045,2026-01-26T06:47:00,1479.93,processing
7cf87db6-2e39-4f57-8a90-b571d78a433a,CUST0096,2026-01-26T06:54:00,228.94,completed
c5b35def-55ed-43e9-96d7-2c01cdb9036f,CUST0298,2026-01-26T07:01:00,3631.97,pending
d6d29fc9-6c50-4f70-9e67-501269b4f6be,CUST0085,2026-01-26T07:08:00,854.68,processing
9fadaaed-f321-418e-8dcc-b7dea7fa13da,CUST0159,2026-01-26T07:15:00,1710.75,pending
a2389edd-1d02-4ef1-8814-42f633ff7d07,CUST0024,2026-01-26T07:22:00,4134.76,cancelled
9e303146-cf35-4430-9983-1215b790dc08,CUST0186,2026-01-26T07:29:00,4400.77,pending
98429f34-0df4-42f2-b5f4-a7796684875f,CUST0146,2026-01-26T07:36:00,3382.48,completed
f1993dd6-854f-47e6-831d-ef0029e53312,CUST0020,2026-01-26T07:43:00,1108.33,processing
c378a989-7fbf-43c4-a6ea-5326e331ab51,CUST0375,2026-01-26T07:50:00,4966.8,processing
cc51b6f8-948c-43a9-a92c-c1634dbd7569,CUST0320,2026-01-26T07:57:00,4240.19,processing
5970f6f0-f008-4411-9072-14c4842c3182,CUST0487,2026-01-26T08:04:00,2960.93,refunded
06bb024a-64fb-4194-9f0c-b498f9ed66d9,CUST0438,2026-01-26T08:11:00,2418.22,cancelled
114ff3f4-9bc8-4670-89ec-39b2f2fc37e6,CUST0400,2026-01-26T08:18:00,1000.1,processing
a632439a-c5b9-4dd5-b6c7-3eb5c46e65ce,CUST0289,2026-01-26T08:25:00,1768.37,pending
3b75d033-873e-4ef4-9851-828fc25ef6de,CUST0003,2026-01-26T08:32:00,2863.38,pending
9795b6a2-ccf7-4999-8fbb-7cedd33e62ad,CUST0091,2026-01-26T08:39:00,31.68,pending
b61a7331-d8b6-477d-bdaa-c78044c63c2b,CUST0222,2026-01-26T08:46:00,2471.38,pending
77ba7822-a9c6-46f6-acc3-cb03b16e0d0d,CUST0373,2026-01-26T08:53:00,2562.96,completed
aaf98c51-d9fd-4512-ac37-011ba2ef4387,CUST0213,2026-01-26T09:00:00,3439.2,cancelled
fe98c78f-778e-468d-90de-8ed959637a1f,CUST0161,2026-01-26T09:07:00,3831.42,pending
790c137c-15c3-4402-82dc-c3e713f2c298,CUST0238,2026-01-26T09:14:00,4546.36,refunded
74b6b684-6c13-4ce9-a389-73e7599a1352,CUST0210,2026-01-26T09:21:00,4826.04,pending
6a57058f-0c1f-4a5f-92e7-3b26cc900e9c,CUST0170,2026-01-26T09:28:00,1535.84,completed
9daca309-341f-426f-8f1d-7f7d8c10c937,CUST0094,2026-01-26T09:35:00,1989.84,refunded
6afe6e75-226b-4e97-9b93-d7e1de35ae73,CUST0129,2026-01-26T09:42:00,2856.85,pending
cfbc5278-b900-417a-b05e-9a71ec7ca2da,CUST0425,2026-01-26T09:49:00,3300.86,pending
80051bc9-0b5e-4e66-904f-685bc855863d,CUST0136,2026-01-26T09:56:00,2774.09,completed
8774163e-57bb-49d9-b026-e94a9f10f198,CUST0071,2026-01-26T10:03:00,4850.9,cancelled
1bd69e9f-b0cf-4f3b-bc73-6cea0fc5dabe,CUST0395,2026-01-26T10:10:00,4816.22,refunded
2deb6a6d-3d21-4ccb-8ea2-081f6767e7d4,CUST0422,2026-01-26T10:17:00,607.55,completed
a5f70a98-ab4a-405e-882a-94e399d06307,CUST0479,2026-01-26T10:24:00,1746.39,refunded
744b15fc-7d33-4ad2-8bf8-0d5b4367d42e,CUST0469,2026-01-26T10:31:00,4274.48,cancelled
7523e354-1b06-4c50-ab65-1bf75cbb43fd,CUST0171,2026-01-26T10:38:00,3088.71,cancelled
cd7ecbbc-8797-4b20-8e30-cafeb5cecca1,CUST0136,2026-01-26T10:45:00,1325.57,completed
cdfc411d-bc01-4236-9d56-12c8f0a4e203,CUST0118,2026-01-26T10:52:00,1531.6,completed
e4d28f98-1200-4cf1-a30b-b363a074ea19,CUST0192,2026-01-26T10:59:00,2721.67,cancelled
0877c79f-5af2-4ccb-880d-a8ac5d63fa3b,CUST0025,2026-01-26T11:06:00,3066.77,cancelled
3ab9f6c5-8600-48bc-9da9-3fa776eae063,CUST0443,2026-01-26T11:13:00,4447.44,processing
b859b7e7-9209-4fd2-8510-7bd2f3ba3b39,CUST0028,2026-01-26T11:20:00,1287.55,refunded
47a2f009-12cd-4db2-a810-81e2357e4dfc,CUST0186,2026-01-26T11:27:00,574.43,cancelled
eee14422-3534-47bd-a5a3-ac03d6f6e14d,CUST0473,2026-01-26T11:34:00,4707.82,processing
154f9135-6cf5-4df4-8851-b337f61d4901,CUST0380,2026-01-26T11:41:00,819.13,cancelled
e2de4ee6-f5c8-42c8-947b-50cf33743b4f,CUST0432,2026-01-26T11:48:00,2836.54,cancelled
0f405ea1-2f1d-4c1a-9dc8-d85bf2e571f3,CUST0446,2026-01-26T11:55:00,3424.4,refunded
864fd966-63cc-4115-9d85-e85c82a45c89,CUST0106,2026-01-26T12:02:00,1961.8,completed
1bbd9637-c872-4da2-9e0e-9992b79e23f0,CUST0257,2026-01-26T12:09:00,3592.1,refunded
aa4d7360-d175-437c-8641-261d2ca5722e,CUST0100,2026-01-26T12:16:00,34.09,pending
9d6b843f-7a26-4ae7-96a3-eb3dc6000a23,CUST0175,2026-01-26T12:23:00,4615.62,completed
da034cd3-6266-4e4a-8c1f-f9faf7b0f786,CUST0436,2026-01-26T12:30:00,4398.73,processing
a2fa228e-0cab-4cfc-9c37-8b035848f8d4,CUST0469,2026-01-26T12:37:00,4013.41,cancelled
dd361d9a-00cb-483a-b60e-b43bd342df4b,CUST0486,2026-01-26T12:44:00,1153.8,processing
0cb8577c-2ee1-4fe0-a041-dd19398f077b,CUST0394,2026-01-26T12:51:00,2078.18,pending
117d4d64-44e8-4ec1-982e-e29cc4b3360f,CUST0257,2026-01-26T12:58:00,4654.66,processing
e4af974e-14d8-4784-a3b4-662d158f5b25,CUST0019,2026-01-26T13:05:00,2653.35,cancelled
5dcee8bc-52a1-4258-8660-a8fe04f9425b,CUST0356,2026-01-26T13:12:00,3869.29,completed
abb4e717-3ca8-4a72-87b0-6de7d5322800,CUST0047,2026-01-26T13:19:00,2699.66,pending
2d6aa66c-5c78-440a-be42-17911caa2339,CUST0253,2026-01-26T13:26:00,557.96,pending
f6c657ec-816f-4db2-bd92-a82b86137eda,CUST0200,2026-01-26T13:33:00,3931.14,completed
0d1e536d-0430-4be8-bee3-7ba88b4fbfff,CUST0438,2026-01-26T13:40:00,918.23,completed
745d908e-1916-4ef9-a44e-d93ec95d12b6,CUST0377,2026-01-26T13:47:00,4103.18,refunded
8806ffba-9afd-4f2a-8513-4a598c16c6f5,CUST0162,2026-01-26T13:54:00,1802.35,completed
bcc1306c-3400-4190-a26a-1f0c98b3fa32,CUST0156,2026-01-26T14:01:00,861.66,pending
9f356a9d-7450-4860-8cac-3869b8a502d5,CUST0489,2026-01-26T14:08:00,4207.84,pending
afaf90cb-c648-4b63-92e2-4d5135b39c6b,CUST0377,2026-01-26T14:15:00,4393.8,refunded
42552b6c-0161-4d1f-bf2c-10a3f2dc1f16,CUST0434,2026-01-26T14:22:00,3857.34,cancelled
9fc26ebc-6e4b-47d6-ad99-1920371919d7,CUST0211,2026-01-26T14:29:00,3806.07,processing
99b35129-71f7-4ed4-82a8-56eb5b310348,CUST0312,2026-01-26T14:36:00,905.48,completed
895fc148-11ff-4bb0-89f0-53cff73035b1,CUST0457,2026-01-26T14:43:00,868.51,cancelled
4a0684d8-ea26-4a33-ad0c-09718619d35a,CUST0490,2026-01-26T14:50:00,3058.79,pending
4b8540e7-c20e-426c-b029-551ae030134f,CUST0475,2026-01-26T14:57:00,4396.53,pending
ebd50f36-d6a1-4f1b-9418-caef48af1c4a,CUST0397,2026-01-26T15:04:00,2199.43,completed
50ffad2e-8fd8-45f0-807f-c6e9f63c2c2c,CUST0438,2026-01-26T15:11:00,359.48,refunded
78119546-b861-4740-9d7a-f86e19811c29,CUST0250,2026-01-26T15:18:00,2136.82,cancelled
78ea8996-c772-44d4-b07c-255bcaabde41,CUST0485,2026-01-26T15:25:00,3584.77,pending
e6b3a96b-577d-408a-ba67-bf4aa850b342,CUST0301,2026-01-26T15:32:00,3650.07,cancelled
6cea058a-5488-44b1-9e8b-d510690413cc,CUST0459,2026-01-26T15:39:00,2352.32,refunded
a3836cae-e203-4955-a522-fe3a623f2232,CUST0297,2026-01-26T15:46:00,1239.07,cancelled
d8b3544f-b1ef-48ac-9f27-274ece8cb937,CUST0323,2026-01-26T15:53:00,2152.04,processing
c0b720ed-e702-44f7-8eb7-24e46aade6e1,CUST0079,2026-01-26T16:00:00,1396.79,processing
dc5970cd-0ad4-4a59-8fec-222e299df676,CUST0461,2026-01-26T16:07:00,2004.65,pending
afa9805e-9f3f-43ab-b06c-16ea422e0f75,CUST0081,2026-01-26T16:14:00,3002.84,completed
b07b2f2a-b03f-4d39-8335-43a3b078822d,CUST0323,2026-01-26T16:21:00,3615.34,processing
59c47857-abbe-4f03-a76e-44da844151d2,CUST0243,2026-01-26T16:28:00,2738.08,pending
cff18ab2-86bf-4014-b9b6-885d39819d22,CUST0420,2026-01-26T16:35:00,2222.9,refunded
54f01163-b4be-4d4c-9a23-8663c919149b,CUST0406,2026-01-26T16:42:00,92.49,completed
084c1f2e-4017-47d8-a2de-b0ed81a6dbe2,CUST0409,2026-01-26T16:49:00,4547.81,pending
9f760044-c9b9-471e-a782-4070e1498876,CUST0422,2026-01-26T16:56:00,2882.9,completed
17f39a72-6cdc-4e4a-9473-05c27f3c0dfc,CUST0418,2026-01-26T17:03:00,4965.17,refunded
94be3a54-6d8d-44e4-8cd7-11f6281705b7,CUST0125,2026-01-26T17:10:00,4169.04,completed
f7ceb971-d51d-4b3b-913c-3875a27105c5,CUST0352,2026-01-26T17:17:00,4486.77,refunded
b6fdf1d5-fccb-46db-8f46-37b70f4dae55,CUST0050,2026-01-26T17:24:00,3624.14,processing
16735fe4-2544-4a61-9b1c-bce6c91b84e3,CUST0326,2026-01-26T17:31:00,4356.11,refunded
572978dd-0f3f-4498-a3b9-d0a0f7360700,CUST0073,2026-01-26T17:38:00,4765.82,cancelled
c22a9970-56d0-4d6f-8a3d-1205625f7612,CUST0237,2026-01-26T17:45:00,2123.18,cancelled
2491e390-d243-4a1b-8a3b-3501615dbeee,CUST0334,2026-01-26T17:52:00,4736.06,completed
ced02999-0f61-4f1b-8ae8-7bfca5f66236,CUST0269,2026-01-26T17:59:00,1293.8,refunded
06ba1c46-3794-4968-a284-8268406e0a89,CUST0473,2026-01-26T18:06:00,1237.48,cancelled
7a739717-56a8-4f45-9eab-10095934eeed,CUST0032,2026-01-26T18:13:00,4971.9,pending
f4c1f578-47e5-407c-9bfc-1de56f7adf7d,CUST0058,2026-01-26T18:20:00,2112.62,refunded
d29dea1d-b667-49d3-b078-0398c869ba3f,CUST0126,2026-01-26T18:27:00,3190.41,refunded
428be0df-ced4-4ba6-a158-89785bd97242,CUST0421,2026-01-26T18:34:00,3427.17,cancelled
9ee0086c-6b51-487f-a979-f0866dc58b49,CUST0464,2026-01-26T18:41:00,4585.08,pending
ee655c22-b949-4b08-a22e-1874bbd3b37f,CUST0009,2026-01-26T18:48:00,1028.38,pending
5fbb356b-e621-494a-9c90-76b085749c7c,CUST0243,2026-01-26T18:55:00,1305.47,completed
83c5f230-cd17-4295-8538-358ebd9b4928,CUST0131,2026-01-26T19:02:00,2060.57,cancelled
a1b767b6-002a-43ae-b8a7-6b1ce4cda970,CUST0125,2026-01-26T19:09:00,306.63,cancelled
34fcc048-0471-4f99-941c-1e360df11ab0,CUST0077,2026-01-26T19:16:00,63.62,pending
ecf97adf-0382-4e57-8f65-3401ebd93922,CUST0226,2026-01-26T19:23:00,3703.09,cancelled
0cf45ac0-76d3-4349-b1e2-90f9f006ed16,CUST0072,2026-01-26T19:30:00,642.97,cancelled
c4c63d1b-0463-4857-9094-e91eef9b5379,CUST0221,2026-01-26T19:37:00,3415.05,pending
bb7a6b51-52f9-4f5c-be3d-b511a4a0f0d2,CUST0170,2026-01-26T19:44:00,38.91,refunded
5e832949-cc37-495e-a8df-ad62bbf69cc9,CUST0436,2026-01-26T19:51:00,2767.83,refunded
32854fcb-eb71-4cc9-b4f2-2329d8c263fe,CUST0114,2026-01-26T19:58:00,922.2,processing
1db2eb7b-54ce-4cb8-ac8c-e5db55399c25,CUST0092,2026-01-26T20:05:00,2349.88,pending
2c889ad2-4b14-4693-90dd-11565df2b5a0,CUST0164,2026-01-26T20:12:00,3860.34,cancelled
184f576a-5d46-4bd5-bc28-65cc8afb5454,CUST0120,2026-01-26T20:19:00,571.19,completed
43ff50fd-aada-485e-ac2f-93f14e347f66,CUST0314,2026-01-26T20:26:00,3102.02,processing
92f2aea6-8eb9-4ce4-987f-45255da6b217,CUST0278,2026-01-26T20:33:00,3941.23,processing
6602b613-556a-4e55-be9b-280f76fcfde4,CUST0282,2026-01-26T20:40:00,1769.7,processing
c08bb3f4-d195-4b8a-8a58-479dba4ff2fd,CUST0486,2026-01-26T20:47:00,4801.42,pending
593c4b05-1181-4c14-995d-fa32a495fff4,CUST0088,2026-01-26T20:54:00,4700.7,pending
aed29653-c0e1-4e9a-a386-4ab1102e230e,CUST0111,2026-01-26T21:01:00,1722.31,pending
d3c758bd-d4a9-48ef-89a1-a7cbe788ad27,CUST0357,2026-01-26T21:08:00,204.06,refunded
dcbad1ab-0fe1-4dca-9e98-042b07a2c776,CUST0112,2026-01-26T21:15:00,99.25,refunded
c3bd88e3-b933-4b68-b731-abd84a7cad51,CUST0016,2026-01-26T21:22:00,2198.42,completed
cf4b1bee-bfcb-4da5-8942-08465dbe44c3,CUST0325,2026-01-26T21:29:00,1245.76,cancelled
ba81e94b-19a7-4bd9-9273-65e0a3f5b14b,CUST0249,2026-01-26T21:36:00,3592.58,refunded
ae498900-bbb1-401b-9bf1-14e3b05861e5,CUST0207,2026-01-26T21:43:00,3975.92,completed
aa3b4981-0b75-4ff3-9874-670bdf78f199,CUST0052,2026-01-26T21:50:00,4870.03,cancelled
41b2e249-9f83-4e2a-8c1f-7ece57269322,CUST0312,2026-01-26T21:57:00,4739.65,refunded
5e9fe75f-56a0-4e0c-a992-29e58ae76632,CUST0198,2026-01-26T22:04:00,140.44,cancelled
788d28f9-8234-4cdd-ab65-970b6a48272d,CUST0012,2026-01-26T22:11:00,4158.27,pending
2534fb7f-0009-4547-a1fc-f923bb737c07,CUST0494,2026-01-26T22:18:00,4458.37,pending
b67cb9e8-b715-4430-a7f7-cf51d6c31e18,CUST0291,2026-01-26T22:25:00,3645.7,refunded
8b03ba92-e6f7-448c-9e8e-2940f64c0c53,CUST0081,2026-01-26T22:32:00,4769.3,processing
479b62f5-c265-4767-a6dc-4d87c51644fd,CUST0219,2026-01-26T22:39:00,1659.66,processing
b315abe8-9ba5-4b4d-9337-303cb308b514,CUST0255,2026-01-26T22:46:00,4917.34,cancelled
277ded48-3ae3-488c-bd7e-a37a88bbd9be,CUST0001,2026-01-26T22:53:00,2181.66,refunded
c4635016-8caa-4827-a775-8cd0d594573d,CUST0109,2026-01-26T23:00:00,854.72,refunded
7add0a16-fd6c-4b76-8da9-2421d6909e98,CUST0203,2026-01-26T23:07:00,4624.24,refunded
f1a1000d-701c-444a-94c2-5e6624d3eab2,CUST0318,2026-01-26T23:14:00,279.77,completed
cc14ea23-65b3-4802-a6d5-9930fb9b894a,CUST0111,2026-01-26T23:21:00,1743.74,processing
394fb6fc-a9de-49f1-b5b2-00dcbeff947c,CUST0065,2026-01-26T23:28:00,2056.52,pending
9f0fff37-bf44-42ee-8d9e-8d8645d06361,CUST0292,2026-01-26T23:35:00,1104.84,refunded
3c95ac3d-9fd8-4dba-a066-01c6117f0a15,CUST0373,2026-01-26T23:42:00,3111.62,completed
617aeb6c-c7a6-4783-94f1-5b27fee0d5bb,CUST0125,2026-01-26T23:49:00,3590.51,refunded
33fc70d9-f744-4929-a239-a3ad7543558d,CUST0312,2026-01-26T23:56:00,907.08,cancelled
cd71a359-d41f-4d0d-a70e-6d614acbd593,CUST0084,2026-01-27T00:03:00,1784.33,processing
2d8bfe30-0855-4011-9dca-7f4387fbbed7,CUST0404,2026-01-27T00:10:00,750.23,pending
b421bb36-cb9f-4922-8dd2-07c57285184b,CUST0431,2026-01-27T00:17:00,1996.26,refunded
,,not-a-date,abc,
e5474a70-7992-4966-a51c-e07fa2ce0e8c,CUST0474,2026-01-27T00:24:00,746.89,cancelled
2c6bf1ff-23fc-46b3-82d8-e212d1ffff6a,CUST0115,2026-01-27T00:31:00,4456.31,processing
52534276-2407-40a3-987a-7eee0c2fd594,CUST0271,2026-01-27T00:38:00,4787.72,processing
b4d1427a-944d-416b-80b7-0f71e2d9a27e,CUST0477,2026-01-27T00:45:00,1657.98,refunded
9f436700-d374-448d-874b-4294049e4ac1,CUST0438,2026-01-27T00:52:00,2230.63,cancelled
765ece49-ae25-4fd9-8772-6ab459203ef1,CUST0211,2026-01-27T00:59:00,3762.5,pending
4294824c-ca70-403b-a747-78e39eefa5c6,CUST0144,2026-01-27T01:06:00,335.62,pending
3b1f0e18-3182-43f0-bdac-4c04e744c55c,CUST0216,2026-01-27T01:13:00,2463.93,cancelled
3a70d868-caf5-405b-b2bf-513654c41c56,CUST0060,2026-01-27T01:20:00,1260.91,cancelled
d814f610-29a7-40c9-abdd-46c683052a21,CUST0128,2026-01-27T01:27:00,2055.46,pending
6d1a417f-9d9f-4b3f-b453-df25ea5cbfa3,CUST0183,2026-01-27T01:34:00,3919.32,completed
0c41b787-9911-45ee-8d14-e25661fa7bc9,CUST0188,2026-01-27T01:41:00,4660.17,cancelled
f6e56dec-da05-4e2e-b750-f2dc634d444f,CUST0367,2026-01-27T01:48:00,616.24,refunded
921c4a51-9f71-4fee-bedf-9dbe59570657,CUST0100,2026-01-27T01:55:00,3266.73,refunded
0f7ac060-9ac9-4ba0-aa57-060ae8419ac5,CUST0096,2026-01-27T02:02:00,790.63,refunded
07e8f72d-919b-4e89-a5a3-245a2568e14f,CUST0387,2026-01-27T02:09:00,3722.58,cancelled
f3aace5e-1a70-4640-a408-6cc1c5f1a27b,CUST0393,2026-01-27T02:16:00,1397.43,refunded
a9b87770-5da9-434b-9778-ebd5e962ce77,CUST0065,2026-01-27T02:23:00,2168.38,cancelled
756a0921-3176-48ce-ba6e-7665a710fcf6,CUST0426,2026-01-27T02:30:00,2722.86,cancelled
d963b272-cbda-4a22-a427-aaec9bf30abc,CUST0246,2026-01-27T02:37:00,3273.96,pending
2c31cec0-1239-4f88-85a0-a086251b59a4,CUST0055,2026-01-27T02:44:00,3674.22,cancelled
6fbfd080-a378-45d5-83dd-5b6c0214fd57,CUST0130,2026-01-27T02:51:00,4485.29,processing
4e863855-792f-4a32-8422-258607b89d5e,CUST0421,2026-01-27T02:58:00,1512.08,cancelled
982f9140-0a77-4b02-bd58-929b42fefc7c,CUST0002,2026-01-27T03:05:00,2453.38,pending
86df9ad6-5032-421b-ba0a-b1b14e566a29,CUST0187,2026-01-27T03:12:00,3413.68,pending
a25ef4ce-afcf-4eef-8f67-25772178192c,CUST0113,2026-01-27T03:19:00,2809.66,completed
451894cb-2119-4858-b38e-434b800ccd23,CUST0346,2026-01-27T03:26:00,1433.66,processing
43ea0824-e5b4-4230-9958-38f6d43f8a19,CUST0478,2026-01-27T03:33:00,1576.64,completed
e598eb6f-17d2-44a2-93d2-07cc00f2b25f,CUST0117,2026-01-27T03:40:00,416.77,processing
cbdb36d7-4b4f-4111-bfbd-351ce5ad3d04,CUST0257,2026-01-27T03:47:00,1752.39,pending
a88eae2d-8c2e-4605-a182-dd854a5f498e,CUST0239,2026-01-27T03:54:00,4145.53,cancelled
018e7ff6-7cd9-4fb5-bc0a-c3e22243b502,CUST0428,2026-01-27T04:01:00,2707.18,pending
b2d2201b-cc6a-4094-a52a-830f214f47fa,CUST0233,2026-01-27T04:08:00,2299.01,completed
30fad7f8-5f9d-4fcd-8076-99a0a20fd589,CUST0201,2026-01-27T04:15:00,4601.83,completed
24d02d32-ec11-4e29-b4bf-38f1525e9301,CUST0093,2026-01-27T04:22:00,4331.09,cancelled
e423c2a2-51e4-4fc7-8cb0-5314373d2317,CUST0360,2026-01-27T04:29:00,2337.15,cancelled
053c4f98-5317-4a5a-ba66-a1ed3d21ebc2,CUST0212,2026-01-27T04:36:00,505.99,cancelled
558e6eeb-28e4-4463-aa23-f975a23268cb,CUST0329,2026-01-27T04:43:00,4587.73,pending
,,not-a-date,abc,
1ce3c22a-f260-455b-8e98-85bc2735f1be,CUST0275,2026-01-27T04:50:00,752.78,processing
2f9a06ab-883a-4629-b8f4-eb57ed4e0075,CUST0373,2026-01-27T04:57:00,2262.46,pending
87417f34-dc8d-42d6-81ed-e33e84c01eea,CUST0270,2026-01-27T05:04:00,3278.04,completed
a31ad436-e42f-4e3f-988c-9f389c6bbb7e,CUST0415,2026-01-27T05:11:00,697.08,cancelled
1acf5935-8e83-4f80-86c7-e7c6e0a10c40,CUST0087,2026-01-27T05:18:00,2449.24,pending
98609db7-8ea8-4c95-9780-b8bc30c0f9fd,CUST0008,2026-01-27T05:25:00,4226.7,cancelled
31fed45f-3081-4d76-8c83-6b812e7e7680,CUST0477,2026-01-27T05:32:00,4109.84,completed
b4a4d0af-ec98-46d5-a6e8-e07ff6999572,CUST0282,2026-01-27T05:39:00,4924.25,pending
18af443e-dbc1-42a6-86b8-3926297b7ad9,CUST0499,2026-01-27T05:46:00,785.95,processing
91e34f00-f335-4416-992c-876aa9d82ebd,CUST0090,2026-01-27T05:53:00,3050.63,cancelled
e869c58a-1307-4791-9567-d2ceff8e2572,CUST0276,2026-01-27T06:00:00,3558.93,refunded
4ee7e9e3-4aa6-490c-bfef-af57b090357c,CUST0088,2026-01-01T00:27:00,75.00,not_a_real_status
e3733762-3846-4b6c-9125-9b4ebead9249,CUST0457,2026-01-27T06:07:00,932.34,processing
00c323f6-969c-4b40-a2ee-aa53f06ee964,CUST0155,2026-01-27T06:14:00,1383.96,refunded
7f88654a-0838-4fe4-b1a5-3bfad86f8df4,CUST0103,2026-01-27T06:21:00,762.75,pending
4852baad-389c-4c94-a307-1269bdc3ad5a,CUST0329,2026-01-27T06:28:00,4437.27,pending
b8f8257d-bc8c-4325-bca0-057f3cf52dd2,CUST0033,2026-01-01T00:58:00,-50,pending
f7307a36-77e5-42b1-96cd-531e6047eadb,CUST0038,2026-01-27T06:35:00,4962.23,processing
b738bb5d-fa18-48e2-90b0-dff9b65c9867,CUST0151,2026-01-27T06:42:00,4987.62,processing
af7fc16d-775f-410a-baaf-34e9e5bcf6f5,CUST0404,2026-01-01T00:30:00,-50,pending
86e8492b-c2e1-4e8d-aab5-5f1867412ced,CUST0087,2026-01-27T06:49:00,1405.18,completed
d7e72e1f-e6f9-49b3-a9f4-811c9b251f06,CUST0254,2026-01-27T06:56:00,4608.98,completed
9d8e91f4-97f8-4b0b-a57a-b8d81e5ed135,CUST0494,2026-01-27T07:03:00,3624.48,cancelled
167d33bc-c25e-40d0-b2bd-9905602888a3,CUST0245,2026-01-27T07:10:00,1870.73,pending
2aec31e5-c70e-4b8a-b838-23f4b1c3d6a8,CUST0328,2026-01-27T07:17:00,4814.27,refunded
51d7a27c-eb51-484b-882d-f8f4332b4ff6,CUST0015,2026-01-27T07:24:00,1159.97,pending
7d9727e5-0a08-421e-a3e8-4a0420110917,CUST0432,2026-01-27T07:31:00,4008.51,pending
920acc10-75a7-419b-a281-3e58228da6f6,CUST0187,2026-01-27T07:38:00,3433.3,completed
d4ad569c-5df7-4b85-973e-7d6d274319fd,CUST0374,2026-01-27T07:45:00,617.13,pending
c44cc554-28e6-4467-ac0d-e29ca6eb45c7,CUST0219,2026-01-27T07:52:00,3378.72,completed
2f784f87-1ceb-4da1-b971-14475da9515a,CUST0010,2026-01-27T07:59:00,393.45,pending
5b9b6684-7f01-4bf2-92ba-9e57381b1d96,CUST0353,2026-01-27T08:06:00,4168.75,processing
e020282d-6c09-473f-a2f7-003c068d9497,CUST0451,2026-01-27T08:13:00,2632.65,completed
0ac9b3db-cc4a-45f4-aecd-1b0709458136,CUST0070,2026-01-27T08:20:00,4901.98,pending
4542ea6d-457c-4afd-984d-0ae9c734cfcd,CUST0496,2026-01-27T08:27:00,273.02,pending
25852ad8-50f0-43b1-81e2-f6ea6b2ab779,CUST0156,2026-01-27T08:34:00,4177.22,pending
9a52d4b0-d88b-4cd4-8382-0c5da4973a16,CUST0447,2026-01-27T08:41:00,4343.5,completed
cdb104ed-c199-4ea4-b862-8d1e6bd0caab,CUST0454,2026-01-27T08:48:00,4266.24,pending
b443e5be-c92b-42a0-a544-238461df7d93,CUST0428,2026-01-27T08:55:00,899.14,cancelled
17ae2284-64f1-499d-846d-ab9f50eca22d,CUST0330,2026-01-27T09:02:00,3223.06,completed
d6baf4ac-ff9f-484e-9742-9673afca3a87,CUST0470,2026-01-27T09:09:00,766.32,completed
a8925b44-fc3f-4176-94f0-d75fd5073d09,CUST0192,2026-01-27T09:16:00,2695.42,pending
0fbe7d36-6167-4ebc-bf48-dfe03b66b055,CUST0293,2026-01-27T09:23:00,3927.34,completed
18dd16ad-d78a-4942-b313-670ec760ce32,CUST0014,2026-01-27T09:30:00,3510.74,cancelled
6bdd2206-fe0b-4f07-a809-1dbad207bb6f,CUST0259,2026-01-27T09:37:00,2702.84,processing
bd86073c-8d7e-43e3-8bb3-914aef56db36,CUST0208,2026-01-27T09:44:00,1513.29,processing
a9b90203-90da-422f-8422-0978bf91f0e8,CUST0016,2026-01-27T09:51:00,3982.14,completed
ce715ae7-9eba-40df-b0c9-ef550ffb8a6b,CUST0045,2026-01-27T09:58:00,4753.21,refunded
d0a8a906-b981-4c69-9e24-e8f9550bb08b,CUST0040,2026-01-27T10:05:00,4960.06,processing
fe40dfe9-b1c5-4f3f-81cc-014ad4e5f8d6,CUST0353,2026-01-27T10:12:00,415.33,processing
167435bf-ba6b-480d-8124-c1eb1c1cc8db,CUST0265,2026-01-27T10:19:00,4727.53,pending
9eb7da19-20d0-472c-9162-ba0629b3ac76,CUST0424,2026-01-27T10:26:00,1486.95,cancelled
d2587015-61e7-44cf-ab5c-e44ce09d0342,CUST0372,2026-01-27T10:33:00,1865.49,completed
8f95bda2-0bc8-471a-8575-7985dcc7d8aa,CUST0312,2026-01-27T10:40:00,1038.27,cancelled
1c3c6352-55e8-4b20-97fb-d06d6ceee2a1,CUST0044,2026-01-27T10:47:00,3378.92,refunded
c318430f-15a6-462a-be72-f8c6f9225c06,CUST0049,2026-01-27T10:54:00,4288.31,processing
2cde871e-d64f-4385-9fe7-697dc101d0f3,CUST0327,2026-01-27T11:01:00,3314.17,pending
eff4d43e-cba4-41ee-8409-12e3bb3b0aa8,CUST0163,2026-01-27T11:08:00,1709.13,completed
740e1347-7171-401f-aadb-4bd63c81057c,CUST0403,2026-01-27T11:15:00,378.82,completed
afb2a47d-4387-41be-9145-543d3a41c8c8,CUST0353,2026-01-27T11:22:00,4221.28,pending
e8ad5581-cd54-4c71-a82b-05fce72b3ef3,CUST0235,2026-01-27T11:29:00,363.76,cancelled
ca2c8aeb-e007-48e1-9099-333809c2c2fb,CUST0489,2026-01-27T11:36:00,4812.61,cancelled
a67f55b6-f066-49f8-8c08-21158393aa3a,CUST0421,2026-01-27T11:43:00,2019.14,pending
cafe7f29-1d1e-48a5-a181-db7efbfb29fd,CUST0280,2026-01-27T11:50:00,4272.3,refunded
9eadab84-0d1c-41a8-8e59-578182c2241b,CUST0246,2026-01-27T11:57:00,2006.09,refunded
4fad6ae4-d066-49c7-93eb-9d942c49aacb,CUST0481,2026-01-27T12:04:00,3253.53,pending
d8f6863a-074a-4608-803e-0b1fbcec1865,CUST0395,2026-01-27T12:11:00,3591.69,refunded
53a18f96-02c6-4c22-bda2-4901475e52b3,CUST0338,2026-01-27T12:18:00,3585.98,pending
bc8b98f8-7aaa-46be-a4e8-7a23b388ed1e,CUST0045,2026-01-27T12:25:00,2448.86,processing
966d6537-624a-4e58-bd37-1c2430be54dd,CUST0178,2026-01-27T12:32:00,4598.85,completed
af17b4de-6ef2-4b4d-a6f4-ee6a8ed09c2a,CUST0436,2026-01-27T12:39:00,1755.18,completed
f92ff9e3-1c11-4ac3-ad33-d3afd9650f22,CUST0275,2026-01-27T12:46:00,4102.15,processing
32a714ad-ddfd-4ff7-af71-e7cadbba1f4f,CUST0327,2026-01-27T12:53:00,2165.75,processing
d852347e-fe3b-42d5-96b9-5ea4d54f5ad5,CUST0265,2026-01-27T13:00:00,4352.64,processing
8cc39660-0059-4d18-8b76-99675b6b449c,CUST0368,2026-01-27T13:07:00,1332.98,refunded
32f23a58-ac5a-4632-b4d8-a26cb92e10a2,CUST0405,2026-01-27T13:14:00,1920.04,cancelled
082b6604-f4f6-414d-b00a-a15072260c64,CUST0407,2026-01-27T13:21:00,1535.99,completed
3bca3b84-e9c4-4daa-9a19-5be1f74c8eef,CUST0376,2026-01-27T13:28:00,529.29,refunded
eea28340-2311-4990-ae03-589acb4b1960,CUST0444,2026-01-27T13:35:00,2438.87,processing
386805d2-a6d8-4121-9b0d-f8cd80b0c943,CUST0058,2026-01-27T13:42:00,3386.87,pending
561cd5fe-87d5-4702-b475-99f1d08a739f,CUST0225,2026-01-27T13:49:00,847.25,pending
0f62463f-6ee5-475b-adf8-d31a2b3c1bfa,CUST0124,2026-01-27T13:56:00,1304.39,processing
7768b3d9-0a78-4fb3-9503-4f57cd929341,CUST0359,2026-01-27T14:03:00,658.41,completed
292cc949-234b-43ba-8e59-52e6d8ba5fc0,CUST0402,2026-01-27T14:10:00,3926.55,pending
8a957f88-43d0-4c91-951a-d4cbe57b0006,CUST0341,2026-01-27T14:17:00,4844.16,refunded
d3a183a7-d2e6-439f-b742-c470d0d1465b,CUST0475,2026-01-27T14:24:00,1319.79,refunded
1dca148b-b7a7-4ad1-8a4c-8e688db2acaa,CUST0257,2026-01-27T14:31:00,3826.44,refunded
a1b93e88-14ee-4f51-b7d9-fa9331f605ca,CUST0476,2026-01-01T01:06:00,-50,pending
87576ab8-e218-474b-add8-63c486010495,CUST0251,2026-01-27T14:38:00,2651.04,pending
c86934f6-15d5-4dc9-a800-3801b0af3ed7,CUST0254,2026-01-27T14:45:00,2626.26,processing
b27f51e1-ff40-4c19-9bcc-d97b12b2fea9,CUST0365,2026-01-27T14:52:00,3353.89,cancelled
b0a5501c-cdc4-4d50-94c0-09228a3c26aa,CUST0357,2026-01-27T14:59:00,685.41,processing
aa9dce55-a7e2-48bc-8b59-45b83573404c,CUST0250,2026-01-27T15:06:00,2013.26,completed
8c65e8d7-5872-45cf-8bc1-ecb7e3663515,CUST0189,2026-01-27T15:13:00,3412.35,refunded
86551b38-0de3-401c-b369-b779eecfd2c6,CUST0279,2026-01-27T15:20:00,2118.57,processing
732336f6-df0c-48fb-bc00-dd34ef472530,CUST0119,2026-01-27T15:27:00,3514.44,cancelled
9a54d095-3bef-4f2b-8779-4bd381f82299,CUST0420,2026-01-27T15:34:00,400.55,pending
66480369-cf9b-4617-9ee7-b0f23a5f8277,CUST0014,2026-01-27T15:41:00,346.16,pending
d2f50aba-4ca8-45ce-bc4e-f89609b85475,CUST0341,2026-01-27T15:48:00,4897.9,refunded
1c6f2154-137c-4fba-8d0f-9587726f394d,CUST0357,2026-01-27T15:55:00,4929.77,refunded
6beb6849-8dd6-4deb-973c-d5d3e988e946,CUST0485,2026-01-27T16:02:00,3402.14,refunded
c29909b9-bc8a-4450-957b-80df168fe3af,CUST0266,2026-01-27T16:09:00,3295.6,cancelled
8df99332-de8f-4bee-91c9-91aa9080a03e,CUST0466,2026-01-27T16:16:00,3498.25,completed
604575e9-6f2d-4c73-916d-a5193c962576,CUST0038,2026-01-27T16:23:00,2335.79,cancelled
10287e5a-25f4-4f1d-abd9-a220f4a0ccd4,CUST0275,2026-01-27T16:30:00,4293.47,refunded
639b5f2d-7a05-45af-afc5-0a48e87d62bb,CUST0324,2026-01-27T16:37:00,2223.73,processing
371df14a-a18a-43bc-9c0d-45b1e7a9166d,CUST0298,2026-01-27T16:44:00,74.44,pending
7deef56d-cdc9-46f4-acad-fd04cf6643d1,CUST0155,2026-01-27T16:51:00,3251.06,pending
5dab83fa-92b0-4b0f-a835-c5b759792fc0,CUST0102,2026-01-27T16:58:00,396.43,pending
0cece7c4-7538-4e6f-ac2a-8f073a80e081,CUST0207,2026-01-27T17:05:00,3148.21,cancelled
e950e438-71a8-4eec-b9ec-93ea0c7b992f,CUST0489,2026-01-27T17:12:00,2844.77,pending
7f250500-d843-4aeb-aa7d-39c50fea51af,CUST0168,2026-01-27T17:19:00,1387.71,completed
7fa9191e-6ac1-47df-b73d-b6922bad6a76,CUST0459,2026-01-27T17:26:00,3227.59,processing
fafaccde-4ca5-4641-b05d-30d90ba3ced6,CUST0344,2026-01-27T17:33:00,4525.81,processing
4d9fa0ad-cb4b-4afc-b7db-b7b43ddd830b,CUST0035,2026-01-27T17:40:00,1658.59,pending
f786ab0d-bc7d-45b1-ab3e-23389d662851,CUST0164,2026-01-27T17:47:00,3564.31,completed
3e5c9f53-6eca-4e39-a37b-714514581614,CUST0081,2026-01-27T17:54:00,766.37,pending
c5e2b3fd-bd10-4cdf-9e06-f135a8d47085,CUST0322,2026-01-27T18:01:00,518.62,processing
c2724913-2676-4481-91d3-a125dd403a3b,CUST0345,2026-01-27T18:08:00,2602.32,completed
16ed9373-3035-4abb-ab80-5041489b27f1,CUST0282,2026-01-27T18:15:00,637.44,pending
4c9eba51-6541-4bf8-89b9-385af9b7d734,CUST0383,2026-01-27T18:22:00,3460.3,pending
953affab-38f5-4627-9ca1-8dad304c097f,CUST0250,2026-01-27T18:29:00,549.65,cancelled
61d5ac6e-bc15-4db5-9f82-886ca86cd904,CUST0305,2026-01-27T18:36:00,469.3,processing
0964e77d-05c4-4599-b07c-027a47ef5117,CUST0258,2026-01-27T18:43:00,2078.53,refunded
4630089f-6692-4008-8ef6-db24053e3ea2,CUST0386,2026-01-27T18:50:00,1672.57,completed
c23b9dd4-8528-47e9-a5ae-328013b0a69d,CUST0238,2026-01-27T18:57:00,767.12,pending
4fce9584-5d01-4837-aa04-b79b80b83b11,CUST0339,2026-01-27T19:04:00,853.12,pending
ca8bdd66-bf30-4e6e-a8e3-55a05b8a9013,CUST0010,2026-01-27T19:11:00,227.13,refunded
dfddefba-2022-45b0-b960-ff9f0cbc184d,CUST0446,2026-01-27T19:18:00,2836.69,processing
2b5f3ee6-d112-4345-be36-35dcd30d58b6,CUST0472,2026-01-27T19:25:00,21.31,cancelled
c7047bf0-c6cf-47f4-b35a-cdd94666e13b,CUST0387,2026-01-27T19:32:00,2407.54,cancelled
f47a813c-7457-4b6f-abd5-60f10b4a04c0,CUST0274,2026-01-27T19:39:00,765.69,pending
a7130e3d-fa84-4207-989f-01ce15b1db63,CUST0021,2026-01-27T19:46:00,2132.84,pending
5dc4a9f2-ba0d-4c1c-b77c-480184fdbc8d,CUST0381,2026-01-27T19:53:00,2637.84,pending
12197b29-af0c-4bcc-a1e2-bcf3fbda6268,CUST0100,2026-01-27T20:00:00,626.69,processing
63c73f69-b203-40aa-9727-0e0a052bd05d,CUST0489,2026-01-27T20:07:00,2391.39,pending
4e222de5-363e-45e9-9aac-9c429cdd5c8e,CUST0135,2026-01-01T01:38:00,-50,pending
8a71a09d-8c9d-4496-a7c0-443600940de7,CUST0325,2026-01-27T20:14:00,1358.02,completed
49ec7374-fce8-462d-8ec2-8956d323c417,CUST0473,2026-01-27T20:21:00,1650.02,refunded
6ad1c097-391d-4723-9acc-5a20fdabd838,CUST0023,2026-01-27T20:28:00,2153.79,cancelled
626e9db3-0a47-47bf-a38a-f6fc868e00af,CUST0021,2026-01-27T20:35:00,1190.46,cancelled
d9b0350d-c9a3-4cc6-836a-affa66d08a83,CUST0404,2026-01-27T20:42:00,3692.74,processing
4cb06399-9cf0-4879-b5a6-6b7866a840b7,CUST0398,2026-01-27T20:49:00,1043.08,pending
d7f23397-6bf0-4ce6-a92e-d650fe6f3d5a,CUST0470,2026-01-27T20:56:00,2231.2,refunded
f078de5b-081d-4245-a67c-fc43a7339e0e,CUST0180,2026-01-27T21:03:00,3771.31,pending
0309835a-82d6-4b4b-aeb5-cf6f8aab13ae,CUST0273,2026-01-27T21:10:00,3157.27,processing
7ea16315-757e-4af4-b6e7-e954e87d4f17,CUST0483,2026-01-01T00:34:00,-50,pending
be5ae2fa-bdf5-4688-b2c3-9c5b3aa0819f,CUST0201,2026-01-27T21:17:00,3720.36,pending
c0d157f0-0406-4fb2-8918-dd53608b726c,CUST0091,2026-01-27T21:24:00,3583.41,completed
796eec80-b9a8-4b14-a8c1-8510302f766b,CUST0195,2026-01-27T21:31:00,1435.56,refunded
399a7787-e320-44d3-b8b9-61fe4764ac99,CUST0105,2026-01-27T21:38:00,3662.85,cancelled
050c2a35-6567-4bb3-82d8-fd17c4a2a46e,CUST0352,2026-01-27T21:45:00,1906.12,processing
8a142d8e-d392-4f49-806a-ceb9a37dd451,CUST0142,2026-01-27T21:52:00,4403.71,refunded
2ab3fdfd-736c-4d8b-87c2-f91e7bb6b511,CUST0141,2026-01-27T21:59:00,2546.98,completed
76bcf02a-c9cc-401f-bc21-5318e17aeb0e,CUST0490,2026-01-27T22:06:00,3889.63,refunded
70aa39d1-87b1-4407-8279-e40c71bc35da,CUST0410,2026-01-27T22:13:00,3373.39,processing
3c3c9031-9fe6-4021-8dbb-24820fff9e7e,CUST0424,2026-01-27T22:20:00,983.76,pending
aeed025f-c361-4f49-8fea-f76dea5935f3,CUST0046,2026-01-27T22:27:00,1523.04,processing
0dc743c9-0a40-407a-a353-7a73f83e9e7a,CUST0473,2026-01-27T22:34:00,3242.65,refunded
27950496-eae0-493a-8b87-95ad7c5de7d0,CUST0438,2026-01-27T22:41:00,845.64,pending
6371f8bc-b00d-4f16-aada-7056974d10fb,CUST0223,2026-01-27T22:48:00,4513.78,pending
7529203d-5159-44a8-9f9d-a16feba1e1fa,CUST0371,2026-01-27T22:55:00,2869.42,pending
16d28306-02dd-45c3-af12-316f069c406a,CUST0455,2026-01-27T23:02:00,682.32,completed
50501934-eb70-4ca8-872a-7a64e7a03a41,CUST0195,2026-01-27T23:09:00,37.03,cancelled
3f63f8b9-28d2-4eb5-a9ca-db031eb6dcb9,CUST0319,2026-01-27T23:16:00,4003.29,refunded
a6cd6ef8-f7a3-4281-80cb-4431bc0a7fb0,CUST0002,2026-01-27T23:23:00,1103.45,processing
a5775856-730e-433c-a9fe-86c7b0c83046,CUST0359,2026-01-27T23:30:00,3821.08,processing
bc27d056-870f-46d0-9d61-556694a82b5a,CUST0321,2026-01-27T23:37:00,1687.22,cancelled
53ecce4c-68c4-420a-b099-c4c542cfc15a,CUST0407,2026-01-27T23:44:00,439.2,refunded
19de292b-de60-4e04-9218-1be291f649d3,CUST0026,2026-01-27T23:51:00,2860.83,pending
679a2a91-d2ea-4009-b446-50daa1e43f30,CUST0488,2026-01-27T23:58:00,4308.55,processing
92ff4b41-c662-40a1-8fc9-c412cf69955e,CUST0092,2026-01-28T00:05:00,3851.57,cancelled
d5119572-4d42-489a-96f4-9b3a2820cab7,CUST0016,2026-01-28T00:12:00,1742.54,pending
119804c7-cecc-4329-9c93-9b25653c8e0d,CUST0421,2026-01-28T00:19:00,4283.99,pending
acf1cd37-7193-4484-93b5-739c46d837ef,CUST0479,2026-01-28T00:26:00,3526.25,processing
87231115-4d22-4ce7-85ce-0f97445687f3,CUST0395,2026-01-28T00:33:00,641.28,cancelled
b6f0edfa-fc94-43a6-9a9a-7472a8905170,CUST0227,2026-01-28T00:40:00,105.08,completed
0ceb201f-0ba4-49f6-aa49-7f1b28d3282e,CUST0049,2026-01-28T00:47:00,3988.12,refunded
00f9135a-f8e0-4592-a7ba-bd5571fdaaa4,CUST0379,2026-01-28T00:54:00,3599.08,cancelled
90443b6d-e39a-41a8-941b-1fbb1d15a4f1,CUST0110,2026-01-28T01:01:00,1308.47,completed
152b9720-b850-42cd-9fe2-4c8e186da490,CUST0371,2026-01-28T01:08:00,2288.09,refunded
0f43b8e4-8af0-4a8f-b947-5a834695f97f,CUST0481,2026-01-28T01:15:00,2553.25,pending
d5f61b21-1884-4265-a95b-55fe0218aeb2,CUST0251,2026-01-28T01:22:00,1203.6,pending
58583cd6-2995-49f9-8f60-cc4d8c86c14a,CUST0405,2026-01-28T01:29:00,529.36,completed
53768b3c-aad1-4962-a257-4242e6fc4bef,CUST0248,2026-01-28T01:36:00,771.16,pending
761fe785-317f-4d71-aae7-7d2501a25781,CUST0052,2026-01-28T01:43:00,210.91,completed
ade967d3-d42c-4bca-b7d4-5da37ca02ede,CUST0351,2026-01-28T01:50:00,698.65,pending
d7ff8561-7e90-4cb9-966e-1238eff0dba3,CUST0097,2026-01-28T01:57:00,2848.73,pending
f253feaf-dde7-4b1c-98c0-c82c833d0641,CUST0071,2026-01-28T02:04:00,1549.1,pending
d28fc498-ecdc-4cf9-b19a-1cca0bdd7c84,CUST0477,2026-01-28T02:11:00,1662.1,cancelled
3e454e58-7eca-4dcb-a93f-4455e323beb3,CUST0242,2026-01-28T02:18:00,2003.63,processing
d1f7be8f-69f3-4822-af3f-c0ce163ec9c4,CUST0121,2026-01-28T02:25:00,3344.62,processing
48633231-fb84-47f1-b384-42610fcaa9af,CUST0480,2026-01-28T02:32:00,1802.36,processing
2ee0b4ea-b873-485d-883a-c977488cab2b,CUST0061,2026-01-28T02:39:00,435.07,cancelled
8a223108-3ca4-4171-9a63-4594d106f43d,CUST0319,2026-01-28T02:46:00,1352.54,cancelled
dc9ed31b-ee5f-407f-8915-eb2276ba57e2,CUST0087,2026-01-28T02:53:00,1615.07,completed
780883fa-5b86-4b82-810f-e92007771ec8,CUST0234,2026-01-28T03:00:00,1399.8,cancelled
6dc8fe6e-69da-4f95-bdb8-f2c0aaa60d8c,CUST0446,2026-01-28T03:07:00,4039.2,processing
0068d3e2-56f2-453f-a0bb-79662f5087f8,CUST0218,2026-01-28T03:14:00,2867.44,refunded
c4425a5c-ac1a-40a5-9783-50eb7fa12c17,CUST0371,2026-01-28T03:21:00,4831.14,completed
c862d87f-4a2d-47b1-a479-2ebe3a23b2da,CUST0025,2026-01-28T03:28:00,785.33,refunded
3ecc359f-9356-44b2-98d8-3d9d9889d628,CUST0138,2026-01-28T03:35:00,965.36,processing
2957e734-077c-4322-92dc-16de83f55fa5,CUST0463,2026-01-28T03:42:00,1252.43,completed
cf169367-43a2-453c-badd-abd3a156d821,CUST0008,2026-01-28T03:49:00,2369.41,completed
ca3b5f9d-a7bf-4313-9f6f-570ca87a5c8e,CUST0049,2026-01-28T03:56:00,3920.22,processing
ba75b446-c523-4671-a3e3-331c0fcbf69b,CUST0264,2026-01-28T04:03:00,4583.57,processing
0f6cfe05-d9c0-4d9a-808b-55d7256484f5,CUST0436,2026-01-28T04:10:00,1913.57,cancelled
d5b3cc31-835d-41c8-bcb8-23d5e002b686,CUST0427,2026-01-28T04:17:00,4788.55,completed
4c9501b7-e994-4eb3-8ca6-cbaf850dba4e,CUST0109,2026-01-28T04:24:00,4881.84,processing
790485d0-eca0-420a-80af-37f237a9704e,CUST0089,2026-01-28T04:31:00,1378.15,processing
4a67b77d-1308-4ac1-ab3b-ae2215a82f21,CUST0242,2026-01-28T04:38:00,2474.08,refunded
ced88cfa-5f77-4bce-8160-89a6ce194f24,CUST0220,2026-01-28T04:45:00,3784.09,processing
8dcfbead-16a5-4bde-87f9-1f068acbad67,CUST0154,2026-01-28T04:52:00,2344.68,cancelled
da6480d6-af61-4a05-8ead-b26d2a227caa,CUST0265,2026-01-28T04:59:00,3679.45,cancelled
0ea3e248-0f37-415e-8ff8-00306408216c,CUST0119,2026-01-28T05:06:00,1306.21,refunded
c9927080-6ad6-46c0-b13c-02e2f5199361,CUST0208,2026-01-28T05:13:00,3871.11,completed
eed0cf8f-f3ff-48bb-af20-94c90693e9a9,CUST0098,2026-01-28T05:20:00,2153.81,refunded
a4b0b0c0-2513-4881-a01d-617bb2b4adb2,CUST0165,2026-01-28T05:27:00,4725.7,processing
69b0738c-aec7-45a6-87e3-a3efc5aeae25,CUST0493,2026-01-28T05:34:00,263.77,processing
92da1911-367a-4ced-bdd7-654c56ca4a87,CUST0321,2026-01-28T05:41:00,179.82,refunded
54d664a9-586d-445c-bbe5-0070baa33072,CUST0327,2026-01-28T05:48:00,3412.34,refunded
bcc9a63d-8418-4452-8085-e465770a2b11,CUST0058,2026-01-28T05:55:00,3927.33,processing
2bd9425a-3d67-455b-9c98-cf8c455561ab,CUST0187,2026-01-28T06:02:00,301.93,pending
3f20af09-c23f-47d2-a976-f37662858fef,CUST0284,2026-01-28T06:09:00,890.3,pending
26407a08-7856-411c-a6cc-6a52ba8611ee,CUST0364,2026-01-28T06:16:00,2443.16,pending
412a6c3d-1092-4a2a-b1c5-45e0952ef115,CUST0486,2026-01-28T06:23:00,4421.06,cancelled
b0ea83a6-ae71-4cd6-b7cd-97e8c20022df,CUST0225,2026-01-28T06:30:00,366.82,cancelled
e8ebf871-c890-47c8-a801-82fadf0ce248,CUST0337,2026-01-28T06:37:00,716.47,pending
b3b966ad-30a8-4d2a-b300-d2f7a0b534df,CUST0286,2026-01-28T06:44:00,3391.02,refunded
ce3a1440-7995-4063-bac1-827f07e5f0ef,CUST0115,2026-01-28T06:51:00,222.14,completed
4166bf88-c9e4-46f3-89de-6d717f5324f2,CUST0128,2026-01-28T06:58:00,339.87,processing
9cc7815b-e3c1-402a-8ba8-3814a434f623,CUST0065,2026-01-28T07:05:00,2679.16,cancelled
9599cdc8-fbaa-4475-8f7a-8b40aedb35b2,CUST0088,2026-01-28T07:12:00,3562.88,pending
eb929539-49a6-44a6-ac65-88b4b1ee1683,CUST0086,2026-01-28T07:19:00,4227.36,refunded
4f4a0522-4335-4d59-b74b-1ee61ae3c31b,CUST0455,2026-01-28T07:26:00,201.52,cancelled
8365ab67-2494-44d5-a2c5-c676cf4199bf,CUST0294,2026-01-28T07:33:00,3007.63,pending
242a8dcd-0df6-4d22-92b5-7ebba8ac335e,CUST0203,2026-01-28T07:40:00,3692.37,completed
e86810e2-39fa-4d9e-a971-67e924c1c100,CUST0030,2026-01-28T07:47:00,3390.94,pending
944a517b-2fea-40f8-b81d-a5a3a811f8d1,CUST0018,2026-01-28T07:54:00,2783.09,refunded
25c76f6e-8380-4ccd-bb8f-3139ba342d41,CUST0414,2026-01-28T08:01:00,3261.49,processing
99bfca0c-006e-4bf7-a5b2-4498e3614ebb,CUST0260,2026-01-28T08:08:00,1945.86,pending
47b48a43-17c4-423d-ac64-2fd65158a177,CUST0269,2026-01-28T08:15:00,2217.86,processing
44863380-479a-43e8-9ebd-dbc0cbd2ebba,CUST0285,2026-01-28T08:22:00,2176.26,processing
a6b3a78f-fcf7-41c8-896a-c092fabf365a,CUST0224,2026-01-28T08:29:00,4593.35,cancelled
a6edb378-a385-437a-8496-f6e20b2ab4be,CUST0029,2026-01-28T08:36:00,1437.21,pending
8ec2d759-7d96-4474-a7e8-910ff7347915,CUST0218,2026-01-28T08:43:00,3794.8,processing
2530134b-5550-4c64-88ff-fcfa41cc60e3,CUST0335,2026-01-28T08:50:00,2305.02,processing
ea49386a-e2bf-4621-9cdf-b7f38b2be0c8,CUST0420,2026-01-28T08:57:00,3042.74,cancelled
2059d5ac-4036-41d6-ac35-0ca6610fe774,CUST0142,2026-01-28T09:04:00,4472.2,processing
59ce189e-8109-428a-8fce-047a3b7a915d,CUST0118,2026-01-28T09:11:00,4362.68,pending
78127874-ff23-4b3f-8b86-ffb2020d1407,CUST0141,2026-01-28T09:18:00,231.4,cancelled
4451a62c-8761-4b30-b935-7a46e7998ed0,CUST0422,2026-01-28T09:25:00,1355.58,cancelled
d02e1d88-9a39-4397-95bc-abf5e47dcc74,CUST0370,2026-01-28T09:32:00,1837.64,cancelled
a248f0b1-7651-40f0-bf4f-d2b322e2ae38,CUST0177,2026-01-28T09:39:00,3416.17,processing
85bad219-095d-4ffb-8a59-2b5594243d27,CUST0089,2026-01-28T09:46:00,833.87,pending
9ab01d5b-cb2b-433e-9019-2085c634dc27,CUST0148,2026-01-28T09:53:00,1045.95,processing
68b98433-cf69-41c1-9454-d8915cbcdc71,CUST0465,2026-01-28T10:00:00,1792.04,completed
ba235f7d-2e0d-406a-bdf2-6b675d1f8835,CUST0382,2026-01-28T10:07:00,2593.79,completed
de3595b4-e57c-4696-932a-066a1253f938,CUST0205,2026-01-28T10:14:00,4714.36,completed
7b1222ad-56f3-4c2a-a9b1-b37cf152d562,CUST0209,2026-01-28T10:21:00,239.57,processing
a1d085fd-5a88-4403-ab48-416a10468e03,CUST0320,2026-01-28T10:28:00,338.68,pending
7e52f0f1-6be9-4b1c-b9a9-d568163cc69a,CUST0425,2026-01-28T10:35:00,1653.26,cancelled
a31fc9fd-268d-4c37-b007-9bc580699bd3,CUST0497,2026-01-28T10:42:00,1257.52,completed
5e2892e4-d2e2-4d16-a122-6478d49c97e3,CUST0439,2026-01-28T10:49:00,2378.98,refunded
2935639f-8fc1-499e-b09b-3e6bc719995f,CUST0420,2026-01-28T10:56:00,2828.15,refunded
85ecbd86-fc54-4287-a11a-02aa166c1ac5,CUST0283,2026-01-28T11:03:00,3438.97,pending
062a1cf4-0e88-4231-bdee-103ee10c5e6b,CUST0491,2026-01-28T11:10:00,4776.62,cancelled
243e86bd-07b9-446e-86c8-a44984358924,CUST0337,2026-01-28T11:17:00,2920.3,processing
12b4b994-c5c1-4d02-b5af-6f8dfb8a7dbd,CUST0228,2026-01-28T11:24:00,1238.8,refunded
03cfcdf2-7bb2-4d3f-85d8-b1fae140b345,CUST0002,2026-01-28T11:31:00,2849.65,cancelled
99784b5d-c352-4b1b-9132-895b110f8152,CUST0066,2026-01-28T11:38:00,2711.54,pending
ed6c41b5-ac26-4e29-a768-f15fa277c2bd,CUST0401,2026-01-28T11:45:00,4590.01,processing
ca8154dd-7f51-4d74-a4b0-c9f4688369ef,CUST0045,2026-01-28T11:52:00,488.72,cancelled
faa32cd7-958b-4033-b13a-c55c64df2fb3,CUST0294,2026-01-28T11:59:00,250.27,refunded
be90ccd8-2e8d-4af4-92d0-303ab9832ba4,CUST0088,2026-01-28T12:06:00,3623.73,refunded
0f2329f6-e6ca-404f-acd1-e4bc0abe7713,CUST0233,2026-01-28T12:13:00,282.66,cancelled
5bcd256a-1cbf-4205-8b11-8bdded45baa1,CUST0087,2026-01-28T12:20:00,2205.89,pending
d7859ae2-d48d-4001-a039-aef7cd92dfa5,CUST0173,2026-01-28T12:27:00,3735.79,refunded
a006294d-c2d4-4bad-ae9c-82aeaff31956,CUST0450,2026-01-28T12:34:00,1833.35,processing
3eb33071-1f0f-4ef4-a26d-adf23b19381f,CUST0269,2026-01-28T12:41:00,4551.0,refunded
f5525b17-900d-419f-85c5-7e7815b129e2,CUST0180,2026-01-28T12:48:00,2772.63,pending
5b743012-f54f-4f7c-9907-2c25ed3e00cc,CUST0284,2026-01-28T12:55:00,1601.61,cancelled
46cec4c9-c6cd-484d-a3dc-bb78342f87c2,CUST0087,2026-01-28T13:02:00,4104.04,cancelled
e02b1186-9964-4c4e-afe7-a6ebff8c239c,CUST0102,2026-01-28T13:09:00,202.73,refunded
fb7d8d55-5b6a-49e9-9054-5b9fc58737c2,CUST0495,2026-01-28T13:16:00,1474.85,completed
24c018e3-664a-48e7-a1c6-626cc805d4d6,CUST0337,2026-01-28T13:23:00,807.9,refunded
3d509047-51e4-4092-b041-065d2ffd5b14,CUST0334,2026-01-28T13:30:00,3329.87,completed
e2954fa1-fd7f-4a14-b4fc-aa67b6c4878b,CUST0488,2026-01-28T13:37:00,2523.36,completed
611d0c14-ff9a-46f3-af9b-5ed7e65683bf,CUST0395,2026-01-28T13:44:00,2732.52,processing
5f027caf-fb9d-4857-80b3-eb9e8ec469b9,CUST0374,2026-01-28T13:51:00,2084.72,pending
15ade78c-6972-4c97-be10-aa4268fcaf3a,CUST0295,2026-01-28T13:58:00,3409.33,refunded
c560c11e-6039-4988-b450-00e62a674502,CUST0320,2026-01-28T14:05:00,4740.73,pending
ebcef17d-fb8a-45b2-9320-0b5a8952baa8,CUST0450,2026-01-28T14:12:00,1037.02,cancelled
c34057cd-8b1d-4920-a5de-ada27d68f2f3,CUST0279,2026-01-28T14:19:00,1127.45,refunded
8d7cbdae-5342-4c3a-847c-a8a9567e1c4c,CUST0399,2026-01-28T14:26:00,105.84,cancelled
c91a1f20-36dd-499c-a68a-77741844b4e2,CUST0214,2026-01-28T14:33:00,1904.41,completed
463f66c1-8968-4bf5-9213-96db7cb94606,CUST0494,2026-01-28T14:40:00,4456.02,cancelled
04e83961-40c1-47ca-ac27-040793018f97,CUST0403,2026-01-28T14:47:00,1824.95,cancelled
6004c327-c605-48ed-8fde-4ce009aeaa49,CUST0455,2026-01-28T14:54:00,2127.59,completed
21eb5e26-e42f-46c7-ada7-60f31d11f99d,CUST0108,2026-01-28T15:01:00,2938.87,refunded
9d06cc0d-5d01-42db-8580-0a8e5e9919e9,CUST0052,2026-01-28T15:08:00,2870.47,refunded
f9a05a3d-16ba-4750-8e61-2044b8738b2c,CUST0037,2026-01-28T15:15:00,4934.29,refunded
e38ea975-b0c9-4ee2-9934-19eb444244b8,CUST0240,2026-01-01T01:22:00,-50,pending
69b7e98c-3cf1-428b-baae-6044712d6faa,CUST0086,2026-01-28T15:22:00,1949.04,completed
5499adef-3dfe-4873-b23b-54dd83669100,CUST0145,2026-01-28T15:29:00,985.37,completed
9893f4fe-c31c-49fd-bd16-347970f42b49,CUST0341,2026-01-28T15:36:00,2222.18,processing
871aa97f-1776-423b-8b1c-cae5c776f4bd,CUST0215,2026-01-28T15:43:00,2180.36,refunded
0ea1a248-89e5-4d11-883f-efeb45b040b9,CUST0384,2026-01-28T15:50:00,3411.33,cancelled
db44a31d-135c-4f71-b66c-57c941eafd9e,CUST0162,2026-01-28T15:57:00,4020.0,cancelled
277ed363-3490-4975-a2a4-9459af4440b4,CUST0070,2026-01-28T16:04:00,1157.34,processing
c62ea3bd-8480-484e-aa16-9e6865f9afa4,CUST0261,2026-01-28T16:11:00,4055.76,pending
f1196610-7073-4c03-b6a5-e7d1e97fc0ad,CUST0369,2026-01-28T16:18:00,517.65,pending
088d2234-5e62-49bc-87d7-9d350db16edf,CUST0295,2026-01-28T16:25:00,1793.5,processing
89682674-dfed-4f93-94c2-cef954cb8322,CUST0251,2026-01-28T16:32:00,2951.74,completed
06c1751a-27cc-4e72-bf81-bf7dfcaeaaf3,CUST0231,2026-01-28T16:39:00,4646.64,refunded
494cd07c-3e16-4854-836e-03e7427adf63,CUST0224,2026-01-28T16:46:00,2045.66,processing
d5189c51-62a6-4c47-9aaa-6928f7ac830b,CUST0120,2026-01-28T16:53:00,4933.87,refunded
a8cf7e5c-9aea-4e00-a089-c93682887d4a,CUST0130,2026-01-28T17:00:00,2432.07,processing
67540960-959d-41d8-850e-9a45770903ef,CUST0164,2026-01-28T17:07:00,767.14,cancelled
2c1980ca-4abe-47ac-9b20-cb7042d6255f,CUST0164,2026-01-28T17:14:00,3590.85,cancelled
1e56b335-b5c9-4a95-8cc7-7cda8a3fcdfc,CUST0474,2026-01-28T17:21:00,1689.21,pending
d18f6746-d143-411a-bca3-2598392dd1db,CUST0416,2026-01-28T17:28:00,4407.97,completed
869ebf4c-356f-45e3-b165-5aaa21648948,CUST0013,2026-01-28T17:35:00,4750.88,completed
23437221-177b-4473-bf2b-6db6c70837c2,CUST0189,2026-01-28T17:42:00,1303.72,processing
9185b2f5-6806-42aa-988c-efdd9d3cf20d,CUST0081,2026-01-28T17:49:00,3173.09,cancelled
399cbb7b-67c6-44da-9042-dbc822e0f7a5,CUST0080,2026-01-28T17:56:00,1261.53,completed
09b410ae-7099-4c91-ab1d-cb267541b2ca,CUST0306,2026-01-28T18:03:00,933.4,processing
322e93a4-4f4e-47cf-b1f7-61c445b4c28f,CUST0112,2026-13-45,99.99,completed
fa760102-4213-412d-ad5e-42091c0efeb8,CUST0426,2026-01-28T18:10:00,3439.61,completed
1176af8f-d189-4a2f-a87c-fe8355c631a1,CUST0048,2026-01-28T18:17:00,4297.52,processing
072a62ec-38a8-4eac-87d2-bf63c1a5a32b,CUST0239,2026-01-28T18:24:00,447.84,cancelled
958be33e-bfc4-44f7-bd9c-377e369972fb,CUST0016,2026-01-28T18:31:00,2362.01,completed
98707725-0d25-4025-9136-c13e87169ce5,CUST0499,2026-01-28T18:38:00,3571.4,completed
786e6a11-26e9-4310-885d-c89688763199,CUST0488,2026-01-28T18:45:00,417.03,refunded
ea0fda63-68be-45d2-883a-b5ffb0d22549,CUST0067,2026-01-28T18:52:00,4629.4,pending
02c3e532-7326-4175-983e-9bfb5d9de77d,CUST0152,2026-01-28T18:59:00,4180.84,cancelled
8538bb70-f523-4e82-aada-9d6600198d10,CUST0295,2026-01-28T19:06:00,2278.0,cancelled
99a8b1ac-5a72-4294-8beb-0394d2da34ff,CUST0346,2026-01-28T19:13:00,4832.37,pending
39582db7-f2e6-493e-b51f-10c78c6879fe,CUST0426,2026-01-28T19:20:00,2768.1,pending
64b1aba5-0e08-4cb6-9b01-f465ccc6dacf,CUST0163,2026-01-28T19:27:00,1073.72,refunded
79cb0c89-f6a3-4ad3-8419-02c229f0106d,CUST0477,2026-01-28T19:34:00,1112.06,completed
04d21d92-8478-433d-a748-648258b90c35,CUST0237,2026-01-28T19:41:00,2230.75,pending
0dd6973e-3ef0-4ed0-ac5b-8906f1dd7379,CUST0041,2026-01-28T19:48:00,248.22,completed
88cbbcac-6ae7-453a-aac8-cdf56cb25fc2,CUST0394,2026-01-28T19:55:00,578.76,processing
a7af5805-f7ac-40d0-8bd6-79ac92de4109,CUST0003,2026-01-28T20:02:00,3918.04,pending
f4717d6e-2c8e-4b3f-84fc-0622dcfafe66,CUST0181,2026-01-28T20:09:00,979.22,completed
5ff8f8b8-c5c7-4b0d-ae8c-c0d20d923751,CUST0210,2026-01-28T20:16:00,1125.23,completed
dc0c9cd1-957d-4f96-bfea-e0cd75fd3f04,CUST0037,2026-01-28T20:23:00,3331.34,completed
aed73fe2-dbe2-4a7f-bcc7-987dfd27638f,CUST0100,2026-01-28T20:30:00,3486.94,cancelled
d19a2f32-af25-45d4-a819-d3190461594c,CUST0379,2026-01-28T20:37:00,3134.94,cancelled
e4112058-b6a5-4d82-aa95-b7fa033c10e3,CUST0161,2026-01-28T20:44:00,2516.64,completed
18340c95-c065-48c0-b2c7-95e59e9406ff,CUST0137,2026-01-28T20:51:00,3968.84,pending
6264a55a-cc58-488f-8c07-e11ca9f0504c,CUST0134,2026-01-28T20:58:00,2745.69,refunded
6c0adbfd-4ead-4818-9a58-0f50a8734285,CUST0450,2026-01-28T21:05:00,576.48,refunded
ef643179-2760-416a-b7ba-4f8c4b3788bf,CUST0491,2026-01-28T21:12:00,4861.77,processing
b2890da3-0470-41cf-869a-b5d421cb064d,CUST0328,2026-01-28T21:19:00,3988.19,completed
d057e06c-0501-4e59-b463-ae626c899716,CUST0192,2026-01-28T21:26:00,965.57,pending
ba240048-d5bb-4271-8158-293dd106363c,CUST0048,2026-01-28T21:33:00,4369.22,cancelled
9e89b352-5d9e-48fa-841d-f2fc47a1b386,CUST0420,2026-01-28T21:40:00,653.1,processing
c677cd9d-5353-4656-bfae-059cf389ced7,CUST0099,2026-01-28T21:47:00,2279.12,pending
3a910b6c-1cfa-43b6-b5cd-26ae9dd812c7,CUST0170,2026-01-28T21:54:00,2286.79,processing
ca0d40c5-20b6-4881-b1be-4c6a3f584aaf,CUST0265,2026-01-28T22:01:00,3942.56,completed
8a164487-b5c8-470c-9775-ab84fd26fec4,CUST0395,2026-01-28T22:08:00,289.18,refunded
4123450a-b6c9-46d4-96a2-5666dc765b51,CUST0269,2026-01-28T22:15:00,447.48,cancelled
ccb54bf7-5639-4476-911c-0c42038737fd,CUST0472,2026-01-28T22:22:00,1588.96,completed
0a8c5d6b-839a-4909-85b6-66821738c4dd,CUST0041,2026-01-28T22:29:00,28.13,refunded
21fbdc13-434d-405c-86ee-34d65a739964,CUST0182,2026-01-28T22:36:00,2039.64,completed
f39f2f04-1798-4fdb-a5b1-15b5146bf56d,CUST0006,2026-01-28T22:43:00,4429.35,completed
7e2692f4-1baf-49b2-8afc-a7b0125f1568,CUST0147,2026-01-28T22:50:00,685.88,completed
69f5ac34-63e2-4fbc-9f1e-acb94f1ac590,CUST0231,2026-01-28T22:57:00,675.99,processing
fd1225b1-1da9-466c-b177-e172ebd8c361,CUST0107,2026-01-28T23:04:00,317.26,refunded
1d0d57db-647e-4b86-9a72-bcc23d544016,CUST0387,2026-01-28T23:11:00,75.89,cancelled
328cdae6-fb9b-46d6-bf8e-96290ebe1451,CUST0089,2026-01-28T23:18:00,4550.38,processing
fee34e40-b4b5-4602-896c-ab2507ce5e86,CUST0107,2026-01-28T23:25:00,120.38,pending
290d7388-7220-4eaf-8653-2e423c66a1d0,CUST0140,2026-01-28T23:32:00,2249.84,refunded
a7c6d89a-8901-4545-b008-20fd7f39b1a9,CUST0208,2026-01-28T23:39:00,415.35,processing
94e571ba-80aa-4a47-a121-c92e4f34710e,CUST0471,2026-01-28T23:46:00,929.25,completed
4bac531c-9051-4fae-aa49-a1d2047c3536,CUST0234,2026-01-28T23:53:00,4157.13,processing
fe5fa03e-53d5-48b6-bdfa-fed5735bf415,CUST0256,2026-01-29T00:00:00,2469.5,pending
774762b7-49fe-4bb0-8f88-88f646d45827,CUST0274,2026-01-29T00:07:00,2298.46,completed
c4901e16-66c6-4b1e-ad43-43ac7633a97a,CUST0093,2026-01-29T00:14:00,2523.39,processing
5d2b3d79-3bf4-4b46-8599-93bbd2e89f67,CUST0219,2026-01-29T00:21:00,786.05,refunded
0cd1213c-8a0c-416e-9d8c-65232157b058,CUST0442,2026-01-29T00:28:00,1757.79,cancelled
27a1578d-fbc6-4a7d-b4df-480ae090d4d6,CUST0036,2026-01-29T00:35:00,51.61,pending
dc3289ca-fe79-4c6d-824d-6b723abab5a4,CUST0183,2026-01-29T00:42:00,3007.82,cancelled
b45397d4-de04-4049-876f-13e5624ca8c8,CUST0429,2026-01-29T00:49:00,4262.73,pending
4212b53c-e633-4728-b697-48bd583393c7,CUST0380,2026-01-29T00:56:00,1886.25,refunded
e4de2bb1-db71-424c-b148-9b4feabd80a8,CUST0453,2026-01-29T01:03:00,3839.53,cancelled
59c40cc4-a975-44ea-891b-3224bab1e71d,CUST0008,2026-01-29T01:10:00,1477.59,pending
10ff3347-af67-4d11-bcb1-3a6d5d8272b6,CUST0061,2026-01-29T01:17:00,764.55,processing
24b54725-514e-4c44-a1fb-6707c2dc11c0,CUST0137,2026-01-29T01:24:00,1722.72,processing
8354e662-f5ef-4da9-bc78-9e98651983fb,CUST0470,2026-01-29T01:31:00,3363.79,refunded
ff96cef7-eeee-489c-9956-1162cc3d68fb,CUST0374,2026-01-29T01:38:00,3676.75,completed
753b571d-80fe-4a7d-bc41-afc508f2aa0f,CUST0029,2026-01-29T01:45:00,1617.7,refunded
b968fc0a-8ac6-472f-be01-7b1db3820dff,CUST0095,2026-01-29T01:52:00,3520.49,pending
94f985bf-e512-4414-9715-36be5df3dbb7,CUST0099,2026-01-29T01:59:00,4199.7,pending
b87d7baf-8872-45b2-919b-d4a6e0dd65cf,CUST0349,2026-01-29T02:06:00,2587.84,completed
89ee0a22-daa3-463a-9cc6-bd005960a2ba,CUST0009,2026-01-29T02:13:00,2154.18,completed
4e0f17df-61e0-4fad-8422-6607496216e0,CUST0081,2026-01-29T02:20:00,2719.99,cancelled
3f9bd39f-e350-4c41-90da-aefae133f434,CUST0036,2026-01-29T02:27:00,3467.93,cancelled
3433c71a-6798-4e01-88bf-5735094728e0,CUST0186,2026-01-29T02:34:00,515.99,processing
275ecb75-cca0-427b-9a0e-22dcebbcbb83,CUST0143,2026-01-29T02:41:00,2165.23,pending
f4e12964-efc1-4e0e-87d6-13bbc608ce3b,CUST0208,2026-01-29T02:48:00,3730.02,completed
3d795341-7e9c-4d6b-ab8a-96718e9764eb,CUST0486,2026-01-29T02:55:00,401.67,pending
a0047c2b-ef48-43b9-bc61-4b6898dca1ef,CUST0202,2026-01-29T03:02:00,2222.99,cancelled
c6742661-a225-47f1-b9a0-9b6d0656f94d,CUST0435,2026-01-29T03:09:00,4103.99,pending
f25aea4a-18e6-40dd-9a39-e1565d40e5ab,CUST0208,2026-01-29T03:16:00,215.84,completed
881ee1ee-1d72-47b7-92dc-60acf4a7e3bd,CUST0151,2026-01-29T03:23:00,1353.69,cancelled
9786ad69-9024-403d-b888-51eb06c0f2c3,CUST0324,2026-01-29T03:30:00,1533.22,refunded
a7e925b6-2d3a-464a-8bd1-0e10b885766f,CUST0402,2026-01-29T03:37:00,1786.64,cancelled
bbb213cc-94bb-4273-b43c-3c2501adf2a6,CUST0016,2026-01-29T03:44:00,1460.17,refunded
05ceb436-bc61-4b52-8109-4e6cb185227d,CUST0098,2026-01-29T03:51:00,2438.68,processing
09b27c09-481f-41f3-81b4-9cbf1637cd67,CUST0219,2026-01-29T03:58:00,3924.53,completed
86e2c7c0-9db9-4927-bc92-465f984f8f72,CUST0422,2026-01-29T04:05:00,184.75,completed
92b4121d-a9af-41ce-9aa8-4fc904cfd0c9,CUST0363,2026-01-29T04:12:00,669.69,processing
ab07f869-037a-4415-9865-4b405a4080d9,CUST0322,2026-01-29T04:19:00,1285.85,refunded
12895d26-1c8e-4409-a3f6-264d8272cf9d,CUST0140,2026-01-29T04:26:00,311.96,pending
490fd9f3-87e5-4c27-ba84-998875b8dbe4,CUST0031,2026-01-29T04:33:00,2337.54,refunded
9d74a9e7-cb08-4b4e-8dea-6304955b1bdb,CUST0203,2026-01-29T04:40:00,3623.54,completed
1514c076-ad76-42da-8dc3-61c6f69ea050,CUST0177,2026-01-29T04:47:00,1298.1,cancelled
797d959f-f733-4d58-ae8b-bd9a0f886f4c,CUST0241,2026-01-29T04:54:00,576.87,processing
84fb7647-08ec-442e-9b3e-8dcb919cf2dc,CUST0176,2026-01-29T05:01:00,1159.08,refunded
6ff242ea-38c0-4142-970d-860303f8599b,CUST0409,2026-01-29T05:08:00,1917.18,pending
f7193b30-d92b-4175-8c35-f7aae56ad014,CUST0143,2026-01-29T05:15:00,1760.73,cancelled
c26d3400-8c18-4c8d-87b4-c7c898a78491,CUST0287,2026-01-29T05:22:00,1490.7,processing
acbad160-5158-426d-9c16-4aa67f6add9e,CUST0122,2026-01-29T05:29:00,3330.19,pending
962a6a64-d4d2-4d43-950c-ba63fc083457,CUST0190,2026-01-29T05:36:00,3773.11,cancelled
0c948154-e7d8-4389-a434-ba8bd4278766,CUST0126,2026-01-29T05:43:00,3831.6,refunded
7780de25-51a9-465b-901d-bfa407836dcc,CUST0312,2026-01-29T05:50:00,265.18,completed
0a7497a1-e75f-4376-9231-79f1e3bbccb7,CUST0120,2026-01-29T05:57:00,699.88,pending
faedf92e-bddf-4a98-994e-535ca0e1bc0a,CUST0358,2026-01-29T06:04:00,703.02,refunded
431b0592-7451-4018-b520-e95b9444297b,CUST0078,2026-01-29T06:11:00,4500.43,processing
94e3a105-9e9a-4c77-8d4b-243c2fdeea36,CUST0078,2026-01-29T06:18:00,1132.43,pending
18d6df21-6e25-4490-ae9b-d7ed401d3c7b,CUST0034,2026-01-29T06:25:00,2884.13,cancelled
6728fabf-bd06-419a-9400-532400fc1d64,CUST0179,2026-01-29T06:32:00,138.38,cancelled
0dc8d127-6fc8-44ce-9ee4-90eb8c7294b1,CUST0099,2026-01-29T06:39:00,3529.09,completed
016f578c-843d-4bf8-af9c-34bcd419c448,CUST0245,2026-01-29T06:46:00,772.25,refunded
283c1bd8-5ff1-4318-bbff-70f7782dffd0,CUST0022,2026-01-29T06:53:00,2046.58,completed
77119273-ba1b-468e-8c7e-9a8ec6c1a8fb,CUST0223,2026-01-29T07:00:00,966.75,pending
6045cd64-75da-4f75-828d-b2efe1dd492f,CUST0041,2026-01-29T07:07:00,1795.36,cancelled
672a625d-321c-4241-9688-a25eec1c666c,CUST0152,2026-01-29T07:14:00,4485.89,cancelled
1ddc417b-008c-482e-93ae-b6d334f089bb,CUST0480,2026-01-29T07:21:00,4525.9,refunded
d3d33732-c5e3-44d5-a16b-d1cd4c68bc92,CUST0119,2026-01-29T07:28:00,3441.41,pending
a149358f-894a-4d7e-828d-08409ccdf850,CUST0459,2026-01-29T07:35:00,2191.99,cancelled
e8145164-265a-4d6c-a5b5-c7248baab566,CUST0197,2026-01-29T07:42:00,2654.67,processing
3d296f36-cfba-4743-9238-3fcf58f7d24c,CUST0146,2026-01-29T07:49:00,4627.3,pending
a10f3522-607e-499c-90c5-4462cbaaf23f,CUST0348,2026-01-29T07:56:00,1327.89,completed
fb70fa04-d835-4e76-842d-320abab456af,CUST0356,2026-01-29T08:03:00,3778.32,completed
d4099c5c-fb3b-461a-87f1-e2262803ae23,CUST0328,2026-01-29T08:10:00,70.73,processing
f93cf8f8-09d0-415d-9af3-d27c59b73411,CUST0194,2026-01-29T08:17:00,3292.14,refunded
18197c08-978a-49f9-bdb7-124512c03174,CUST0475,2026-01-29T08:24:00,4473.42,refunded
908a5f1a-da7b-4e68-84bd-9f7b43cb6933,CUST0489,2026-01-29T08:31:00,1803.6,processing
1400eb27-ff18-4389-9c09-04ce60872345,CUST0341,2026-01-29T08:38:00,2105.0,completed
4baead62-3ce7-40d0-85fb-c5a953e41325,CUST0310,2026-01-29T08:45:00,3846.13,processing
76d40ead-8f46-484b-938c-7e85e0367297,CUST0061,2026-01-29T08:52:00,3136.76,refunded
d3a822b8-6654-48a1-b3e5-e5dc2898558e,CUST0288,2026-01-29T08:59:00,4815.21,completed
acf762d9-b7e9-4a41-b944-ad52125243e6,CUST0272,2026-01-29T09:06:00,1068.11,processing
3f6868cb-32d8-49d6-90a2-4addbd3f4f46,CUST0302,2026-01-29T09:13:00,300.03,refunded
4e7714a7-02ae-4b83-8a01-99366938931d,CUST0029,2026-01-29T09:20:00,4147.68,processing
fe688036-990c-4a04-bd99-f47e72c037a8,CUST0355,2026-01-29T09:27:00,1508.31,processing
16da4abf-1340-4fcf-b1a4-335a8f154d77,CUST0221,2026-01-29T09:34:00,2573.76,refunded
6fb774f9-b7b7-47c5-894d-806869e4d8fc,CUST0472,2026-01-29T09:41:00,3927.2,processing
8a6acb50-14ce-4f29-ba11-d8e66ddca096,CUST0200,2026-01-29T09:48:00,4761.69,pending
c5de76e0-6ff4-4913-8701-e24ad6520e28,CUST0228,2026-01-29T09:55:00,2632.3,refunded
729d20b9-1903-4f53-be78-65f0e4e6dc34,CUST0493,2026-01-29T10:02:00,3934.86,cancelled
904c3b97-a6c3-4cca-b98a-7071e1599cdb,CUST0100,2026-01-29T10:09:00,3204.08,completed
91197a00-13bf-439f-b2c7-590b7a40a041,CUST0169,2026-01-29T10:16:00,3006.92,completed
3e282e25-f780-40f8-9995-1083c875ee52,CUST0012,2026-01-29T10:23:00,3966.66,pending
11ee4021-e9d1-4139-94cb-58405bac902e,CUST0224,2026-01-29T10:30:00,2811.74,cancelled
731cdfbf-8d4e-4633-8f7b-9c6752767746,CUST0356,2026-01-29T10:37:00,1982.18,cancelled
78a42148-166e-4627-baaa-1fbb07200441,CUST0404,2026-01-29T10:44:00,3331.35,refunded
8fcab3f5-f996-4707-8e92-1ad9fbadf211,CUST0333,2026-01-29T10:51:00,3479.59,refunded
f5f592f6-048f-45b9-9ee7-37d7a87162f0,CUST0407,2026-01-29T10:58:00,3976.76,refunded
5fda89fd-d03a-4205-b229-6cc2b556049c,CUST0056,2026-01-29T11:05:00,4430.09,pending
708bea9b-9fe0-4cb5-b527-6f9080bc8fa7,CUST0127,2026-01-29T11:12:00,3149.23,processing
0a03a6a2-15d8-4198-bd33-5a924a11efb5,CUST0039,2026-01-29T11:19:00,2269.43,processing
be226073-3cea-49f5-b538-b4626988b60c,CUST0037,2026-01-29T11:26:00,3205.1,pending
8f5b4353-c6d0-4746-8afd-ed076ed16de5,CUST0054,2026-01-29T11:33:00,1970.31,completed
77ef1237-fdf9-4fae-9ef9-48b687175222,CUST0145,2026-01-29T11:40:00,809.44,completed
c2fa2cb7-0e47-408f-9b0a-d2653190d528,CUST0409,2026-01-29T11:47:00,2952.74,pending
3c69fa2a-c925-4e40-8c5b-3932bde92cb7,CUST0185,2026-01-29T11:54:00,3721.6,pending
01f8891c-26b6-4280-916a-6f3858ea27dc,CUST0240,2026-01-29T12:01:00,3550.5,cancelled
1992ce0c-e627-4912-8874-a664923845be,CUST0489,2026-01-29T12:08:00,1058.03,completed
b5eb1018-57c0-4dae-8adc-029f231bfb63,CUST0160,2026-01-29T12:15:00,266.96,refunded
0266af72-cdd5-4a72-b2ac-0ae4f83e3e89,CUST0131,2026-01-29T12:22:00,558.4,cancelled
068909aa-d24f-4b6a-a34c-b7b8e67eb4c3,CUST0424,2026-01-29T12:29:00,4360.11,pending
d2e0605f-3d5c-468d-92f3-ed61aecefee8,CUST0164,2026-01-29T12:36:00,892.79,processing
980fc514-879b-4ce4-9b0f-a4d34d034ce6,CUST0449,2026-01-29T12:43:00,2557.33,completed
64437ee8-2b39-4c78-89e9-c42926effdce,CUST0268,2026-01-29T12:50:00,4024.19,refunded
92f5b95c-03c6-4fc4-a861-260a64203dc2,CUST0465,2026-01-29T12:57:00,3928.39,processing
7919a38a-1a54-418d-8c7c-1ab6d2314545,CUST0473,2026-01-29T13:04:00,2019.41,refunded
879d5c7e-f625-460b-b7aa-306f92b688a2,CUST0010,2026-01-29T13:11:00,3428.15,cancelled
ee4afab7-7b47-435e-8cf0-bfbda966da31,CUST0156,2026-01-29T13:18:00,2947.79,processing
24dec0f9-39db-45af-b43d-e03bd314b07a,CUST0183,2026-01-29T13:25:00,2331.0,completed
43a69315-9893-4305-ac04-e300df7726db,CUST0376,2026-01-29T13:32:00,2629.8,pending
e190dac0-7788-4ceb-8dd0-2578f2cc3d04,CUST0257,2026-01-29T13:39:00,3820.08,completed
4fb09c44-d02c-49f5-b63c-831dcb8b1f67,CUST0160,2026-01-29T13:46:00,4898.42,pending
9d1eced0-cc6a-48c3-9984-dc9b1838ad1c,CUST0076,2026-01-29T13:53:00,285.7,cancelled
2bdebdf1-43ed-4682-bf1c-2a26f8a66ae7,CUST0110,2026-01-29T14:00:00,1419.65,completed
547a3f94-0303-4f61-a10d-292fb25544d1,CUST0022,2026-01-29T14:07:00,252.37,refunded
b6223bdc-1b98-41ed-aa30-c3b4f787b489,CUST0304,2026-01-29T14:14:00,4372.29,refunded
8f07ff00-35e0-41e0-ae11-d8b5cae450b4,CUST0124,2026-01-29T14:21:00,4843.07,cancelled
45130c0b-b5ed-4b03-944b-8dc23e88977a,CUST0042,2026-01-29T14:28:00,1166.96,refunded
b05353c2-4cdf-45c6-b95b-ceca404754c2,CUST0219,2026-01-29T14:35:00,67.24,processing
7ad4568c-cd04-41f9-8962-e9702a42c437,CUST0282,2026-01-29T14:42:00,169.62,refunded
5c026002-619e-4ae4-a7ed-384f0694cb43,CUST0327,2026-01-29T14:49:00,1611.57,pending
d573d6af-01a7-4152-870e-549fd7084670,CUST0138,2026-01-29T14:56:00,833.7,completed
dad18b10-01a7-405d-879b-1e2a7191b3ff,CUST0413,2026-01-29T15:03:00,4302.9,refunded
17c1cac9-8100-47b7-a9e2-970d5f1a934e,CUST0473,2026-01-29T15:10:00,3398.12,refunded
6e2c7b56-43e2-4683-b59e-02955fe145c9,CUST0033,2026-01-29T15:17:00,3842.17,completed
120b3f1a-9e68-411c-9c32-2b8ecf2db75b,CUST0433,2026-01-29T15:24:00,3062.79,pending
413e074b-9288-47d5-9278-9080daa853b3,CUST0370,2026-01-29T15:31:00,1501.52,processing
14afa051-f52b-4275-9082-16e06d8a6856,CUST0433,2026-01-29T15:38:00,4872.9,completed
096cddb0-c5a5-4f66-9af9-191d91a52edf,CUST0449,2026-01-29T15:45:00,756.51,refunded
cea4190a-500f-46dd-aa9a-b3ad09c7df0e,CUST0015,2026-01-29T15:52:00,431.84,completed
b9e6ef01-d594-4ea3-b1f8-a98a81bd2d9d,CUST0064,2026-01-29T15:59:00,3762.09,pending
3d43266e-b8ab-4c12-8d99-c1318e8e0cb1,CUST0043,2026-01-29T16:06:00,4198.35,pending
73a2ac81-436d-4466-8af4-dbed30e5e5e5,CUST0086,2026-01-29T16:13:00,3490.32,completed
2888933a-bd68-44de-88ba-714dbdc732f0,CUST0432,2026-01-29T16:20:00,842.08,processing
c205d28d-d746-4f39-9fcb-358b6478df63,CUST0222,2026-01-29T16:27:00,1161.73,pending
d47a51d3-c2c1-4f60-99c7-e8047056bcac,CUST0162,2026-01-29T16:34:00,2378.85,pending
847c50e9-4d5b-4798-981e-4bdde98365a8,CUST0476,2026-01-29T16:41:00,4510.4,processing
098e60dc-a43d-41fe-970e-94a50a5cbbd9,CUST0118,2026-01-29T16:48:00,4127.48,cancelled
fb8d84f8-4aca-45ba-80d8-05822e5969f7,CUST0281,2026-01-29T16:55:00,3824.52,pending
ea023214-58a1-427d-b311-80b49b383d96,CUST0366,2026-01-29T17:02:00,1342.28,pending
4db5d507-116a-4bf5-9287-3575415786b0,CUST0205,2026-01-29T17:09:00,2426.91,cancelled
a412f86f-3504-41e4-8cde-8ccf5c3969ef,CUST0175,2026-01-29T17:16:00,404.78,refunded
91b6691f-51fb-47d8-98e1-91bd24009fe1,CUST0009,2026-01-29T17:23:00,3680.13,processing
4a219830-401f-41ea-a572-5afd3194f273,CUST0199,2026-01-29T17:30:00,1229.9,cancelled
72a689bf-dfea-40a0-bd98-d598bf1efbae,CUST0262,2026-01-29T17:37:00,3808.76,processing
bbf2715d-1cb5-449e-b8d3-8e827f7b2788,CUST0450,2026-01-29T17:44:00,1655.32,completed
f71eeae2-fa3d-4547-b751-93b75ccc9472,CUST0015,2026-01-29T17:51:00,723.33,completed
4f53066e-283c-44e5-96d9-6093a8e58238,CUST0242,2026-01-29T17:58:00,4332.12,completed
77690f55-3a8f-416f-8739-43f1e9ee4e1d,CUST0490,2026-01-29T18:05:00,1569.95,pending
e89662f5-82ff-4964-bab4-96823e10c5f2,CUST0105,2026-01-29T18:12:00,4387.99,pending
59d3143c-6d30-473b-b147-0e9ae83eb42f,CUST0298,2026-01-29T18:19:00,3141.97,completed
f20806f9-39bf-4f6c-bba4-86013ab0a96e,CUST0093,2026-01-29T18:26:00,1388.5,pending
096b05a0-1a2a-42fc-8d29-1e14201fb612,CUST0465,2026-01-29T18:33:00,1521.86,processing
a0d27584-7d9b-4333-bc49-c2ad0b3238b0,CUST0058,2026-01-29T18:40:00,1001.48,pending
e93f42f3-a140-4abc-87dd-28bc02462749,CUST0244,2026-01-29T18:47:00,4222.13,processing
273e306e-86a2-4778-9908-cdd85f51b57b,CUST0341,2026-01-29T18:54:00,1520.67,refunded
df71b13b-4940-468e-8f91-bff119411274,CUST0380,2026-01-29T19:01:00,1773.41,processing
7382672f-a2f9-45da-b94a-8a58f5acedd8,CUST0264,2026-01-29T19:08:00,924.6,processing
14360d85-b25c-4d5f-a2e9-68dbd99c9cae,CUST0171,2026-01-29T19:15:00,4576.87,refunded
d429a0cd-cedc-445c-9826-56e56eda606d,CUST0452,2026-01-29T19:22:00,3102.42,refunded
f85e3051-2ceb-4531-8161-ecc6907e9a76,CUST0304,2026-01-29T19:29:00,536.31,processing
bf34c621-5258-42f1-95db-3c96b71f2a3e,CUST0485,2026-01-29T19:36:00,3945.39,processing
d51d8160-7f5f-45ea-8833-5be6b21004e2,CUST0006,2026-01-29T19:43:00,2737.34,pending
ca5fea74-40bb-4ccf-8efe-c72baff48933,CUST0369,2026-01-29T19:50:00,2321.84,refunded
d701e739-5bae-4e84-8d28-4147865c49da,CUST0278,2026-01-29T19:57:00,3445.51,pending
88241a48-430d-4619-afff-f1fe688e35df,CUST0265,2026-01-29T20:04:00,3051.7,cancelled
23c77d57-4565-4b0d-852a-db8df7aeb46d,CUST0127,2026-01-29T20:11:00,679.23,cancelled
84b07e34-f42c-42d8-b449-a9ef5377ee5f,CUST0470,2026-01-29T20:18:00,3456.28,completed
74efe85f-c461-4999-9cd8-410e88353036,CUST0374,2026-01-29T20:25:00,659.25,processing
a2cff3be-d000-45b8-9dc3-cc663fe26836,CUST0433,2026-01-29T20:32:00,728.99,refunded
853cb0ec-e00b-4f83-9728-5eafd65e2eed,CUST0205,2026-01-29T20:39:00,2822.61,cancelled
e2be0de0-e2e0-419d-9133-6e6140d08701,CUST0195,2026-01-29T20:46:00,3726.86,cancelled
d74e0533-e75a-4b16-8d6c-2c8ba9a994f9,CUST0299,2026-01-29T20:53:00,1051.58,processing
fa610885-eb90-498a-a89e-dd798937b717,CUST0207,2026-01-29T21:00:00,435.68,cancelled
5b30ba64-baf0-430e-8d86-7e2601482750,CUST0173,2026-01-29T21:07:00,3181.68,refunded
87943a0b-2f06-43f2-a38f-6d2cc4cd80b7,CUST0303,2026-01-29T21:14:00,2420.53,refunded
2bf9ddd7-3927-4159-a3ae-97d516f99d86,CUST0150,2026-01-29T21:21:00,2372.46,refunded
c615ef88-ff99-4edf-8e36-e8156d196583,CUST0244,2026-01-29T21:28:00,1698.88,cancelled
ab680e19-b8b4-4b40-a64d-cca98cabdd53,CUST0360,2026-01-29T21:35:00,2949.75,cancelled
d3051460-58b4-4bc4-b67e-934626694251,CUST0483,2026-01-29T21:42:00,1927.4,pending
27ce56ea-1a6b-432c-b32e-9ffc27c99e1a,CUST0323,2026-01-29T21:49:00,4345.39,processing
ba929775-8e08-461e-ab00-057f1592c05c,CUST0249,2026-01-29T21:56:00,314.03,refunded
60e83fdf-94c5-442e-bc83-3ede9963d305,CUST0289,2026-01-29T22:03:00,3535.02,refunded
018cb18d-a9a5-4204-a9b9-fe899e802157,CUST0437,2026-01-29T22:10:00,3843.75,pending
47a7b741-7b98-43a8-bbc8-3b7833626645,CUST0124,2026-01-29T22:17:00,4247.84,refunded
bfb33a39-295d-4d7b-bef5-c65a47965fba,CUST0376,2026-01-29T22:24:00,623.48,pending
c614e86c-a793-4ccd-8aca-7b6fec92e3d7,CUST0006,2026-01-29T22:31:00,141.11,completed
e6610173-20c5-44ee-b48c-357d1801ed7a,CUST0389,2026-01-29T22:38:00,2036.73,refunded
ab1db69f-9485-4086-9af8-3d1b38729a69,CUST0307,2026-01-29T22:45:00,1264.37,processing
bd12658d-74e0-4f0f-87a3-39006661a0ea,CUST0328,2026-01-29T22:52:00,2524.06,processing
bd83745c-82c9-4e77-a47d-496f64ca66bc,CUST0065,2026-01-29T22:59:00,2511.39,processing
7de07f29-c920-4db9-ab66-65c7774a39c1,CUST0059,2026-01-29T23:06:00,1418.01,pending
dde66d7c-8913-4859-8358-278565fd80e0,CUST0156,2026-01-29T23:13:00,1081.44,refunded
4028015b-5c63-4808-9e5a-52ddc5a0e30c,CUST0073,2026-01-29T23:20:00,1419.92,refunded
25548647-a33e-46cf-9c5c-fcd8caaae311,CUST0082,2026-01-29T23:27:00,868.73,refunded
089a1344-b961-46f3-8b21-87de783cda05,CUST0375,2026-01-29T23:34:00,548.67,pending
6a8cd878-1ebd-4e29-ad52-40d7f33467ac,CUST0047,2026-01-29T23:41:00,768.95,completed
b534aa4f-0db5-4c1d-b609-83c293086d66,CUST0172,2026-01-29T23:48:00,2941.86,completed
22386617-f80b-42a9-8288-757aa83dce83,CUST0308,2026-01-29T23:55:00,426.26,completed
327438dd-9a54-4e10-8fa0-0c1c7352c1d0,CUST0453,2026-01-30T00:02:00,4362.97,processing
bc1a6547-aba6-4d72-9fc0-8ca6f65e0689,CUST0337,2026-01-30T00:09:00,4145.33,processing
e044b147-ee94-4ac7-9be6-2a02ba1cdb40,CUST0239,2026-01-30T00:16:00,609.6,processing
1e48fbe0-1cf2-471d-aee3-b5f2a5b8ed06,CUST0466,2026-01-30T00:23:00,1656.66,refunded
62e0707d-e9a4-4c5f-bb7b-720c848d6372,CUST0088,2026-01-30T00:30:00,1599.79,completed
d596b2f6-b7bb-4bc5-8b60-643aac938ab7,CUST0467,2026-01-30T00:37:00,2956.4,cancelled
4b938c8e-e91a-421e-b370-79d587e209e8,CUST0257,2026-01-30T00:44:00,3024.49,pending
f5497a74-8d3c-4978-b01b-d404ba51e8c2,CUST0282,2026-01-30T00:51:00,1681.3,cancelled
8f57dd80-19a4-4116-acba-12326cc39477,CUST0213,2026-01-30T00:58:00,2343.87,completed
78fd65b7-dd44-4381-aa5c-068bca695849,CUST0295,2026-01-30T01:05:00,2172.55,refunded
9f66380f-a6c8-4284-90ea-8196af8e3727,CUST0067,2026-01-30T01:12:00,3209.07,processing
6ed77a5b-c555-4044-a5a6-7f8cd4c474ec,CUST0063,2026-01-30T01:19:00,2673.76,refunded
75dafccc-1504-420f-b357-20474177110f,CUST0269,2026-01-30T01:26:00,3843.9,completed
3369d4bd-3939-4172-bdb1-88b8f6af9c30,CUST0205,2026-01-30T01:33:00,1272.78,completed
612903e9-1eb3-4e8a-98ad-d22799d831c8,CUST0353,2026-01-30T01:40:00,2684.04,completed
5a28df69-922b-4412-821c-7de12778c6e7,CUST0236,2026-01-30T01:47:00,2652.43,completed
6533aab3-6327-4279-9744-e015334f1074,CUST0187,2026-01-30T01:54:00,2599.14,refunded
29b175b6-c5b2-41cc-8706-7db85bfdaaab,CUST0057,2026-01-30T02:01:00,4829.74,cancelled
bfb0aaf7-bdd0-43b1-928c-3adff7f56465,CUST0289,2026-01-30T02:08:00,610.81,cancelled
b2cb0f71-1bd5-4684-b707-935c0d71214c,CUST0319,2026-01-30T02:15:00,1904.14,refunded
c568d9a7-302e-43e1-a15b-d52849d5cabe,CUST0071,2026-01-30T02:22:00,229.07,processing
a97c3369-b9ea-473d-945f-78fffba11338,CUST0314,2026-01-30T02:29:00,571.88,refunded
e99411f3-58b0-48aa-84d6-2b39155c78a6,CUST0248,2026-01-30T02:36:00,1488.23,completed
966f6513-98c1-40e3-975e-c78cbe381ddc,CUST0021,2026-01-30T02:43:00,1612.17,refunded
1d101aa1-b02a-4efa-aad2-1ea1a1e599e3,CUST0264,2026-01-30T02:50:00,510.77,cancelled
cbb8caaa-fb59-48cc-bf2d-ffb215f4498c,CUST0369,2026-01-30T02:57:00,341.94,processing
f61cf60d-eddf-48a5-af84-6cede7ca123c,CUST0423,2026-01-30T03:04:00,4826.86,processing
085afeb0-5d1b-4dbc-b6df-d8e1d8a6bae6,CUST0186,2026-01-30T03:11:00,1181.93,cancelled
d400d15d-665b-448a-a97f-c930c8dddcae,CUST0476,2026-01-30T03:18:00,2151.66,completed
2cfff544-3235-40ef-aec5-ee6fbaf620fb,CUST0328,2026-01-30T03:25:00,3359.29,cancelled
8767f3f5-d472-4741-ab80-7b6353e45571,CUST0064,2026-01-30T03:32:00,1633.41,pending
84fcf483-f184-44ed-870b-f0e9f83eecae,CUST0172,2026-01-30T03:39:00,16.06,completed
f7a442fc-f425-4b9b-9a55-d5818dd8b5d8,CUST0481,2026-01-30T03:46:00,4536.96,completed
d8b8070e-2566-4109-8e1e-2831e90e08c1,CUST0015,2026-01-30T03:53:00,4398.95,pending
0f7248df-1286-4e48-af0b-863b70025a4f,CUST0065,2026-01-30T04:00:00,4039.84,cancelled
f4db92c8-f384-46f9-9de5-39cd3570765d,CUST0435,2026-01-30T04:07:00,3603.0,completed
3c5c6845-0806-4b68-b893-edd886659882,CUST0220,2026-01-30T04:14:00,3074.5,refunded
1400b5cd-2cc7-4800-8b60-d6e2afda3e83,CUST0334,2026-01-30T04:21:00,588.2,refunded
db2fdb08-d550-4236-a757-7c334f4f380d,CUST0101,2026-01-30T04:28:00,379.03,processing
b0cf33b9-836d-4d21-b2d2-0c27bee1e274,CUST0344,2026-01-30T04:35:00,2798.16,pending
23a03635-76d7-4303-9190-e17e270b77c9,CUST0394,2026-01-30T04:42:00,3076.15,cancelled
c6250fb8-3861-4f41-adad-3449d98e6315,CUST0363,2026-01-30T04:49:00,2990.38,cancelled
822cacc0-c43a-4ef0-937e-ac9b8d3fe6d2,CUST0361,2026-01-30T04:56:00,3343.09,pending
ebde2b27-c805-4cd7-bd0c-899fff8f1baa,CUST0040,2026-01-30T05:03:00,2541.26,completed
1ab01fdf-7053-4f80-bf13-0ab9848b647a,CUST0444,2026-01-30T05:10:00,1650.56,pending
aee5e581-18f0-4372-a21a-bd4b74673182,CUST0048,2026-01-30T05:17:00,2589.29,processing
cc3c6290-1e55-45a0-9e9b-fe839641f898,CUST0108,2026-01-30T05:24:00,2263.07,cancelled
5eebbba1-86e8-49e8-b31a-8cc9cacf551a,CUST0244,2026-01-30T05:31:00,3009.74,pending
d704ad3f-e6f5-46b0-a989-a34fdc8eb4f4,CUST0364,2026-01-30T05:38:00,2276.02,refunded
a075f097-07e7-4cd5-ac3f-e8346fd9e2a0,CUST0435,2026-01-30T05:45:00,4676.2,processing
e2575bae-ffb9-45d1-964e-257b4b772e06,CUST0151,2026-01-30T05:52:00,3335.79,refunded
163b1e3a-6cff-4900-a92e-992d1ca4caa0,CUST0469,2026-01-30T05:59:00,3139.54,completed
e5863e0a-51d1-4f07-8888-124fcddca1e5,CUST0128,2026-01-30T06:06:00,3601.66,processing
e84ab96f-c42b-4d1d-972f-ae3e16a41476,CUST0258,2026-01-30T06:13:00,1112.36,processing
9439fbec-a1c1-4eb5-98b2-82195c86b7ea,CUST0227,2026-01-30T06:20:00,352.86,refunded
b51b14b3-1b56-4a67-8a90-ed03a6e4a5b1,CUST0294,2026-01-30T06:27:00,2927.8,cancelled
21ff70f8-307a-4dc3-875d-6773b080e04b,CUST0164,2026-01-30T06:34:00,603.89,cancelled
e6bc8186-c111-446e-9c0a-17fef3c8c9ec,CUST0364,2026-01-30T06:41:00,4413.84,refunded
f97d1338-6946-493b-bd2f-ffac418f1cc4,CUST0330,2026-01-30T06:48:00,1692.54,cancelled
18556174-bb0a-4728-a454-a64131554483,CUST0491,2026-01-30T06:55:00,4383.02,refunded
019f87eb-9525-4cff-8035-c20cdf1120a0,CUST0339,2026-01-30T07:02:00,2092.53,refunded
8ccec5ec-c00c-4519-b3ad-71cc34b155ad,CUST0178,2026-01-30T07:09:00,2732.39,processing
e46bddc3-6d1a-4006-bcce-6d0125b420f1,CUST0180,2026-01-30T07:16:00,162.85,cancelled
e0e8ccf8-ca2b-41b9-a80b-221ba1924dd4,CUST0495,2026-01-30T07:23:00,390.26,processing
f15d77d8-7dc7-4515-af93-74cf79b56624,CUST0254,2026-01-30T07:30:00,1416.03,completed
195705da-0e2e-4c97-a028-91fc2daa8229,CUST0321,2026-01-30T07:37:00,2368.24,completed
f6439d06-78f0-4dee-b484-8192a401fb55,CUST0409,2026-01-30T07:44:00,4519.54,cancelled
4a527161-5907-44fd-9f56-a549b5232a75,CUST0191,2026-01-30T07:51:00,1270.21,pending
badd6517-060b-46dc-ba30-6e5feb243e2e,CUST0121,2026-01-30T07:58:00,2006.71,cancelled
efd154a0-5fc7-4888-9db2-fccbaf5be0e1,CUST0398,2026-01-30T08:05:00,4167.03,processing
a2878618-051b-44a1-a55f-d540ad9eb832,CUST0384,2026-01-30T08:12:00,2304.19,pending
eaf1e325-4066-4719-9be7-4d71f644ec55,CUST0418,2026-13-45,99.99,completed
cb0d6233-a831-48f5-949f-ad0b01c1c8ef,CUST0427,2026-01-30T08:19:00,4808.94,pending
4445e2bf-deb6-419f-8902-0b2d531b0c83,CUST0358,2026-01-30T08:26:00,3014.67,processing
658f4f4d-255b-4bd0-bd6e-88ec94f11582,CUST0326,2026-01-30T08:33:00,1241.75,processing
46593b85-9578-4024-9618-21d2313b7b32,CUST0231,2026-01-30T08:40:00,2845.58,cancelled
69b2dcb9-f2ac-4146-bd60-436e1c464597,CUST0073,2026-01-30T08:47:00,2892.71,cancelled
f9ef9b1f-2274-4d3d-b564-2f81dfd6bbff,CUST0168,2026-01-30T08:54:00,1898.92,completed
0725ade9-b740-4027-96f1-96d485175502,CUST0106,2026-01-30T09:01:00,2864.53,refunded
83363fec-ade9-409a-a475-47318b0fb4be,CUST0228,2026-01-30T09:08:00,4620.34,refunded
8fffa5d2-8a28-4f47-949c-20afa409a8a1,CUST0217,2026-01-30T09:15:00,3490.99,cancelled
b0c4d4c1-a7bb-4b62-ba1d-0980d666bb04,CUST0079,2026-01-30T09:22:00,4948.63,pending
8fd1135a-8222-4eca-8d51-c5c9fda0ef59,CUST0371,2026-01-30T09:29:00,2901.06,cancelled
6018099d-6b8c-4020-a833-d4e4603c7cb5,CUST0074,2026-01-30T09:36:00,1099.42,cancelled
0b3b056c-16e7-4d23-b42d-e3cdc6748170,CUST0020,2026-01-30T09:43:00,2170.56,completed
dc14b897-caec-4e0f-a142-1cdbb2743584,CUST0138,2026-01-30T09:50:00,751.84,cancelled
de9cd002-0296-4f49-b22e-acc58fb40b1e,CUST0206,2026-01-30T09:57:00,3367.34,pending
b5bdfeb9-db0d-4350-8099-288bddee08b3,CUST0178,2026-01-30T10:04:00,1124.66,cancelled
6736f3dd-f17c-4174-ab9b-2272793a6c09,CUST0090,2026-01-30T10:11:00,4697.21,pending
a20384c3-e3bd-43b0-a379-94ff4654541e,CUST0474,2026-01-30T10:18:00,3936.82,processing
e0793ecc-baa8-400e-906f-3a9a13cb9d20,CUST0389,2026-01-30T10:25:00,2671.5,completed
411c3708-e2e7-4346-b943-e2a9ec88f5f4,CUST0440,2026-01-30T10:32:00,1711.08,cancelled
a1c37074-5880-43ad-a9ed-64cf33a927d4,CUST0228,2026-01-30T10:39:00,2244.71,completed
47aa472d-6a12-45ce-8697-2214a3d89266,CUST0433,2026-01-30T10:46:00,376.94,processing
977fa757-a4f7-4f0a-b92d-277e8375a84c,CUST0185,2026-01-30T10:53:00,4603.06,completed
c47c4235-a0fd-4468-9d6c-89f3ee6c7800,CUST0252,2026-01-30T11:00:00,2869.05,completed
384b8ae5-9346-4a99-81f2-93254fab2bfa,CUST0064,2026-01-30T11:07:00,395.21,processing
257432ad-a882-499d-8720-e3a59f848e69,CUST0322,2026-01-30T11:14:00,2084.33,completed
f424b4fc-290e-45a3-889f-7c1d398594f0,CUST0475,2026-01-30T11:21:00,1792.03,completed
c5ec5624-77c9-4892-bd42-de574e98b0ea,CUST0115,2026-01-30T11:28:00,1793.69,cancelled
7727fe98-76c9-4391-89ce-1c2881466332,CUST0216,2026-01-30T11:35:00,861.3,processing
70f36d50-9e03-4190-b01e-cddf8de91b85,CUST0224,2026-01-30T11:42:00,1927.23,cancelled
cd0e9b73-0f6f-48eb-88d3-01eae52192d6,CUST0432,2026-01-30T11:49:00,281.34,completed
8600d6d8-398f-45de-8e05-bf3753d10954,CUST0347,2026-01-30T11:56:00,1672.14,cancelled
5c06ed55-a0bb-4c1a-80cc-49eba20c23da,CUST0228,2026-01-30T12:03:00,4416.24,completed
0d0d991c-3682-4902-ba3b-11483f1cd35c,CUST0302,2026-01-30T12:10:00,1088.88,pending
f6f66e7e-3aa1-46ce-8f02-094ccaa27694,CUST0051,2026-01-30T12:17:00,1025.45,completed
5366df66-21d0-4a49-a3ca-8a975d7393c4,CUST0224,2026-01-30T12:24:00,4721.41,processing
8678fee8-ace9-4ea8-becc-ebe3d26016da,CUST0204,2026-01-30T12:31:00,1002.44,pending
a0c47b0b-70ca-489a-a830-84927a812916,CUST0470,2026-01-30T12:38:00,3482.93,completed
f6e91b77-2a12-49a3-b034-d51e69463496,CUST0253,2026-01-30T12:45:00,1419.39,processing
6ea40565-0281-44b4-858b-9c15d8063a62,CUST0097,2026-01-30T12:52:00,1337.2,completed
301554d4-75fa-4779-b4eb-f1112cd4a7c6,CUST0051,2026-01-30T12:59:00,2718.16,completed
89ffac43-a79d-48d3-b7a5-fc85d3455d7f,CUST0176,2026-01-30T13:06:00,3784.26,refunded
6dcccc3d-2d1f-45b9-9ba2-9a585df6a040,CUST0015,2026-01-30T13:13:00,4066.79,pending
9224f419-80e9-4945-a391-8064d678e461,CUST0050,2026-01-30T13:20:00,1110.24,processing
,,not-a-date,abc,
8c082ac6-b595-4cef-b1c2-75602a1a3d12,CUST0273,2026-01-30T13:27:00,2177.34,refunded
9c0134f4-ca11-4c3a-84b6-a87577c3c19b,CUST0048,2026-01-30T13:34:00,962.5,cancelled
ce25bc1d-af15-4f16-bb49-1ff39ac3133f,CUST0380,2026-01-30T13:41:00,3329.05,pending
29bff6f1-b069-433e-892e-5142ead41ed2,CUST0410,2026-01-30T13:48:00,4715.5,completed
1239c653-a6cb-428e-9798-12d021e540e8,CUST0237,2026-01-30T13:55:00,3869.46,refunded
b36c3228-11ed-443e-91b8-22e2eda80628,CUST0270,2026-01-30T14:02:00,464.24,cancelled
a92ec035-f01b-4d1b-8f55-1de77c5726cd,CUST0185,2026-01-30T14:09:00,2833.46,processing
938272c4-c7f5-4fcc-8cce-d2f1c136c4a9,CUST0265,2026-01-30T14:16:00,4672.23,pending
d1867891-79e4-4af7-a972-46c2d9841724,CUST0005,2026-01-30T14:23:00,541.52,completed
8664e630-be3b-4362-801d-67f82972ab85,CUST0431,2026-01-30T14:30:00,2999.25,pending
3c59a574-3c9c-4a22-afd9-b062708ba72a,CUST0018,2026-01-30T14:37:00,4098.43,completed
3ca04ee0-8d4d-458c-81c2-a9511b2e7f4c,CUST0467,2026-01-30T14:44:00,4116.58,completed
ee779640-e6a7-42da-9357-8073cc2eba7c,CUST0340,2026-01-30T14:51:00,1133.26,cancelled
f2d224cf-45e6-434e-b81b-3c5e278bbe95,CUST0102,2026-01-30T14:58:00,1830.14,processing
1bf04ebe-c71a-4271-af93-de057b58f7bc,CUST0496,2026-01-30T15:05:00,76.67,completed
f45bf5f0-7526-49a7-ae67-d43bdd0a23ce,CUST0129,2026-01-30T15:12:00,3770.76,completed
d24cfd87-8175-4daa-852e-4925155e5ff2,CUST0185,2026-01-30T15:19:00,3228.47,pending
a17b9a2f-a6e0-423e-a0ea-4254376f298d,CUST0198,2026-01-30T15:26:00,2057.78,completed
454f5e08-3a36-4d37-9730-9f5d2e08d2bc,CUST0332,2026-01-30T15:33:00,1296.67,pending
d6c10a98-e673-4a6d-abea-ad566a00eb2a,CUST0006,2026-01-30T15:40:00,2678.75,completed
f4b19e09-5c54-464a-9d46-3ba88fee11c1,CUST0375,2026-01-30T15:47:00,3755.13,processing
20d655fe-f732-4955-8e22-2c3cff3d0265,CUST0416,2026-01-30T15:54:00,2603.93,completed
ffb3dd5e-72f1-426c-9ec0-93eb4127e66c,CUST0191,2026-01-30T16:01:00,2208.96,completed
0eaa2dd2-c4c3-42b4-b3bd-bb872050e362,CUST0326,2026-01-30T16:08:00,1015.29,refunded
ed2e374e-acf7-48e7-b59b-80b84670fc15,CUST0118,2026-01-30T16:15:00,2126.68,processing
ad8fd352-4d98-45aa-a1a7-df8347c85fd2,CUST0020,2026-01-30T16:22:00,3908.63,completed
8daff4d7-86ac-41f2-b233-d429582e53f0,CUST0282,2026-01-30T16:29:00,402.32,processing
97e7d7cd-1fd9-44bf-96c0-3cff514e407d,CUST0290,2026-01-30T16:36:00,3785.93,processing
4a5c6e56-e967-46f5-bc3f-179c43b434db,CUST0050,2026-01-30T16:43:00,860.94,pending
de884a5c-8dcb-4d20-9f38-63e278f54c6d,CUST0187,2026-01-30T16:50:00,4158.75,refunded
a40717aa-9b53-4f07-960e-56fcfa5ab47e,CUST0289,2026-01-30T16:57:00,3894.82,pending
e35f4cff-3916-4bb3-9d5c-384f2bf9d607,CUST0454,2026-01-30T17:04:00,1012.38,completed
add388d0-927e-41e0-8d31-b002e9d10dff,CUST0369,2026-01-30T17:11:00,1736.73,processing
047275e8-b161-4390-8198-553a9e44b795,CUST0385,2026-01-30T17:18:00,4570.92,cancelled
0b1d9cb9-5a8a-4729-8689-0582345f3a55,CUST0144,2026-01-30T17:25:00,1495.22,processing
0b10686e-810d-4230-8e74-4832df0394c7,CUST0336,2026-01-30T17:32:00,630.89,processing
383b0145-cd41-483a-a1ec-a221c04b318a,CUST0043,2026-01-30T17:39:00,3422.34,processing
74bc1343-87da-4215-afe3-cf9a36b23606,CUST0332,2026-01-30T17:46:00,3396.04,completed
653c4890-7bfd-4907-ace7-8846d9803e28,CUST0323,2026-01-30T17:53:00,4452.01,pending
a45a4af9-a676-4a76-a7e3-92cd2dbb8661,CUST0170,2026-01-30T18:00:00,3540.93,processing
a6609560-a316-4f7d-a24b-17bcf122113b,CUST0216,2026-01-30T18:07:00,3471.14,cancelled
416587cc-e55f-4307-9555-d1c6dec2ef86,CUST0468,2026-01-30T18:14:00,2694.42,cancelled
ca27cda1-0f40-42e0-ba35-9f6e2a6c4b90,CUST0236,2026-01-30T18:21:00,3130.52,refunded
90e4faaa-d32a-40ea-b2f0-9ae691441e77,CUST0308,2026-01-30T18:28:00,1638.76,pending
1e97d9ca-e104-449f-9448-719b580542b4,CUST0294,2026-01-30T18:35:00,2618.05,processing
65849e51-102e-4929-b582-5116ee8301e7,CUST0153,2026-01-30T18:42:00,2910.74,processing
27e51128-e0c5-4d70-9c18-46b0c8c3a87a,CUST0357,2026-01-30T18:49:00,4272.36,refunded
17d98537-1a44-49d6-aeae-415ce4456315,CUST0269,2026-01-30T18:56:00,197.2,completed
1fdd75d7-1f5b-4598-b80a-14f821c7c8cb,CUST0388,2026-01-30T19:03:00,1446.64,processing
290d4887-7ee7-4686-91a7-390cfe43695f,CUST0485,2026-01-01T00:10:00,-50,pending
4cba9d1c-e385-4388-8bb0-6b9fd34afdf0,CUST0231,2026-01-30T19:10:00,2346.6,processing
19e120cc-8cff-4f75-bc95-784f5c914cdc,CUST0363,2026-01-30T19:17:00,4916.45,pending
ce6ded4f-6b36-41ab-9611-668fce4f2006,CUST0164,2026-01-30T19:24:00,45.03,cancelled
f3ed208b-a667-46fd-b39f-018648f1b061,CUST0099,2026-01-30T19:31:00,2064.24,processing
6f7b2d14-793f-483d-9a49-458e7131c202,CUST0331,2026-01-30T19:38:00,2469.27,completed
21f9ad58-c4b7-43e5-b5c5-2f1c588d40bd,CUST0355,2026-01-30T19:45:00,1266.2,cancelled
a00068fd-8fe5-4a9c-bd53-e7679fc318b3,CUST0264,2026-01-30T19:52:00,2628.06,pending
540d9fcc-cc2d-4f5a-8391-3daa5d65959e,CUST0055,2026-01-30T19:59:00,4365.12,processing
666204f3-8ed3-459b-97aa-610b94bd5763,CUST0388,2026-01-30T20:06:00,191.41,processing
fede044f-99b2-4916-8512-b3dc35283945,CUST0185,2026-01-30T20:13:00,585.75,cancelled
7e7ebd7c-0448-45ee-89ae-7e570487dbd4,CUST0050,2026-01-30T20:20:00,4464.72,refunded
202887d1-b69f-468b-a17c-8d1fb59194c5,CUST0204,2026-01-30T20:27:00,1635.39,cancelled
0bcf362e-a511-4cdf-92b4-28945270678a,CUST0433,2026-01-30T20:34:00,1502.66,pending
e12119cc-0be1-46ae-8dac-c36b39965358,CUST0253,2026-01-30T20:41:00,3593.87,cancelled
c579fff2-29e8-4f35-8cd1-2a572c0d8274,CUST0364,2026-01-30T20:48:00,1247.37,cancelled
cd0f4a75-8c99-4501-827a-53eb2f878b42,CUST0030,2026-01-30T20:55:00,121.78,processing
0b201df8-2ad6-4075-9f7d-9e4379ec837b,CUST0446,2026-01-30T21:02:00,4724.82,processing
08e86f60-420e-45df-9fc4-0ad77da22e0f,CUST0176,2026-01-30T21:09:00,4795.71,completed
736a0c6a-96a1-408a-ac5d-4eb3f59a400d,CUST0395,2026-01-30T21:16:00,1134.19,refunded
3073fe6d-19e0-45a5-b780-df5068814b5c,CUST0072,2026-01-30T21:23:00,4031.97,processing
769b326b-ef25-4b15-ac5c-d8e763cec78c,CUST0314,2026-01-30T21:30:00,3805.98,refunded
a7daa564-4fa3-4bcb-a31f-c892e36db3a1,CUST0329,2026-01-30T21:37:00,3041.12,pending
8f425a19-6320-49f6-be52-c76df03b3b0a,CUST0336,2026-01-30T21:44:00,296.99,cancelled
c1e3d7ae-342d-4a0a-b2c0-6c2ce461e101,CUST0358,2026-01-30T21:51:00,3206.52,refunded
4d67ebfb-54d8-4781-8593-4d75dc120da5,CUST0041,2026-01-30T21:58:00,155.96,cancelled
e940764f-25bb-49ba-b43f-13f395e2cead,CUST0218,2026-01-30T22:05:00,908.71,refunded
a0901277-12b4-4a19-813d-c99885c7d3b6,CUST0183,2026-01-30T22:12:00,1291.4,pending
739d2d98-91ed-48c2-b06c-b164d95d1fe9,CUST0281,2026-01-30T22:19:00,3837.49,completed
30629427-fa09-49a1-a0f8-affb3582502d,CUST0033,2026-01-30T22:26:00,2172.79,completed
065bd3ad-d5fe-4ff8-b3f3-6b4beea986f2,CUST0401,2026-01-30T22:33:00,4887.1,refunded
5630491a-626c-415a-9421-afc6f3928861,CUST0391,2026-01-30T22:40:00,290.35,processing
61366df8-5ec9-43d4-81b3-986b66b384f3,CUST0088,2026-13-45,99.99,completed
dbdb6ff7-5b18-4214-9234-86655b82763c,CUST0226,2026-01-30T22:47:00,2820.48,processing
a5319563-a59d-4d5f-bba0-2bf7c2280907,CUST0037,2026-01-30T22:54:00,3993.92,pending
fcc36514-381b-4a68-9cf9-a77383389ad1,CUST0005,2026-01-30T23:01:00,951.35,cancelled
0dbeb14f-7789-4a02-b069-229df465ba29,CUST0061,2026-01-30T23:08:00,3967.78,pending
580f2c8e-51f6-4cb3-ba18-a4789f90242f,CUST0408,2026-01-30T23:15:00,3968.3,processing
d04533c5-62e7-4560-9d17-da9617c195cd,CUST0216,2026-01-30T23:22:00,1112.09,completed
660ce967-4f24-40ee-bb8b-9697c8d6da52,CUST0284,2026-01-30T23:29:00,1875.85,pending
f5d836b8-639a-4c09-bd6d-4576a0734c52,CUST0086,2026-01-30T23:36:00,3102.11,cancelled
1a3773e2-6327-4de8-95ab-ed92e56a6526,CUST0465,2026-01-30T23:43:00,4648.93,refunded
15648139-14f0-4a74-8a49-c8291b836f82,CUST0084,2026-01-30T23:50:00,2670.51,refunded
259d157a-838e-4782-bed1-681056f40ec9,CUST0154,2026-01-30T23:57:00,2002.73,completed
b546b4c2-db93-48f5-bd3f-d3a38af13327,CUST0118,2026-01-31T00:04:00,4541.21,refunded
2137af65-9f58-403e-bd11-c49318d94386,CUST0335,2026-01-31T00:11:00,4092.47,completed
d16cad70-889b-449b-b6d1-4a4567be0879,CUST0362,2026-01-31T00:18:00,4165.83,processing
b2bac655-a405-42c5-a5cf-d86dbe498f0b,CUST0470,2026-01-31T00:25:00,2447.14,refunded
610b0c7f-65c7-4956-bcf5-0357c3dc0c75,CUST0216,2026-01-31T00:32:00,4112.23,cancelled
69768134-d4fa-4edd-805c-978104c6f65a,CUST0109,2026-01-31T00:39:00,3053.29,completed
5482cbae-821f-4583-aba1-e37b980324ba,CUST0147,2026-01-31T00:46:00,3507.94,cancelled
51661e33-8db6-410c-9789-f9304c448e72,CUST0360,2026-01-31T00:53:00,4242.09,processing
d4c88ffa-fcd6-4b30-82e2-284519d9cc84,CUST0022,2026-01-31T01:00:00,2518.41,processing
98570289-1be6-4139-890b-df0edb4e6fa7,CUST0053,2026-01-31T01:07:00,1211.72,refunded
44c2a589-ac8b-459a-9073-ab464aafb528,CUST0132,2026-01-31T01:14:00,1393.26,processing
0c942515-be8c-46bb-840d-36a2c214c41b,CUST0328,2026-01-31T01:21:00,1067.3,refunded
bf96640a-cef7-48ef-8de6-98e75f7fc50f,CUST0109,2026-01-31T01:28:00,820.26,refunded
88379dc1-79f2-440d-af83-a662e4313553,CUST0066,2026-01-31T01:35:00,4369.13,cancelled
dbe5d177-f8c4-4d44-804c-40f89377c223,CUST0474,2026-01-31T01:42:00,4682.27,pending
588eea5e-708a-4e58-8c1e-b64d3b05a9c5,CUST0435,2026-01-31T01:49:00,3423.68,refunded
cec45b2c-b845-49ad-9108-e3de0ac39c77,CUST0415,2026-01-31T01:56:00,3443.46,processing
f71d67f3-3866-46ba-a80e-3aa1b30bbc18,CUST0485,2026-01-31T02:03:00,2170.95,refunded
7c72f336-e20a-42b6-8d86-71ad95af2f1a,CUST0007,2026-01-31T02:10:00,1065.55,pending
e4a53e17-b3cd-45f1-ab56-8e1110e0ec02,CUST0167,2026-01-31T02:17:00,1466.32,cancelled
01fbf76d-b18f-4bcd-96fb-7ede1322efde,CUST0392,2026-01-31T02:24:00,3244.86,pending
14236fc9-a02b-4964-a6d9-11158cf292aa,CUST0360,2026-01-31T02:31:00,11.66,completed
160e3c8e-ec44-4f61-b0fe-73b6fd6a5e61,CUST0295,2026-01-31T02:38:00,2416.66,processing
9b736b5f-e99c-4d57-8770-2c568be0f70e,CUST0453,2026-01-31T02:45:00,1250.2,cancelled
155bfa81-74e8-490a-8be4-166936f53d6c,CUST0225,2026-01-31T02:52:00,3622.52,pending
4ee73233-7866-42ab-826f-7a363262d97b,CUST0412,2026-01-31T02:59:00,3413.09,pending
d17e10b6-e09b-4d39-bfc8-6f9f80efad0e,CUST0292,2026-01-31T03:06:00,2933.25,cancelled
6df6301e-835f-4eff-b372-d62412949d44,CUST0461,2026-01-31T03:13:00,4552.92,completed
cba2a19c-11dc-4424-a5bb-1c0a30e7a0e8,CUST0015,2026-01-31T03:20:00,3050.05,completed
c29d8d9c-3136-418a-9258-2be2b04867d7,CUST0125,2026-01-31T03:27:00,2505.08,cancelled
2b9d7eda-e31c-4b3a-915f-5eb7f8bd820b,CUST0044,2026-01-31T03:34:00,3211.26,processing
0c01d00d-3cad-4b81-950a-a11b659b0fd6,CUST0339,2026-01-31T03:41:00,2181.41,processing
c93271f1-dc18-4dda-a55b-a4455090d262,CUST0185,2026-01-31T03:48:00,2479.48,processing
ff3b9430-9856-4558-bdec-83b0f7b0c5fd,CUST0068,2026-01-31T03:55:00,1389.96,pending
a0739db2-3eda-4f81-9275-aecc40e538ba,CUST0325,2026-01-31T04:02:00,1821.9,refunded
cac1df7c-9143-48a3-85c6-fc370b9ab5c8,CUST0244,2026-01-31T04:09:00,1363.25,completed
1eeb78f1-7b1c-4eea-b298-ebc7709d4eca,CUST0412,2026-01-31T04:16:00,1266.13,completed
469102af-b04b-427a-8a4d-891ff5c5a7bf,CUST0317,2026-01-31T04:23:00,3466.7,refunded
501c10a5-f916-4e6c-9c3b-b536bcaee798,CUST0205,2026-01-31T04:30:00,1930.79,pending
0b0c7f0b-a46f-4d83-8dcb-ac96de4743e8,CUST0329,2026-01-31T04:37:00,3675.13,processing
567886fc-6d7e-442e-b599-ea6f9936dbd3,CUST0479,2026-01-31T04:44:00,1149.2,pending
b7c93dfc-cd5e-49ff-9b0f-60110b08f271,CUST0215,2026-01-31T04:51:00,3606.1,completed
adff6748-b3f2-4e01-bdd8-7490c656a0b4,CUST0218,2026-01-31T04:58:00,1045.77,refunded
ee72a6f4-59f7-4316-a32c-3a6ec7a4c23d,CUST0490,2026-01-31T05:05:00,1626.61,refunded
ae125987-1357-4190-b6f7-6767c6e309f6,CUST0402,2026-01-31T05:12:00,1047.13,completed
4a442308-dce6-47a8-9422-78df01c64db5,CUST0168,2026-01-31T05:19:00,4341.24,processing
4f213dc0-0833-48c0-b9d2-195e63e2db40,CUST0379,2026-01-31T05:26:00,4259.84,refunded
726a56c2-6014-4967-a050-a3324bb99f7b,CUST0402,2026-01-31T05:33:00,2643.88,refunded
645d05d4-8917-459a-8be6-c3348c32bece,CUST0437,2026-01-31T05:40:00,723.0,completed
d5548abe-5463-4193-85b4-c9a59ed66a24,CUST0164,2026-01-31T05:47:00,4039.19,refunded
75c985b0-cda4-4208-894a-9ed1955a601a,CUST0309,2026-01-01T00:07:00,75.00,not_a_real_status
ff2da839-3dd7-4dd7-abab-662e97c4afc9,CUST0137,2026-01-31T05:54:00,2275.12,completed
106bcf52-5700-4acf-903b-c98ca61efaa2,CUST0388,2026-01-31T06:01:00,3850.42,pending
5b1df0e2-fcef-40d1-9fe9-67fe638acea9,CUST0151,2026-01-31T06:08:00,2222.89,processing
63ecc3da-a8dc-4b2b-be95-98a9f683d39c,CUST0222,2026-01-31T06:15:00,2452.2,pending
7b958635-a1f1-4331-a801-cff58f7fc78b,CUST0263,2026-01-31T06:22:00,4871.58,pending
50a250ab-abaa-4e73-ade7-61c091dc2a3d,CUST0358,2026-01-31T06:29:00,4329.64,processing
066b83ee-beb4-441c-ba47-56a52599f833,CUST0451,2026-01-31T06:36:00,4672.2,completed
087b6ebd-8315-4e54-be0b-b714dc50b3ba,CUST0073,2026-01-31T06:43:00,4981.79,pending
6e2beb66-2478-45a6-b886-787fd4903d38,CUST0105,2026-01-31T06:50:00,3238.24,refunded
c00419b4-e2d3-4fed-9eab-5179d95c2dee,CUST0241,2026-01-31T06:57:00,1378.84,completed
ab75d6f4-1da5-447b-ad80-effae3cecb3c,CUST0321,2026-01-31T07:04:00,859.32,processing
d09b940d-2be8-47d5-a3c8-19de03957526,CUST0258,2026-01-31T07:11:00,3207.65,processing
906a7cb1-8d90-4e38-a3a5-816437428e9c,CUST0154,2026-01-31T07:18:00,3814.52,completed
4bdea33d-02f1-422e-a9ea-a215f1e82958,CUST0464,2026-01-31T07:25:00,4164.99,cancelled
47e54026-5f7e-4327-aa17-efaf3ad06de4,CUST0234,2026-01-31T07:32:00,192.69,refunded
1b1967a3-ae2d-4f9a-bd33-d370637a47e9,CUST0413,2026-01-31T07:39:00,3351.71,cancelled
a8aec4fe-bffc-439f-b497-9ab4aa356db0,CUST0036,2026-01-31T07:46:00,3833.88,pending
757a487c-9b16-498b-99e7-0799db601c0b,CUST0128,2026-01-31T07:53:00,344.7,cancelled
e446ecb1-1045-4bc6-94e5-5b9361cdaa48,CUST0361,2026-01-31T08:00:00,3244.46,processing
8f1ee9e2-24cc-4d98-8609-bc625c76edd5,CUST0120,2026-01-31T08:07:00,4187.74,completed
2481e919-bf48-41a1-b900-72c2713f6241,CUST0484,2026-01-31T08:14:00,782.03,refunded
ec162938-7d3c-4938-acdc-abd5e3ae946a,CUST0298,2026-01-31T08:21:00,4321.63,refunded
053252c5-899d-4c62-815e-30b8492dd125,CUST0365,2026-01-31T08:28:00,2747.76,processing
38e5bbab-8f50-4722-a477-6431c9172049,CUST0144,2026-01-31T08:35:00,1284.02,completed
14b5a746-6b5b-4e50-add8-ce2b232b5ecc,CUST0112,2026-01-31T08:42:00,1930.69,processing
936a65cc-9f28-4726-b6d8-18636612bd75,CUST0313,2026-01-31T08:49:00,1327.43,refunded
9dcecda4-5d0d-438d-b5be-3b0af05a6393,CUST0161,2026-01-31T08:56:00,3589.16,pending
e6a5e6f0-d247-4b1e-9216-d7f7b557fe24,CUST0431,2026-01-31T09:03:00,4688.17,processing
ff2187e3-6901-4147-8a38-2e47df185608,CUST0420,2026-01-31T09:10:00,3724.9,refunded
1e78497c-d33d-4483-a0aa-fdd63ffb3a8f,CUST0231,2026-01-31T09:17:00,1377.2,refunded
34c9d9ae-17e8-4588-aa5b-eb7863ccaa51,CUST0088,2026-01-31T09:24:00,3737.35,processing
ba6694d9-b588-4394-8af0-8b3122a00600,CUST0046,2026-01-31T09:31:00,2701.11,processing
d6cbf309-2716-4ded-8144-877b9e946c20,CUST0142,2026-01-31T09:38:00,35.05,pending
3d89b239-808a-4ba5-a2d8-d56c215397fb,CUST0178,2026-01-31T09:45:00,4287.93,processing
a8e35feb-f2dd-428a-b298-4ff01cca59ff,CUST0212,2026-01-31T09:52:00,4147.04,cancelled
6e4d56b8-d56b-4cc3-81e0-5ff6bffac088,CUST0143,2026-01-31T09:59:00,1446.13,cancelled
ceca2546-b6d0-460e-bdea-1a64d5244aba,CUST0441,2026-01-31T10:06:00,1862.52,completed
509fc43b-cf1a-441a-b736-bf8264c32960,CUST0066,2026-01-31T10:13:00,125.87,processing
f456ac70-0c16-4de6-a890-d50d0beab547,CUST0479,2026-01-31T10:20:00,4286.54,cancelled
81229414-7b32-47b2-b0e1-60d0fbf14a80,CUST0171,2026-01-31T10:27:00,1629.54,refunded
b613c1b2-6f5a-448a-826b-b1360ad94df0,CUST0457,2026-01-31T10:34:00,4054.47,pending
06bf4bd6-ad10-499a-bd62-4e4ea9aed2c6,CUST0364,2026-01-31T10:41:00,4825.06,cancelled
99a17449-f34b-472b-a37e-3a930d61349a,CUST0301,2026-01-01T00:54:00,-50,pending
a12f5fd7-0cc0-49ab-ab22-32a4163a0b46,CUST0237,2026-01-31T10:48:00,2605.75,processing
a7d1f892-064c-4204-90db-9ccbf0e3d06e,CUST0138,2026-01-31T10:55:00,2483.22,completed
2c75fa40-78cd-4369-9b1b-fe51f3340982,CUST0464,2026-01-31T11:02:00,701.06,refunded
12622718-c1e4-4b5c-bfbb-f8d9e8f24d66,CUST0313,2026-01-31T11:09:00,3975.3,cancelled
e60e5718-5ae0-474b-b024-9b05eb83cc8a,CUST0070,2026-01-31T11:16:00,601.35,cancelled
a95703a6-6616-430a-8fa3-f822a071a1d3,CUST0369,2026-01-31T11:23:00,1606.66,completed
cd440433-7c6b-4390-b003-d19ebaa90277,CUST0368,2026-01-31T11:30:00,1168.92,refunded
659f0b37-788c-4eaa-b597-7c83fed5a751,CUST0467,2026-01-31T11:37:00,4632.38,cancelled
ee75360f-edc6-42a9-adc0-0232bf85647f,CUST0187,2026-01-31T11:44:00,4899.73,completed
45a0a7d6-8dfb-4740-8a0f-089e30666144,CUST0364,2026-01-31T11:51:00,4543.43,completed
5083475a-c45d-4e44-94d4-58d32ce3dc30,CUST0321,2026-01-31T11:58:00,3216.89,cancelled
ab729601-a962-4b80-b048-9371126cb4ed,CUST0491,2026-01-31T12:05:00,2256.59,processing
5302f9a9-ceda-4cf0-8849-de0bb096a5bf,CUST0061,2026-01-31T12:12:00,1617.35,refunded
059d05c7-6b93-4458-96a6-36bba6c1e83b,CUST0280,2026-01-31T12:19:00,4513.29,refunded
513f4fcd-c628-4ada-aa9b-bdf54c965e45,CUST0064,2026-01-31T12:26:00,4914.68,pending
353dadd2-5057-4a90-a115-fb9648639199,CUST0201,2026-01-31T12:33:00,4434.74,completed
2777f74f-c9a9-46fd-adf5-75b299e90fc0,CUST0285,2026-01-31T12:40:00,1976.94,refunded
d2e631bc-5185-4785-814b-cb0917a8b14d,CUST0268,2026-01-31T12:47:00,2289.5,cancelled
e65a0e2b-934f-4320-a029-dfb07fa0b1e9,CUST0153,2026-01-31T12:54:00,3628.9,processing
d775890f-67bc-41dc-b9c4-0d246777cec1,CUST0174,2026-01-31T13:01:00,4718.52,completed
baf7171e-0b3f-4a81-a436-c18538569ac5,CUST0254,2026-01-31T13:08:00,1120.77,completed
a48d6931-7920-403d-b20c-f1a28677e892,CUST0392,2026-01-31T13:15:00,4724.64,refunded
c58f4a79-6d6a-4318-b1ea-94180d7defa4,CUST0184,2026-01-31T13:22:00,1060.86,completed
1968c3e6-6712-4e8b-ad2d-cdd7cb1d07d9,CUST0311,2026-01-31T13:29:00,1697.28,processing
bd37ffb9-8add-4d5d-ad31-de0c13492e75,CUST0104,2026-01-31T13:36:00,939.89,pending
4c965015-7a39-4b73-b520-2b7164130afd,CUST0174,2026-01-31T13:43:00,1059.88,completed
4a40065d-5341-48d7-ac57-6b358d9cfb18,CUST0412,2026-01-31T13:50:00,4552.77,pending
c927d883-b248-4072-9cdd-e12830108e44,CUST0054,2026-01-31T13:57:00,1274.17,cancelled
95063568-489c-4ea3-abf8-2103dcbdf64d,CUST0401,2026-01-31T14:04:00,54.37,cancelled
9f871699-083b-4f0b-b9b5-1ba3be1475d7,CUST0260,2026-01-31T14:11:00,2042.49,completed
003fbd30-43ef-4dff-8e2a-d24c5ffbd180,CUST0276,2026-01-31T14:18:00,3129.82,pending
4eb6498c-2bba-448f-9d02-ca52751fbdbd,CUST0131,2026-01-31T14:25:00,3422.16,refunded
b127fa99-e228-4e25-a7de-9a4361e972ad,CUST0062,2026-01-31T14:32:00,3148.94,cancelled
aa658b68-872f-4688-85a2-b2c5acef8843,CUST0441,2026-01-31T14:39:00,3486.6,cancelled
5e97a0c3-8ebe-47fa-b0c6-8c31b0367b13,CUST0048,2026-01-31T14:46:00,3081.54,cancelled
075fb3e0-b872-4e99-9a28-2b587a0126dd,CUST0476,2026-01-31T14:53:00,2065.09,pending
fb5afef5-1878-4ed7-b8ac-2c795dafcbdd,CUST0325,2026-01-31T15:00:00,2924.12,cancelled
5a702548-b80d-4e7a-8428-60befde211ec,CUST0221,2026-01-31T15:07:00,1141.06,refunded
bfa4a809-00fe-4b3b-b412-3cf791a913d1,CUST0283,2026-01-31T15:14:00,796.64,cancelled
52dd31f0-bf9e-473f-8b51-e4d8c2a4f783,CUST0086,2026-01-31T15:21:00,4443.21,cancelled
ae73b6bf-522c-4f32-8ad4-f60982f21f57,CUST0278,2026-01-31T15:28:00,2149.91,cancelled
45fa0056-95e4-4ac2-9abc-a16df6b3e04e,CUST0143,2026-01-31T15:35:00,851.24,pending
89607bdf-0af6-4e38-aa86-0bcacbb5c7b9,CUST0322,2026-01-31T15:42:00,4604.11,cancelled
bc00d50c-a4b7-4caa-8cb0-c23a239d4ec3,CUST0190,2026-01-31T15:49:00,393.34,pending
d8948349-5821-425a-afd8-5bccb962acce,CUST0093,2026-01-31T15:56:00,1805.87,refunded
ad1afcf9-95e4-4735-b41c-bdb2fd1ee2ef,CUST0298,2026-01-31T16:03:00,1430.75,refunded
c6684794-28f9-4dc2-a80e-92635d7b94c2,CUST0186,2026-01-31T16:10:00,1854.51,cancelled
d6f793b3-901a-4b1e-bcae-69aa2b0fd650,CUST0393,2026-01-31T16:17:00,736.09,cancelled
70ae2ba2-ca70-4eff-99e9-18c91222edd3,CUST0076,2026-01-31T16:24:00,3195.75,refunded
46abb847-eaaa-45cd-a994-e6ca6acb8900,CUST0376,2026-01-31T16:31:00,2192.55,processing
e13b7d85-dc5c-4000-bec3-83d38a30bfe4,CUST0465,2026-01-31T16:38:00,1059.12,completed
ff10117a-2109-4388-b92c-aeb821240732,CUST0380,2026-01-31T16:45:00,3635.33,pending
5a692652-306b-49e3-96a5-5710c3e722c1,CUST0177,2026-01-31T16:52:00,694.69,pending
d3c64455-9832-47e9-8d7f-ef432c398df7,CUST0281,2026-01-31T16:59:00,686.59,completed
4162edd1-35ba-427d-b96e-8408d32247e7,CUST0092,2026-01-31T17:06:00,4170.03,processing
07f4ab58-9798-45b3-ac67-3749a6ac936a,CUST0336,2026-01-31T17:13:00,3486.44,cancelled
0c5347c6-b50a-42f2-829e-64819b95f881,CUST0456,2026-01-31T17:20:00,108.78,completed
c0ef2ccb-ac11-43e7-bd71-0f3d8b76d117,CUST0233,2026-01-31T17:27:00,4708.03,cancelled
34920ed5-5d04-400e-b21a-aee187ed6745,CUST0471,2026-01-31T17:34:00,4650.41,processing
83ffc01d-0fc6-43d7-9c66-e689b706b9f7,CUST0084,2026-01-31T17:41:00,4611.63,refunded
e0b3395a-1baa-424f-974a-436f8ca908be,CUST0022,2026-01-31T17:48:00,1604.1,completed
eebe162c-77d8-4a85-822a-8c49dc19bf9e,CUST0472,2026-01-31T17:55:00,3642.09,completed
87cd42fc-3145-44df-8780-e60f46506538,CUST0111,2026-01-31T18:02:00,4350.6,completed
d5ad6b6d-ca6d-46e6-a39f-09b69503a132,CUST0058,2026-01-31T18:09:00,1540.31,pending
7217d065-ec72-4f4b-9e4d-4fdf4371dc5c,CUST0175,2026-01-31T18:16:00,2574.24,processing
47ceabb8-4aca-40fa-81a1-da800cfde9e8,CUST0227,2026-01-31T18:23:00,690.79,completed
fb77d0a2-2e97-476c-97a6-77ffaeb63a86,CUST0226,2026-01-31T18:30:00,558.35,completed
3d126ee3-7279-4e60-b794-4e336e76af11,CUST0413,2026-01-31T18:37:00,1204.9,completed
d41f4c6f-63f0-4dee-b743-ddb109532a3e,CUST0015,2026-01-31T18:44:00,571.67,pending
387981d3-7b55-4f70-99cc-c529c97d2cb1,CUST0107,2026-01-31T18:51:00,1976.66,refunded
8ddb46fd-3294-4c5a-b3c9-e31ded941c7e,CUST0493,2026-01-31T18:58:00,4645.73,cancelled
be323813-5aa6-4f40-9c13-cf54c0e7004a,CUST0121,2026-01-31T19:05:00,4908.82,processing
d8673173-8ff4-4181-bec9-eb70c4042f7d,CUST0264,2026-01-31T19:12:00,475.27,pending
02b45fea-ad57-42cb-8d2a-c5c1905e6bcb,CUST0254,2026-01-31T19:19:00,515.85,cancelled
c209b2fe-4377-4fd6-aac9-52ca9a7798ee,CUST0369,2026-01-31T19:26:00,2782.17,processing
46db20fd-d1d2-4f59-a58e-9e6124dcec6e,CUST0264,2026-01-31T19:33:00,983.59,cancelled
1dd024fc-efd2-43b4-ad37-40209a0bb5be,CUST0436,2026-01-31T19:40:00,314.49,completed
7527aeff-81ff-44fe-983e-5928f822fbd9,CUST0277,2026-01-31T19:47:00,322.23,completed
e73c282d-2d7b-4ba2-a796-0b23a1b9a143,CUST0020,2026-01-31T19:54:00,1082.12,processing
5a109704-969b-4ac6-ac8c-10fb18eed873,CUST0407,2026-01-31T20:01:00,419.59,cancelled
abdb1788-fc07-4db5-b2c5-fb6c2c73805c,CUST0030,2026-01-31T20:08:00,4765.91,completed
fb09c6b4-f1c7-48f6-8d53-92b0210c3e59,CUST0230,2026-01-31T20:15:00,2756.79,completed
5e4deb78-be82-45b7-9999-d3e142eac490,CUST0081,2026-01-31T20:22:00,1406.92,cancelled
559f76e9-97d2-438f-99e6-de9d17e763fc,CUST0298,2026-01-31T20:29:00,3542.56,refunded
b4268830-9248-4c52-9d21-609f640a6e30,CUST0498,2026-01-31T20:36:00,1192.09,processing
c280948f-5e16-47c8-a071-48148ee18fed,CUST0495,2026-01-31T20:43:00,854.28,completed
c4f2ff76-3d24-425e-9c0d-3aedc8962eef,CUST0032,2026-01-31T20:50:00,562.38,cancelled
ee7e7af9-c534-4a7b-84b6-2c4a5d7ef610,CUST0410,2026-01-31T20:57:00,1546.93,pending
24a08af0-d8fa-4387-b39e-8d09ab8dfd2e,CUST0081,2026-01-31T21:04:00,82.27,cancelled
ff48ee36-5ecd-4592-967a-af5aaeca7b9d,CUST0297,2026-01-31T21:11:00,324.34,refunded
3783f90b-e5e7-4d07-8d99-2dc6ea4609d7,CUST0297,2026-01-31T21:18:00,3991.39,pending
1c48e136-006a-445f-8897-d8dd24dfc77f,CUST0320,2026-01-31T21:25:00,1064.1,cancelled
1a6af243-0e4e-4019-8773-464a404ae526,CUST0494,2026-01-31T21:32:00,4736.09,refunded
4758448a-0a4b-4ac7-a828-d77e325218c3,CUST0237,2026-01-31T21:39:00,606.8,pending
17fb279b-77de-48e1-830d-8312f12baf97,CUST0241,2026-01-31T21:46:00,1764.87,completed
476b57c3-f2ed-4c24-bbd2-0bd5485b82af,CUST0239,2026-01-31T21:53:00,1392.32,cancelled
13e55ef9-aeba-47dc-86c8-07dce42d8423,CUST0490,2026-01-31T22:00:00,4263.33,processing
b8a089cf-ed4d-4aba-8b36-fc59047c51c8,CUST0125,2026-01-31T22:07:00,2280.4,processing
ac5da6b8-b947-47eb-b6ab-7ceaa6af0abf,CUST0084,2026-01-31T22:14:00,348.71,pending
83cd2896-c019-4d7f-a71e-850cae923acc,CUST0322,2026-01-31T22:21:00,4939.65,pending
47d53ef1-dfba-48a6-9e54-52a8ed7c9ff6,CUST0344,2026-01-31T22:28:00,4409.87,processing
e776c01d-57eb-49a0-b77f-243af73df66d,CUST0051,2026-01-31T22:35:00,285.49,pending
c1b91863-4530-41e2-b74c-3810ddb9e033,CUST0109,2026-01-31T22:42:00,4263.63,pending
dbd19e44-c21e-4490-93b0-500a67ed8e22,CUST0384,2026-01-31T22:49:00,3320.12,cancelled
d6565385-46e3-43ab-b4bd-70445d88d8cb,CUST0173,2026-01-31T22:56:00,1738.07,completed
eea99d89-cfe0-4fa7-b307-712048c49d83,CUST0451,2026-01-31T23:03:00,2934.74,completed
172c5a43-ee6d-40e0-8187-05a7633d6515,CUST0199,2026-01-31T23:10:00,327.22,completed
90f78502-ce32-40e0-a003-7e2e22ac9799,CUST0152,2026-01-31T23:17:00,1746.14,pending
40b7348e-5328-4f27-8bee-122489ccedb0,CUST0193,2026-01-31T23:24:00,1952.96,refunded
1b20b893-716a-416d-9d8b-7b3c933acac1,CUST0483,2026-01-31T23:31:00,188.91,processing
96fb936d-a511-4297-af47-c594240f4633,CUST0161,2026-01-31T23:38:00,2682.0,completed
9b08aee2-f4f2-49dc-b168-2cfeaee35c60,CUST0496,2026-01-31T23:45:00,4381.88,completed
a227cc52-a01d-4a2b-872e-cfc7efcc86fe,CUST0420,2026-01-31T23:52:00,4721.14,pending
120ee90d-316e-4b0d-8bb3-7f38cc9d20a2,CUST0264,2026-01-31T23:59:00,3991.71,cancelled
de436b03-ba64-46ef-9696-2e1513419e8d,CUST0324,2026-02-01T00:06:00,1434.67,cancelled
b36ba0b5-1c49-4aeb-beed-d1088a9b86f2,CUST0356,2026-02-01T00:13:00,384.96,completed
5f68a9c7-4930-4077-9ca3-35fc3ca92b65,CUST0294,2026-02-01T00:20:00,2376.92,completed
3b3ae9e5-d8e0-4de7-9d06-89542beb705a,CUST0230,2026-02-01T00:27:00,831.25,refunded
55792231-e33f-43d6-8a81-dfb25221e66a,CUST0104,2026-02-01T00:34:00,3778.46,completed
e6826d50-5042-41ed-b4bf-7d2fa677a1b1,CUST0106,2026-02-01T00:41:00,3376.65,refunded
af66982b-cb97-4659-8622-8a3abaae4f63,CUST0392,2026-02-01T00:48:00,2436.29,cancelled
073069d2-7d1f-4948-8b2a-73628ea60791,CUST0185,2026-02-01T00:55:00,587.61,cancelled
ee0c2165-9b85-41e2-8eac-700ac7500312,CUST0226,2026-02-01T01:02:00,1219.44,completed
e1b8cf30-6809-43e3-8cc1-490ab7af7afe,CUST0363,2026-02-01T01:09:00,3116.23,pending
735b3625-061b-4993-a5f9-195ed929531d,CUST0034,2026-02-01T01:16:00,1363.36,refunded
7dffb37c-7c3f-4ca8-ad2a-41e2de581718,CUST0292,2026-02-01T01:23:00,936.93,cancelled
033d116b-ba18-4601-80c5-2498dd0010ca,CUST0340,2026-02-01T01:30:00,108.6,processing
bba4a33d-2245-4a0f-99ed-89822f867124,CUST0347,2026-02-01T01:37:00,3237.64,processing
d367df90-5286-453c-9a80-485e9ede86b2,CUST0214,2026-02-01T01:44:00,4293.37,refunded
5151e051-8ac0-4aca-bdcd-e59f85ff2041,CUST0341,2026-02-01T01:51:00,219.1,pending
8f1a28c2-6c87-48e9-9b1f-cd753a0a653c,CUST0230,2026-02-01T01:58:00,1117.29,pending
d1bb5888-ca1a-4070-b2b0-cbe9fae30e00,CUST0156,2026-02-01T02:05:00,1048.44,completed
f1403b12-5e25-4f92-a1ab-8d06cfb84856,CUST0317,2026-02-01T02:12:00,2912.09,refunded
427e87c1-e528-497d-abfe-44820bc9159d,CUST0111,2026-02-01T02:19:00,2614.35,cancelled
cb6829d4-155e-4a7f-beb5-bc82ae1f0f03,CUST0166,2026-02-01T02:26:00,1364.1,pending
b01350ca-1df0-49f9-b16e-2dbf07d9fa4d,CUST0121,2026-02-01T02:33:00,1298.42,cancelled
dd9bd576-dac7-41fc-884f-055b857edf9a,CUST0498,2026-02-01T02:40:00,4828.57,refunded
5c029730-c965-480d-be4f-c74958c9fe11,CUST0006,2026-02-01T02:47:00,3013.26,cancelled
08d9f232-7eb3-4321-a570-6b6e862f3fb2,CUST0279,2026-02-01T02:54:00,3998.86,refunded
38e1ec95-76e2-40f7-846b-bf3a46d08a32,CUST0069,2026-02-01T03:01:00,2688.09,completed
278d5abe-728b-4caa-bc53-f41c29419786,CUST0279,2026-02-01T03:08:00,4299.23,cancelled
75dc0e09-9b70-42d3-80d1-e27ef7c4e782,CUST0111,2026-02-01T03:15:00,1195.04,processing
883f313a-3e79-43aa-9efa-8a55e2b1ee14,CUST0013,2026-02-01T03:22:00,3677.1,pending
698b3a1f-60e8-43a7-83a0-85f2062792ad,CUST0295,2026-02-01T03:29:00,3114.99,refunded
6f089ad2-6091-4c81-abd2-463dd796a1d8,CUST0398,2026-02-01T03:36:00,4764.85,cancelled
0b9dfc16-5be1-491e-a0a8-a080954733dc,CUST0365,2026-02-01T03:43:00,10.61,processing
78632bc4-bd70-467c-b5b0-c8ee9b35d48f,CUST0094,2026-02-01T03:50:00,3055.47,completed
bde8d0d9-1d40-4514-bc81-2016e6b8905b,CUST0434,2026-02-01T03:57:00,477.7,pending
02ecc29c-d967-4f84-9d35-f03fa97b0303,CUST0039,2026-02-01T04:04:00,3843.99,cancelled
bddd73e6-25d4-43a2-ae9a-860798d6d5a1,CUST0375,2026-02-01T04:11:00,3582.05,refunded
3d4571fc-8ad9-425a-bd0f-75b53689e2c5,CUST0224,2026-02-01T04:18:00,3216.63,cancelled
bc3ae246-4957-4b4b-add2-283b3e2daab7,CUST0345,2026-02-01T04:25:00,2822.8,pending
87485ae6-0b92-4707-b4a9-a3c567917bdc,CUST0437,2026-02-01T04:32:00,1463.5,refunded
573d5ed1-761d-478d-a69c-1953feea02e2,CUST0432,2026-02-01T04:39:00,1955.4,completed
a7e46f0c-308a-4f5e-b9c6-ec6fc65c533d,CUST0175,2026-02-01T04:46:00,3914.74,cancelled
f4b45d9b-3b08-408c-b479-ea3e85c8cc87,CUST0064,2026-02-01T04:53:00,3754.73,completed
c01d11ee-8010-4bd2-8a85-9e22ae95d50e,CUST0072,2026-02-01T05:00:00,3455.67,completed
894c316c-6176-4274-9c24-a6de110643d5,CUST0152,2026-02-01T05:07:00,1696.63,processing
ec583419-2393-4095-8c00-752ba68c944d,CUST0169,2026-02-01T05:14:00,608.5,completed
531117c6-ebb2-449e-ad31-76341f6ace7e,CUST0147,2026-02-01T05:21:00,3953.98,refunded
cdf382d7-fd24-4757-9831-27671e9032e7,CUST0142,2026-02-01T05:28:00,1735.67,refunded
7c4c2fa8-fdbf-4c21-a67f-cd687d3c14e3,CUST0051,2026-02-01T05:35:00,605.52,cancelled
cf067999-a578-42fb-a0bb-55da5c0fcaeb,CUST0032,2026-02-01T05:42:00,819.17,processing
b017b465-e7c2-4ccb-a07b-6c0498f06478,CUST0178,2026-02-01T05:49:00,1363.83,pending
808aa462-6d76-4e46-aeb7-c712a4fbc1ac,CUST0370,2026-02-01T05:56:00,2555.3,pending
af3084ec-5b72-4908-8468-da925ed22f7b,CUST0332,2026-02-01T06:03:00,2679.9,processing
3aa11f4a-74e2-4ccb-9ccb-bd3a5a4e0f00,CUST0175,2026-02-01T06:10:00,4000.54,processing
25913c66-84dd-49f4-99c9-6b8e4e9ed09f,CUST0151,2026-02-01T06:17:00,3513.17,cancelled
bafc3237-35da-4753-83db-ab0c37d5ce18,CUST0179,2026-02-01T06:24:00,1510.44,completed
3fa3ae1d-c0d3-4473-a9b0-d1697fed050f,CUST0159,2026-02-01T06:31:00,566.29,cancelled
623df17c-e57e-401b-a79a-24f08f9b6dad,CUST0384,2026-02-01T06:38:00,1056.45,refunded
140f0a98-3547-481c-aef9-d26b6ccd906c,CUST0380,2026-02-01T06:45:00,78.16,completed
763c981a-a84d-4b8e-807a-f8804f87e991,CUST0381,2026-02-01T06:52:00,1924.9,completed
d9fad2e7-d777-4398-ba46-accc88581d74,CUST0495,2026-02-01T06:59:00,1838.36,cancelled
a2cc8a52-ae0a-4614-afc2-24c4c3520809,CUST0425,2026-02-01T07:06:00,4015.17,pending
69cfa6bf-fe89-4170-a853-ee4da2750192,CUST0393,2026-02-01T07:13:00,3593.48,refunded
686b41a7-f0e2-4677-a820-7a70a18d00a4,CUST0123,2026-02-01T07:20:00,1015.99,processing
6dddc310-1af8-4de8-82d6-9131ce0c09a2,CUST0294,2026-02-01T07:27:00,3202.96,completed
397768d6-f8a3-4d3c-bf50-771f3a4f06ef,CUST0085,2026-02-01T07:34:00,3235.96,pending
f81f2bcb-5821-40f3-9ca3-9adfd611df3a,CUST0209,2026-02-01T07:41:00,1596.97,completed
290e0088-ba21-4d7b-a974-1f563cd6f3f9,CUST0316,2026-02-01T07:48:00,1963.12,refunded
3b1105cd-db01-4035-b873-e646c8623690,CUST0261,2026-02-01T07:55:00,731.32,completed
62e8ce4c-6100-4269-b843-747d931f42d8,CUST0314,2026-02-01T08:02:00,3118.92,completed
c7276a36-7267-4e4e-b3e0-68c2dc148432,CUST0405,2026-02-01T08:09:00,1799.72,pending
e91a4e3e-caed-4584-b8b9-09fce0b44e6e,CUST0151,2026-02-01T08:16:00,3729.25,refunded
7660b86a-1ebb-40da-a76f-3c9a439eb69e,CUST0298,2026-02-01T08:23:00,1765.39,completed
4753c5c8-8435-462d-838c-0592727f7d34,CUST0177,2026-02-01T08:30:00,391.41,pending
2eb20098-476c-4873-8d35-9fd9cc64150f,CUST0178,2026-02-01T08:37:00,2288.63,processing
7ee233f7-a403-43f0-a92a-c31aab60e5bf,CUST0282,2026-02-01T08:44:00,2011.59,processing
28a820a9-5d8f-4fd0-8a0b-99e0578d49fa,CUST0132,2026-02-01T08:51:00,1675.96,refunded
be15bd25-ca71-4164-962f-d3aede8209a6,CUST0335,2026-02-01T08:58:00,4630.84,refunded
8c89fd01-d9d4-4346-9b00-273a64cabfb3,CUST0162,2026-02-01T09:05:00,1695.3,refunded
0e374ada-d09a-4e88-84d0-d3979e6f7b71,CUST0118,2026-02-01T09:12:00,4555.57,refunded
22c16365-ccd2-41f9-a174-23e55072d8db,CUST0136,2026-02-01T09:19:00,672.99,refunded
b8555647-98c6-4be2-940b-d9ee560f4fb6,CUST0158,2026-02-01T09:26:00,36.64,cancelled
11023fa6-8fa1-488b-996f-c535a8d6f41b,CUST0293,2026-02-01T09:33:00,2818.4,cancelled
a9d2a12b-26af-4c99-a194-28622ae544af,CUST0005,2026-02-01T09:40:00,474.49,cancelled
48e6597f-403e-408b-8479-6067d67b565d,CUST0104,2026-02-01T09:47:00,1050.67,completed
bd5dda0c-2f82-41ff-973f-39aef19dd132,CUST0211,2026-02-01T09:54:00,896.07,refunded
4df70050-8c1e-414d-97fe-4e17a37eb4c7,CUST0013,2026-02-01T10:01:00,4056.23,completed
43b1a5bf-582c-40af-acd3-50ae8f35dfab,CUST0066,2026-02-01T10:08:00,976.28,completed
b4d4478b-38ad-40d8-979d-b1d0c1c72bdf,CUST0314,2026-02-01T10:15:00,3123.18,refunded
2bc41e94-b67c-498d-bfeb-0d209f2fd42d,CUST0494,2026-02-01T10:22:00,857.18,refunded
e57a130e-b356-4add-a7a1-492b41052a1c,CUST0209,2026-02-01T10:29:00,4107.63,completed
8fa24488-9f35-4fc3-b1b4-71463fe0fbfe,CUST0187,2026-02-01T10:36:00,1408.63,completed
0b974d91-4733-4764-afb0-9c5677979e1a,CUST0037,2026-02-01T10:43:00,3872.68,completed
c20aa320-c23c-47cb-b77f-8677f8bf18ca,CUST0358,2026-02-01T10:50:00,4386.39,pending
6dfef021-e57a-438b-84cb-6257f49fadcb,CUST0319,2026-02-01T10:57:00,2201.22,refunded
b0fa081c-8aa9-4ac7-97cd-89e11fdd95ce,CUST0002,2026-02-01T11:04:00,2661.69,refunded
abfd54cd-2faa-4981-a95b-7b42b312f03b,CUST0130,2026-02-01T11:11:00,1893.65,refunded
5835186b-5a74-4287-9d40-8077cc8eb59b,CUST0349,2026-02-01T11:18:00,3187.91,processing
73fc22f2-665d-4799-a7ab-d032b56b2a81,CUST0353,2026-02-01T11:25:00,1912.42,refunded
ecf2546e-0a8d-4d1d-9077-1b70ec036e23,CUST0406,2026-02-01T11:32:00,2103.8,pending
4190525b-ff7e-4914-9b30-3d6036f3d126,CUST0406,2026-02-01T11:39:00,3528.86,completed
c146fc07-a341-46a3-a231-c405ca3d2e51,CUST0283,2026-02-01T11:46:00,4490.23,cancelled
b5ad2d1a-57b4-47ea-b554-424ec8fb12a7,CUST0021,2026-02-01T11:53:00,750.86,completed
d9caabeb-082d-41f1-ae84-a521a78e48da,CUST0469,2026-02-01T12:00:00,1189.88,processing
f8d71761-2e38-4ce4-bbe1-8e1eba772f9c,CUST0425,2026-02-01T12:07:00,995.18,completed
a838cf65-2438-4379-b4cd-73385dfb2e86,CUST0039,2026-02-01T12:14:00,3742.16,pending
715aef78-c8bf-424f-8034-cf260b4b1d0b,CUST0034,2026-02-01T12:21:00,312.75,completed
0cab1912-2b51-4b89-b224-95385d5d4990,CUST0222,2026-02-01T12:28:00,985.19,completed
,,not-a-date,abc,
0c29a845-2f78-4377-a128-c5efa5afe2cb,CUST0163,2026-02-01T12:35:00,903.8,refunded
44ab1320-cb05-4826-8f90-d02d5bf3dd3a,CUST0163,2026-02-01T12:42:00,3665.0,completed
98723ea0-0daf-4904-8cfd-8096f54e5b68,CUST0193,2026-02-01T12:49:00,2596.31,processing
659f5f1e-25db-47ac-a6fa-33a366b1dab0,CUST0124,2026-02-01T12:56:00,3305.13,refunded
d5beda89-5598-4e34-9806-f7ab7d0a979b,CUST0249,2026-02-01T13:03:00,3668.8,cancelled
224f23e4-e87c-40ad-bcf2-1e52ad192311,CUST0498,2026-02-01T13:10:00,750.9,pending
855522d9-2ad7-4e43-92b7-06f1527daef4,CUST0048,2026-02-01T13:17:00,3692.55,processing
d12bb2dd-93de-42c5-aa9f-d57613511e4d,CUST0339,2026-02-01T13:24:00,2479.93,processing
311876fc-423d-4580-b75c-72e4ad47eb23,CUST0492,2026-02-01T13:31:00,1471.61,cancelled
df0a8c36-b6a4-4533-8ee5-a788d7adb206,CUST0444,2026-02-01T13:38:00,641.14,pending
5ef9eb34-7169-4d66-9bd7-5c8e04734099,CUST0419,2026-02-01T13:45:00,482.91,pending
00d6e5e5-f679-4fb6-9abd-ee4f1affe6c2,CUST0151,2026-02-01T13:52:00,4550.4,completed
3ecb8b1c-f852-4cb2-91f7-37471426bb13,CUST0126,2026-02-01T13:59:00,2417.7,pending
bdf19823-37e8-43f2-9f0e-6073eba459db,CUST0312,2026-02-01T14:06:00,1433.35,cancelled
088dc3b3-1026-437b-84ab-d1d91ded7c2a,CUST0221,2026-02-01T14:13:00,3195.24,processing
9d21db20-abbd-4784-91a9-8749107e8c45,CUST0175,2026-02-01T14:20:00,2234.5,pending
a5369c4d-5217-420a-bdcb-afaeb255d6a2,CUST0143,2026-02-01T14:27:00,1556.86,completed
8178ec04-db0a-455a-80ac-fc6c3b9b877d,CUST0031,2026-02-01T14:34:00,4420.1,cancelled
2e3ad542-9089-4c85-bf40-74fe6feaab09,CUST0273,2026-02-01T14:41:00,2927.62,completed
9d9f744a-2188-42c6-b17f-9f64b2f6d100,CUST0075,2026-02-01T14:48:00,3396.73,processing
574c0131-7be6-41f6-a444-42cd4a753447,CUST0404,2026-02-01T14:55:00,1040.48,completed
0bc044c9-1f46-4cd7-83d7-8590f7a3e0fb,CUST0475,2026-02-01T15:02:00,4012.24,completed
64d2a9b4-5d18-442b-bd80-595d1f90129f,CUST0064,2026-02-01T15:09:00,3609.36,completed
c7010bf4-f28a-4c2b-aaaf-1e79acc6ccd5,CUST0040,2026-02-01T15:16:00,2152.21,refunded
f4ea9608-434a-41d8-aa8f-8877a5fc44c8,CUST0067,2026-02-01T15:23:00,4985.97,refunded
99178e72-0cd9-4c33-96a8-b972e1477538,CUST0430,2026-02-01T15:30:00,2575.69,processing
dbefab01-8a44-4f4c-bca1-52f915526e9d,CUST0448,2026-02-01T15:37:00,3844.9,processing
a98377e0-39dd-4cbe-aae1-0588f5e08f1f,CUST0387,2026-02-01T15:44:00,3324.36,processing
04a01247-fc67-4f29-9ca5-f5e150598a04,CUST0283,2026-02-01T15:51:00,928.28,refunded
37e80b3b-21de-41e9-9992-b078d0a4539c,CUST0209,2026-02-01T15:58:00,3608.88,pending
d6e1c3cf-7d14-4908-9d19-108d899b75c4,CUST0025,2026-02-01T16:05:00,4395.36,pending
3d64ef0d-7d44-4612-b3dd-3596b6e8b3f0,CUST0331,2026-02-01T16:12:00,1002.94,processing
7bf942aa-0359-43c4-b319-fa35ace5b808,CUST0424,2026-02-01T16:19:00,3528.76,cancelled
5eae62e7-f7c7-4972-bf92-99f1cd11aeda,CUST0161,2026-02-01T16:26:00,2355.85,refunded
5e4f7e2c-87ee-4b52-bc3e-f0998449fa6d,CUST0083,2026-02-01T16:33:00,2860.52,cancelled
a0225898-9d42-4a4a-9ee6-ad70eff344e7,CUST0108,2026-02-01T16:40:00,4124.54,pending
ae92d2d6-a4e5-4b90-8d2b-1aff2e144de1,CUST0089,2026-02-01T16:47:00,3374.61,processing
e0756422-b6bf-481f-9206-1ca12e911061,CUST0425,2026-02-01T16:54:00,697.12,completed
,,not-a-date,abc,
34fc3682-4a14-4618-bc1e-5094cd9f3e84,CUST0147,2026-02-01T17:01:00,204.12,pending
67d6790b-d5c6-4c86-8016-118c02ee0f32,CUST0251,2026-02-01T17:08:00,4769.03,processing
c3fbf8fb-2b55-4ad1-81af-1b4861799816,CUST0111,2026-02-01T17:15:00,4237.06,pending
81baa741-1109-47df-89a3-b8ce9bbda507,CUST0392,2026-02-01T17:22:00,4087.26,pending
b751d13e-986b-445a-9fc6-f68a82aa23e3,CUST0492,2026-02-01T17:29:00,1140.92,refunded
52c5ab5d-62ba-4b2d-a62e-d7a6c41b9299,CUST0109,2026-02-01T17:36:00,4672.74,refunded
746a560b-aa59-47a6-8752-60ef0abf0dd1,CUST0118,2026-02-01T17:43:00,4518.96,completed
e21ba7bc-992a-498c-8574-0458e3fc2af4,CUST0208,2026-02-01T17:50:00,546.8,refunded
4faa29ae-53b7-4e41-9185-867998856dc1,CUST0232,2026-02-01T17:57:00,4972.52,completed
2f3ae5cd-75a0-4b24-9096-b207c0739c0a,CUST0134,2026-02-01T18:04:00,4258.43,pending
fadfd7da-05fe-4be5-8281-cf955f117325,CUST0312,2026-02-01T18:11:00,85.68,cancelled
ba2ac679-46da-47b9-849f-38d7ac684d12,CUST0190,2026-02-01T18:18:00,862.91,processing
0ee404a3-0d77-4074-9afd-5e488fabea04,CUST0296,2026-02-01T18:25:00,2967.89,refunded
87c98085-ac49-4922-9268-6e00e935c82e,CUST0299,2026-02-01T18:32:00,3991.26,completed
41d49c60-3035-4a8e-996c-4923570b33be,CUST0099,2026-02-01T18:39:00,4107.38,processing
55d61eb0-e6f8-44b7-b532-a3ba99def6fe,CUST0356,2026-02-01T18:46:00,3283.58,refunded
536fb177-543a-4083-8569-e529d62b0878,CUST0128,2026-02-01T18:53:00,58.98,processing
ecadc354-622a-4547-aaf7-6bc87948d3dd,CUST0402,2026-02-01T19:00:00,1583.24,processing
c87cf5fa-96a7-4142-8a2d-dd9958d97ff7,CUST0078,2026-02-01T19:07:00,2031.2,cancelled
9dac1993-245b-471b-84bd-78f47aa9d2b5,CUST0343,2026-02-01T19:14:00,3369.32,processing
87ba45ce-1d00-414f-8268-2ef7f08f81bd,CUST0181,2026-02-01T19:21:00,2052.7,processing
7a82a9c3-6a8d-4f15-8b13-48463190a836,CUST0347,2026-02-01T19:28:00,3273.48,refunded
49bb5b44-8c32-42e3-9f6a-2c57d9ee2848,CUST0474,2026-02-01T19:35:00,4215.38,refunded
cbe40149-c4a3-440f-b9f8-999a46245385,CUST0203,2026-02-01T19:42:00,1370.11,completed
1f9eabea-69ed-45d0-a1ca-60b545e17d2d,CUST0177,2026-02-01T19:49:00,2840.6,processing
89ca884d-b1a1-41d3-9f37-0f53b78c8b4f,CUST0198,2026-02-01T19:56:00,767.45,refunded
8741d892-8b43-4c17-82e2-a9791924d6e8,CUST0025,2026-02-01T20:03:00,674.42,pending
72ddc244-53c1-4ea8-97df-eda65de15688,CUST0081,2026-13-45,99.99,completed
1672b225-a472-4a04-b9f0-f413e645e711,CUST0125,2026-02-01T20:10:00,4803.19,completed
9880e381-0188-4c21-977d-5d7a67f1f6de,CUST0060,2026-02-01T20:17:00,2836.9,processing
fd612ca0-9596-4e2c-8a03-7b4e236a2ec9,CUST0246,2026-02-01T20:24:00,4752.18,pending
173626e2-f281-4f12-a43d-7146cc0aeb91,CUST0165,2026-02-01T20:31:00,1684.04,processing
6311db42-d972-445d-ab74-5df03d333207,CUST0212,2026-02-01T20:38:00,2470.14,processing
45fb05fe-7c56-4f09-8fc4-ec500bc452be,CUST0447,2026-02-01T20:45:00,1988.22,cancelled
eef974da-9e57-4c6c-8a1c-5b08e3b724b3,CUST0036,2026-02-01T20:52:00,3685.53,refunded
417f1474-11d1-4973-9080-2624baf7ebfb,CUST0367,2026-02-01T20:59:00,2741.6,cancelled
cf5fba56-d829-49e0-ac73-137cb5d1727a,CUST0116,2026-02-01T21:06:00,936.43,refunded
586fad81-e3e4-4b6b-820c-cc89c067f315,CUST0038,2026-02-01T21:13:00,2494.34,pending
b04ec458-e78c-4ea4-b673-977aa3cb1e17,CUST0143,2026-02-01T21:20:00,1134.97,cancelled
42c3ef15-38e0-4239-9d3d-8adb71d0d2dd,CUST0490,2026-02-01T21:27:00,84.57,refunded
92105aaf-481c-4bcc-95cc-b937796a1188,CUST0219,2026-02-01T21:34:00,333.8,completed
b58a41d3-dd12-433b-8eb0-ece47a0fb35b,CUST0237,2026-02-01T21:41:00,3335.7,completed
16d7b7e2-915a-476f-99da-2b5b5a370f37,CUST0356,2026-02-01T21:48:00,3816.19,cancelled
0cdfda7e-8961-41b2-aa19-76b3f41cb86d,CUST0046,2026-02-01T21:55:00,768.76,completed
0c751f70-dc5c-4f77-9f64-ef86b7335128,CUST0462,2026-02-01T22:02:00,1581.77,cancelled
dc9d2192-a06d-4dd9-aee2-ee0f62c54c7a,CUST0236,2026-02-01T22:09:00,3460.0,pending
ebbe0290-3efd-4f8c-9b57-3f5563217069,CUST0079,2026-02-01T22:16:00,134.68,completed
8de95e76-f059-4181-9e60-f7a5145b9e22,CUST0473,2026-02-01T22:23:00,551.18,pending
5f378bca-4a55-43d7-b3d4-5b47dabf98fb,CUST0403,2026-02-01T22:30:00,3341.99,processing
d6c208f9-a05a-4f9d-b7d9-93fbef7b0ec4,CUST0406,2026-02-01T22:37:00,1366.42,processing
7d14f70f-e7a2-4cbb-bc9a-683083fcc2fe,CUST0088,2026-02-01T22:44:00,4122.78,refunded
6dbe75a2-52db-41f1-8d55-7b97f2e3ce4a,CUST0310,2026-02-01T22:51:00,4630.99,processing
20afe539-9856-41c7-8ab1-428872e28673,CUST0204,2026-02-01T22:58:00,1104.39,refunded
ecbdb17d-9336-4696-a266-71668a706045,CUST0094,2026-02-01T23:05:00,49.93,processing
b842edc3-9574-4d2d-abd1-270e906fec5e,CUST0059,2026-02-01T23:12:00,2320.3,processing
53428e62-5fe0-4849-b58f-9902a9c6b027,CUST0357,2026-02-01T23:19:00,4806.53,cancelled
00bd8e24-8fb0-45ed-9ea0-f08cc406f78d,CUST0260,2026-02-01T23:26:00,339.94,pending
4a78696d-a850-4e3d-b044-d235440a99f0,CUST0451,2026-02-01T23:33:00,1296.1,refunded
9dff815e-743f-41d4-bfbc-90db8c4d39ba,CUST0284,2026-02-01T23:40:00,4331.47,completed
a53c6ecd-8969-489f-a3c4-30fc584174fb,CUST0328,2026-02-01T23:47:00,2236.31,cancelled
f74536b4-358c-4b7c-b759-01d4c31daf58,CUST0124,2026-02-01T23:54:00,149.27,pending
03a402d9-c53f-4636-8d98-1eb3a55c1cdb,CUST0227,2026-02-02T00:01:00,2204.37,processing
b07c7da6-8a3a-44fe-a691-7c7d6cdd67f8,CUST0480,2026-02-02T00:08:00,355.81,refunded
3d14c8d6-cdb0-4a0e-b90c-5050add5b425,CUST0267,2026-02-02T00:15:00,4260.39,pending
25b9af99-fada-4a76-a4eb-9de470183641,CUST0135,2026-02-02T00:22:00,839.9,completed
7454b5b5-f3f0-4062-9843-9c7724017e6f,CUST0110,2026-02-02T00:29:00,587.64,completed
8f7389b2-e6c5-4cd8-883a-f84e95ba4ce2,CUST0467,2026-02-02T00:36:00,2962.19,refunded
020c5a72-63b1-464e-ac37-26b3ef659038,CUST0412,2026-02-02T00:43:00,3860.08,refunded
02a8771e-f96c-4ab0-880d-5984ed0b934b,CUST0026,2026-02-02T00:50:00,1502.5,processing
3254e26b-2e03-4331-baee-f05bb205c2f8,CUST0088,2026-02-02T00:57:00,4590.92,processing
65f91c45-9843-443d-b86d-5bf280e65157,CUST0271,2026-02-02T01:04:00,4735.39,pending
6ae055c9-0ffa-4c76-98dd-6988afc94dcc,CUST0429,2026-02-02T01:11:00,4750.1,pending
afb4f31a-5338-4874-9a09-87dd4686034b,CUST0153,2026-02-02T01:18:00,1808.62,processing
d0036c94-bf1d-49a6-a666-f8d47bb59eca,CUST0083,2026-02-02T01:25:00,2819.94,processing
42d012b8-037c-42e7-8273-65c682b69367,CUST0261,2026-02-02T01:32:00,757.14,cancelled
5b8a38bb-5ee2-4f1f-89b7-5082d3756da1,CUST0334,2026-02-02T01:39:00,967.39,pending
6d7c88c7-a64c-4797-9236-cac5ab80d211,CUST0440,2026-02-02T01:46:00,3630.49,processing
5f50143e-cb2e-4ab7-83b5-90a769a4c66a,CUST0091,2026-02-02T01:53:00,4160.76,processing
0bfd0654-613f-462b-949b-04d0b1703c49,CUST0427,2026-02-02T02:00:00,1151.53,processing
4ee63e3d-157b-4735-a9e2-fa08a24469d8,CUST0488,2026-02-02T02:07:00,3491.06,completed
9148d0a9-4491-4220-a647-c19690f62859,CUST0004,2026-02-02T02:14:00,1401.8,processing
edd05715-7485-422b-a9a8-2f21e3f053d2,CUST0051,2026-02-02T02:21:00,1265.24,cancelled
efbfda99-5fa1-4be8-9775-9bd521c456a5,CUST0210,2026-02-02T02:28:00,2594.92,cancelled
18747b1d-60cf-45bc-8e07-e505a485c501,CUST0277,2026-02-02T02:35:00,91.63,processing
e7927677-74b6-4328-aedb-9912b3e7ec92,CUST0337,2026-02-02T02:42:00,1577.44,cancelled
,,not-a-date,abc,
2b940e37-e4d7-4a08-b5ea-352224201e99,CUST0332,2026-02-02T02:49:00,600.47,completed
f0907d6f-2514-4438-8ae4-11c31982f3e5,CUST0080,2026-02-02T02:56:00,980.08,cancelled
cf455cb8-428d-461a-b8de-6becda514fe1,CUST0139,2026-02-02T03:03:00,2734.29,refunded
a640f5db-34df-4773-a572-823cdc0b36f2,CUST0346,2026-02-02T03:10:00,4119.8,completed
d287c1a0-7fa7-42b1-9638-52080bbe886b,CUST0465,2026-02-02T03:17:00,1498.54,completed
74bcb12d-0b8f-43a3-80b4-bfd63e3fb39e,CUST0406,2026-02-02T03:24:00,3705.76,completed
e65a82cc-6d12-4433-8fa9-f6a5f22d2156,CUST0370,2026-02-02T03:31:00,4639.51,processing
65ee7c0b-326e-49a8-a65c-c5e769ddc3b8,CUST0181,2026-02-02T03:38:00,3182.45,refunded
41a069db-f157-4162-b1a4-9fedde13e51d,CUST0083,2026-02-02T03:45:00,610.29,pending
cff5f824-559b-4779-ab3a-c19c32e703ce,CUST0107,2026-02-02T03:52:00,2882.65,cancelled
d64e76f2-c33b-42ca-82ee-d18d6e55cc19,CUST0036,2026-02-02T03:59:00,4611.35,refunded
0e763a32-072a-42d4-a028-dfe1c2c2b18a,CUST0086,2026-02-02T04:06:00,4971.2,cancelled
2d938ee0-5a92-4447-8bb0-8fb9796c89bb,CUST0225,2026-02-02T04:13:00,304.44,cancelled
9dce7e3a-da95-4a69-a721-487ce5ec5d28,CUST0336,2026-02-02T04:20:00,1961.56,refunded
bfa5d813-857f-4e59-b844-fbe09e1a6376,CUST0405,2026-02-02T04:27:00,3684.62,pending
8829547b-5e40-407e-b6b4-ef49442039de,CUST0184,2026-02-02T04:34:00,1614.95,completed
7e0d4cf3-ed70-48ab-86dd-b57066f94afa,CUST0035,2026-02-02T04:41:00,519.13,completed
eb9cf3b7-eb22-41b4-a200-bc294a7fa4ba,CUST0472,2026-02-02T04:48:00,3973.62,refunded
d410709b-bdc6-4a80-9180-efa3d626c593,CUST0282,2026-02-02T04:55:00,4819.28,completed
8eb22923-fae7-480e-acd9-55c73ac0d139,CUST0033,2026-02-02T05:02:00,161.48,processing
9011fdd7-2699-4f02-b86b-f997089ccbaa,CUST0003,2026-02-02T05:09:00,885.54,refunded
808ece99-3cbf-4743-92ef-950bc9de5075,CUST0390,2026-02-02T05:16:00,464.72,pending
014563f0-9a39-4a99-9ecf-3c9ecf1521ce,CUST0403,2026-02-02T05:23:00,3417.99,processing
8b5d6c08-59da-4183-82eb-03cc0dc4b816,CUST0240,2026-02-02T05:30:00,399.24,pending
a73f293a-9839-46bb-b494-70d018ccdcee,CUST0292,2026-02-02T05:37:00,1786.07,cancelled
f8394e2e-5663-4b12-b0cc-1b44b8b1ec55,CUST0142,2026-02-02T05:44:00,315.26,completed
3743c34d-a568-4778-948f-92d05be82b0d,CUST0271,2026-02-02T05:51:00,4059.85,pending
0b605a57-4121-4e1e-a1ff-a5505a5c77c6,CUST0007,2026-02-02T05:58:00,3269.47,refunded
27b445eb-2fb6-40d7-b0d3-fd1a39f8c579,CUST0484,2026-02-02T06:05:00,4495.77,completed
0f4ccc62-c025-4d0b-9810-4ae6f53a6e46,CUST0286,2026-02-02T06:12:00,2325.6,processing
7d822084-2701-4aaf-ae5f-1acbd14470f0,CUST0335,2026-02-02T06:19:00,533.32,pending
1a8681e6-56d3-4355-be64-52a3eb023c89,CUST0116,2026-02-02T06:26:00,610.81,pending
3e7db19e-a2e3-49f4-ac5f-08ec3b11efa7,CUST0261,2026-02-02T06:33:00,1071.94,completed
d7c16765-6188-49b2-b23c-84ffc5453a62,CUST0037,2026-02-02T06:40:00,1721.0,completed
1ef82e36-5e57-4bd4-94e6-578f11235dcd,CUST0002,2026-02-02T06:47:00,4693.07,cancelled
beb7d0cb-6153-471c-946a-150d5e48b01e,CUST0024,2026-02-02T06:54:00,1992.63,refunded
5aa93a64-f7f2-4712-85f1-bd1539015677,CUST0272,2026-02-02T07:01:00,4126.62,refunded
f3cd50a7-4ca0-489b-959d-a2ed47100171,CUST0056,2026-02-02T07:08:00,2654.48,completed
1a3908a9-a20d-4253-a1ed-3747b1148d77,CUST0113,2026-02-02T07:15:00,2056.68,cancelled
5cac96ac-7a84-4e15-8c3b-10fb3446f2cd,CUST0023,2026-02-02T07:22:00,3944.38,processing
394d351d-13bd-4291-a144-d78208131580,CUST0262,2026-02-02T07:29:00,4726.95,completed
ed91361d-3bf1-4d8b-aea6-e3ed8c17a72a,CUST0098,2026-02-02T07:36:00,1709.53,completed
51a9aedb-14de-42ed-9c33-f2adc84eceff,CUST0293,2026-02-02T07:43:00,2424.62,pending
85f60a2e-f824-4598-a6c4-7cf31e9fdcda,CUST0471,2026-02-02T07:50:00,4755.95,cancelled
e0314543-3d50-4124-9c26-7f76d9ec68d4,CUST0336,2026-02-02T07:57:00,2288.54,completed
bbf57b69-fcdc-48e7-a4f9-b105dbe71f45,CUST0190,2026-02-02T08:04:00,1109.73,refunded
3675ab55-088f-4b2f-8040-78c3c9de26de,CUST0437,2026-02-02T08:11:00,4523.07,cancelled
7cdd086a-0b90-4b20-9b1c-a9c2c9bb4b4f,CUST0379,2026-02-02T08:18:00,290.8,completed
e254506e-4313-4102-ac68-fa5ac0da97fb,CUST0287,2026-02-02T08:25:00,1509.22,processing
eeaab5ee-6799-4977-993c-5636863e57f7,CUST0079,2026-02-02T08:32:00,2045.08,cancelled
b80a22cc-95cc-40f4-aa07-529899ffd051,CUST0314,2026-02-02T08:39:00,358.97,refunded
47feb1da-6201-407b-af3e-1452dc4dd22a,CUST0221,2026-02-02T08:46:00,1976.43,processing
cbc0e26b-d94d-46cc-8510-0753e465cbb8,CUST0214,2026-02-02T08:53:00,2895.76,refunded
433ba9a6-7ac1-49de-b8c1-2f70feb3acec,CUST0078,2026-02-02T09:00:00,3305.0,completed
e4ba6fb7-5951-4adf-b121-585ffcce9635,CUST0436,2026-02-02T09:07:00,2640.23,completed
0805ab22-7428-4373-8b5e-8caf75154c66,CUST0282,2026-02-02T09:14:00,2940.74,completed
4bd21215-3917-49f1-8e48-5d09a318fa4b,CUST0083,2026-02-02T09:21:00,778.33,refunded
5f43b5e0-bf49-4bdf-8965-1e0b8a86d64d,CUST0115,2026-02-02T09:28:00,958.54,cancelled
62a933c2-901c-47a7-8599-9e822823a225,CUST0363,2026-02-02T09:35:00,1937.76,pending
a4ecfe12-dd17-4fc2-b2d4-612380a5f45a,CUST0287,2026-02-02T09:42:00,1773.7,pending
454fb8ee-cce4-4dff-816c-df11df3edfa3,CUST0423,2026-02-02T09:49:00,2039.33,processing
3fecdd99-050e-4af1-9f39-4af45ecfd584,CUST0326,2026-02-02T09:56:00,145.92,pending
0fe0f7e8-5907-4f1e-a0e8-ce43850871bd,CUST0431,2026-02-02T10:03:00,2964.45,pending
9bcd1516-a015-4a19-bba8-d5fa6e7a6773,CUST0167,2026-02-02T10:10:00,1033.61,cancelled
0f61196c-733f-4283-b45e-45a8230e3ec5,CUST0402,2026-02-02T10:17:00,4614.95,cancelled
b470d500-fdbb-4c97-9b64-da0e169a6ec2,CUST0193,2026-02-02T10:24:00,4595.19,completed
71dee38b-caab-4e89-8244-1ebcb1b1d00e,CUST0210,2026-02-02T10:31:00,3035.01,refunded
17ef7d4c-a8c1-43dd-9e6d-cc05e6bc1f62,CUST0318,2026-02-02T10:38:00,4175.12,processing
f8c2a025-c10a-49f6-aa49-3dac0f2b435a,CUST0358,2026-02-02T10:45:00,2096.92,refunded
ce3272f3-beb0-452d-9db9-8440a901f5a6,CUST0228,2026-02-02T10:52:00,4596.65,processing
d8e7c05d-5514-4d35-8344-7f8270cff7f7,CUST0419,2026-02-02T10:59:00,4188.49,pending
057ed485-968e-43b4-83d8-378ecce5897c,CUST0114,2026-02-02T11:06:00,1319.33,cancelled
e0429c78-76af-4616-b4dd-f1287ccf8453,CUST0030,2026-02-02T11:13:00,2047.99,processing
41d25541-1df4-4a74-ae2b-0dcb4648e06f,CUST0387,2026-02-02T11:20:00,3529.36,cancelled
7e8a5207-e6bd-42bb-827d-d62cc71a8d5e,CUST0133,2026-02-02T11:27:00,4337.29,pending
a5754fd7-632c-4356-805c-dbad686cab10,CUST0150,2026-02-02T11:34:00,2594.75,completed
6339c6d0-400b-4adb-8de1-92ba862b7cbf,CUST0225,2026-02-02T11:41:00,786.55,refunded
f5a684b4-bd7f-4f32-975f-88c9de8feb81,CUST0490,2026-02-02T11:48:00,4174.1,pending
,,not-a-date,abc,
73997ee0-3dec-4b9f-a986-e7bb2e2e16de,CUST0075,2026-02-02T11:55:00,167.07,processing
ca4fb692-5c70-4a60-89f7-85db24f662ff,CUST0278,2026-02-02T12:02:00,1145.66,cancelled
5f133917-8c0a-45a7-94ff-814c15e45569,CUST0452,2026-02-02T12:09:00,1587.8,pending
ab1a935b-5753-4e07-a519-4b49e83f7eb5,CUST0357,2026-02-02T12:16:00,2642.85,completed
e821e175-d00e-44bd-a040-2ab40c4fbdeb,CUST0301,2026-02-02T12:23:00,2770.11,processing
77739b4a-62b6-4d28-a14f-c09c2cbda2d6,CUST0241,2026-02-02T12:30:00,2286.67,cancelled
83e1d695-8de0-4e7b-b5da-5a27e7f24e40,CUST0104,2026-02-02T12:37:00,295.71,processing
9ff7efd3-90e9-4dad-97bc-16f64cb98dad,CUST0209,2026-02-02T12:44:00,994.62,pending
01f46265-0b2c-4e0a-b7e4-e75aa7213750,CUST0357,2026-02-02T12:51:00,3777.0,completed
1f8bcaaf-5881-4083-9b9b-e451312d0821,CUST0063,2026-02-02T12:58:00,3489.7,cancelled
8a807a8e-798f-46fc-9004-6765294b7780,CUST0051,2026-02-02T13:05:00,3841.82,pending
114ddb88-3d3e-4bca-ab81-f61ecf83e36d,CUST0344,2026-02-02T13:12:00,2268.08,pending
497165c8-b60b-47b9-bbf0-b5355642cdea,CUST0109,2026-02-02T13:19:00,4427.95,completed
1709ce44-646f-438a-b11e-74f3d6b1cfaa,CUST0416,2026-02-02T13:26:00,76.78,completed
0e0b5d58-0210-4e87-87ad-d1878704e735,CUST0405,2026-02-02T13:33:00,4697.14,completed
b111a53c-815f-4ad9-8878-975afd9274c6,CUST0079,2026-02-02T13:40:00,1756.33,cancelled
25a21ca9-2a95-4f92-a231-6d06edffe7e1,CUST0106,2026-02-02T13:47:00,4924.3,refunded
50ba2e7f-705f-4395-9b27-7173d519158b,CUST0178,2026-02-02T13:54:00,570.28,pending
a3105873-0287-4ad7-a221-95aa1af863e1,CUST0035,2026-02-02T14:01:00,486.03,cancelled
eb67fd11-fd3e-4cc3-9fb9-c7bdf696037b,CUST0051,2026-02-02T14:08:00,2827.87,cancelled
dea5e766-f73f-46e8-89c8-62697bca5630,CUST0243,2026-02-02T14:15:00,938.58,completed
dd94c49d-0afb-4abf-ba28-77e92e6f23b1,CUST0183,2026-02-02T14:22:00,2416.48,pending
676babf0-47fa-4b4f-bd0b-84bfbe1a1987,CUST0058,2026-02-02T14:29:00,69.52,pending
9c522fa7-8ae4-4ac0-9468-3aa69e040db8,CUST0443,2026-02-02T14:36:00,3346.35,pending
218e8391-5467-4105-803c-6ffdae2a5c55,CUST0136,2026-02-02T14:43:00,2987.87,completed
32dd9b95-0166-4322-b69b-17ef78fb1142,CUST0344,2026-02-02T14:50:00,2607.92,processing
270202ce-77ba-49ec-b34d-f7663a9b3f8d,CUST0235,2026-02-02T14:57:00,3152.6,refunded
e03bc715-9f9c-444b-b834-264fdf482b24,CUST0435,2026-02-02T15:04:00,1339.1,pending
02135bfb-2394-4c70-90a7-7e544451f21f,CUST0119,2026-02-02T15:11:00,3539.04,processing
87ac88a7-79d3-43e3-b177-15d97b199475,CUST0414,2026-02-02T15:18:00,3102.58,completed
2a6de127-285d-4c89-bdeb-22a8d957a13c,CUST0032,2026-02-02T15:25:00,333.38,refunded
4c7fdcef-c2ff-4ae8-81f2-dfa85cb0ab4d,CUST0123,2026-01-01T01:11:00,75.00,not_a_real_status
9b613583-c83f-4c55-9b4a-d5b83de2fb73,CUST0163,2026-02-02T15:32:00,3116.25,pending
8ace9261-09c1-4f31-8494-c5866e0e010b,CUST0249,2026-02-02T15:39:00,1212.6,refunded
f8dde595-abba-4546-b64a-77ba7766ea44,CUST0216,2026-02-02T15:46:00,1538.38,cancelled
8d48b681-3011-435e-8ca7-6901a3158826,CUST0084,2026-02-02T15:53:00,413.89,refunded
5b46b209-6ca8-4eac-9e14-98e682be7daa,CUST0425,2026-02-02T16:00:00,697.76,cancelled
76a08649-d484-4b64-b175-1833f3262ec3,CUST0119,2026-02-02T16:07:00,1049.75,completed
95eb4e9e-678e-4ca4-9803-36ab4feffc8b,CUST0452,2026-02-02T16:14:00,63.81,completed
131c8f66-4515-490d-a123-e93a2780f3aa,CUST0314,2026-02-02T16:21:00,3125.08,completed
06245d33-cf3d-45a8-b83d-c40e922a580e,CUST0178,2026-02-02T16:28:00,4988.84,cancelled
01e959f4-482a-439a-b054-7ad5b00908c6,CUST0482,2026-02-02T16:35:00,3678.61,cancelled
aba84d08-5dbc-4424-9b70-6128ee14c989,CUST0008,2026-02-02T16:42:00,3543.46,refunded
c63541bb-d6c2-48f8-bbcb-0221416f04b2,CUST0437,2026-02-02T16:49:00,2669.59,processing
08046377-03b8-4d49-9b8a-3f5dffe85831,CUST0157,2026-02-02T16:56:00,440.2,processing
8ba5c00c-3f20-4e47-a02d-8a40519323b3,CUST0234,2026-02-02T17:03:00,1302.98,processing
df1f4799-e66c-4b61-bb22-e32510d9e958,CUST0131,2026-02-02T17:10:00,206.9,pending
f364edf3-153e-4a2a-b553-23fdebef20d7,CUST0281,2026-02-02T17:17:00,3819.24,processing
a7b41f76-48bd-412a-bd8b-7c9d78cca7be,CUST0325,2026-02-02T17:24:00,3893.04,refunded
123c4a3e-6abb-419d-8118-f0d84c24210b,CUST0342,2026-02-02T17:31:00,1511.49,completed
7009f189-48b2-4e98-8226-dc0a183a06cf,CUST0068,2026-02-02T17:38:00,482.01,processing
e6bf0603-ab1b-41f6-8161-bf8dc7708283,CUST0317,2026-02-02T17:45:00,1826.39,refunded
1f768039-5045-4d67-9251-5c8a266345f6,CUST0500,2026-02-02T17:52:00,32.01,processing
ada8a527-c56c-4125-a9c3-8a242e8ce9bf,CUST0444,2026-02-02T17:59:00,3843.09,refunded
9adca855-d53e-4cb5-a130-5a02721d15ae,CUST0431,2026-02-02T18:06:00,4153.63,refunded
a8bce2b5-bb44-4041-b476-b182a8178d63,CUST0478,2026-02-02T18:13:00,1790.52,completed
2cb0116e-b4ee-45d4-ae4d-b030ba0f0e07,CUST0334,2026-02-02T18:20:00,3644.85,completed
4864af37-f847-4cc6-8f05-cdacc3ea9d1f,CUST0452,2026-02-02T18:27:00,3163.02,cancelled
1dc413aa-91ce-4490-9972-35754c019734,CUST0191,2026-02-02T18:34:00,1233.98,completed
2de232b9-acd5-4d3f-9976-65f4e405970e,CUST0414,2026-02-02T18:41:00,4187.7,processing
80d5578a-ee03-4556-9e0a-664d73af341c,CUST0052,2026-02-02T18:48:00,1402.49,cancelled
9e5627f8-b0e3-4f2d-91ec-27af57609845,CUST0087,2026-02-02T18:55:00,1970.86,pending
e065cbb6-d061-4cf7-8125-86d20d1e8f14,CUST0138,2026-02-02T19:02:00,3274.07,refunded
5bb81737-29c5-4ea7-a85c-8771503364cc,CUST0369,2026-02-02T19:09:00,1515.99,cancelled
9b2a11b6-8338-42c8-8484-32a6d069df68,CUST0396,2026-02-02T19:16:00,4454.6,pending
daa6d409-ff23-4802-87ac-ddd5f2f1d465,CUST0161,2026-02-02T19:23:00,3388.52,cancelled
b0f98777-dfae-4304-bdac-9a71cd20d8c4,CUST0106,2026-02-02T19:30:00,2186.24,cancelled
cca8017b-b755-4810-b1da-99922368485e,CUST0104,2026-02-02T19:37:00,517.43,cancelled
11d7602a-f1f7-4cd3-a8b2-af93c87fd5d6,CUST0261,2026-02-02T19:44:00,1519.47,completed
ce10f542-8b8c-4d71-a0c7-1623579d46b8,CUST0162,2026-02-02T19:51:00,2836.89,pending
3766be3d-34d1-45cf-9258-da44c0ab1504,CUST0482,2026-02-02T19:58:00,840.19,refunded
b96f9eb1-fcef-4481-8297-9fd50fb204b7,CUST0348,2026-02-02T20:05:00,272.76,processing
7dcb2015-2630-4e82-a4fa-2c830defdb8c,CUST0462,2026-02-02T20:12:00,3420.96,cancelled
8f55c2f9-c6a3-4751-a571-c0895493d54a,CUST0172,2026-02-02T20:19:00,2609.86,cancelled
1975f1b9-0bae-4cba-832d-37fb5a4e7849,CUST0449,2026-02-02T20:26:00,1620.89,processing
885888e8-bcb1-41c9-8312-357ed2c8758b,CUST0167,2026-02-02T20:33:00,64.89,processing
95792553-74aa-4018-9d9a-6c142695f245,CUST0147,2026-02-02T20:40:00,3442.81,completed
57f13e1e-07e6-4e8a-a88e-ad389487cb3a,CUST0031,2026-02-02T20:47:00,1090.09,cancelled
ccfc35b8-8e3f-4a42-8e11-761525fc6c03,CUST0326,2026-02-02T20:54:00,436.35,completed
d93469bc-893e-4605-87a9-2b902810ed49,CUST0446,2026-02-02T21:01:00,4068.89,cancelled
d43dafe3-771e-4230-9fcc-51b328ab3863,CUST0451,2026-02-02T21:08:00,4192.22,refunded
899a675c-7dad-48d1-b728-f34ff4848507,CUST0342,2026-02-02T21:15:00,2604.2,completed
3ac3cbcc-6f27-4184-b720-966c1f08d154,CUST0112,2026-02-02T21:22:00,4663.15,refunded
c6b3a065-aa7b-4022-b699-bf3a4067a8e4,CUST0491,2026-02-02T21:29:00,1572.95,cancelled
43c408d9-ae56-4be0-9fcb-db2af0a932a8,CUST0480,2026-02-02T21:36:00,342.41,refunded
e7422d05-89d8-4fc9-91be-444e0c03636d,CUST0036,2026-02-02T21:43:00,3906.73,completed
51231219-15ae-4d75-8613-f8cea85b6bfb,CUST0086,2026-02-02T21:50:00,384.04,cancelled
f73305b6-5487-4966-b710-fa9cacad86a7,CUST0186,2026-02-02T21:57:00,2155.36,cancelled
75120029-90fa-44e4-9d51-4e9e9b5ed242,CUST0115,2026-02-02T22:04:00,3525.12,refunded
cee07ee2-02fc-4a19-adbe-d7d057c0a3cb,CUST0301,2026-02-02T22:11:00,1428.18,processing
fb5ddc20-8b2c-4055-8119-b92300be8e4b,CUST0134,2026-02-02T22:18:00,4353.15,processing
7b2ffd19-2545-46b9-888c-3b4abf5c582d,CUST0083,2026-02-02T22:25:00,2772.29,pending
4228f011-4a67-499f-9d13-0df2eaf79db6,CUST0305,2026-02-02T22:32:00,2433.03,cancelled
01d8b1e4-2850-4e2a-983b-656d400e14b7,CUST0467,2026-02-02T22:39:00,1998.79,cancelled
5faa8b9d-5cd8-49d5-a34f-cc4ab74e5491,CUST0138,2026-02-02T22:46:00,1307.52,refunded
d9f2fdad-4166-4d7d-a20c-0ee5c067ca18,CUST0454,2026-02-02T22:53:00,3924.83,pending
c190d71c-0493-4aba-92cd-0b886e08bbd3,CUST0119,2026-02-02T23:00:00,4575.01,cancelled
f2d74600-4627-4519-8dfa-120e1356392e,CUST0031,2026-02-02T23:07:00,4183.5,refunded
f0edc844-a9f8-4763-932a-1643d5e06e3a,CUST0220,2026-02-02T23:14:00,1891.3,completed
363919a2-cb59-4dd8-9526-918fd331b91a,CUST0381,2026-02-02T23:21:00,2724.37,completed
bfb189c0-1082-47c6-98a3-4072f26af8c5,CUST0091,2026-02-02T23:28:00,3939.12,cancelled
541bfc92-5b61-4e3a-9379-1bacad71572f,CUST0275,2026-02-02T23:35:00,4608.05,pending
a7e93a49-9297-437d-94fa-ac67567b77af,CUST0372,2026-02-02T23:42:00,2607.17,pending
03d26580-e5cb-47ff-bf9e-65038e8bb4bd,CUST0058,2026-02-02T23:49:00,2335.01,pending
16a40024-f062-4f26-a9a9-97232afa72fa,CUST0293,2026-02-02T23:56:00,2643.32,refunded
908e0950-727a-489c-b437-c75176d4130f,CUST0140,2026-02-03T00:03:00,4817.83,cancelled
cfff49fa-6b09-4b45-8f9b-55709d4e2f61,CUST0125,2026-02-03T00:10:00,94.93,cancelled
e5d15f3f-a649-40b0-af14-7d7409b771ad,CUST0011,2026-02-03T00:17:00,3176.4,processing
1c9d4ae5-8184-456b-919b-bfb5dabec635,CUST0381,2026-02-03T00:24:00,2777.78,cancelled
720468b4-a442-4885-9d85-a432865650da,CUST0307,2026-02-03T00:31:00,4829.36,processing
8d0bedf6-4752-448e-a55c-b2defd300617,CUST0172,2026-02-03T00:38:00,735.11,completed
dac3263d-0530-453a-a854-eb97330831b9,CUST0058,2026-02-03T00:45:00,4019.5,pending
80827cd9-f47b-46b8-93ce-156e0f5adc13,CUST0253,2026-02-03T00:52:00,2826.96,refunded
8e95bfc1-2d95-4cbd-b474-05022fa88980,CUST0166,2026-02-03T00:59:00,2866.46,cancelled
a50608fc-8b9f-4fe1-a740-0d19a30ca7b6,CUST0477,2026-01-01T00:22:00,-50,pending
b219be1b-60e0-4b02-8a60-d561b2bc69a2,CUST0342,2026-02-03T01:06:00,4801.55,refunded
f9707ee2-0d77-4e2a-a62a-0b376ee132ec,CUST0041,2026-02-03T01:13:00,1353.49,pending
1e1fcb15-1550-4c08-a86e-3f420595884e,CUST0486,2026-02-03T01:20:00,87.12,completed
e5501bf6-ed89-4f10-af76-5ce8bb74cdc8,CUST0350,2026-02-03T01:27:00,4985.42,cancelled
16aff3d9-76d3-4297-831a-b98c85ca484d,CUST0167,2026-02-03T01:34:00,638.52,pending
d005920a-f0a3-4b1a-b829-303ec132ec31,CUST0080,2026-02-03T01:41:00,1415.25,cancelled
beb042ca-a1a2-452a-ba15-fe67f2d304c5,CUST0182,2026-02-03T01:48:00,1080.13,processing
73d19ace-3945-4f85-b7c5-a0a05ba36f7e,CUST0126,2026-02-03T01:55:00,1626.93,completed
f92c5168-df34-4185-98ad-ea48bc039dff,CUST0330,2026-02-03T02:02:00,811.07,cancelled
f8e80537-24a7-492b-a880-3919031e51df,CUST0481,2026-02-03T02:09:00,3596.32,refunded
c96235fb-d115-4fe6-86ad-2ddde8888d9e,CUST0301,2026-02-03T02:16:00,3288.93,cancelled
8b68e9bf-e577-4493-a2cf-70f101e5d302,CUST0210,2026-02-03T02:23:00,259.92,processing
9ae6cc91-7a34-4468-aa37-932730947e4a,CUST0451,2026-02-03T02:30:00,1772.44,completed
b74e0804-aeb0-4010-857c-dba3da0aa34d,CUST0050,2026-02-03T02:37:00,175.59,pending
9bbfd160-2092-43f6-bb9d-2e226ae4de13,CUST0227,2026-02-03T02:44:00,387.3,pending
b9ac4d46-fed9-4257-997e-598865a117bd,CUST0307,2026-02-03T02:51:00,1470.92,processing
8c06871d-2792-4308-bad3-7219602d1016,CUST0459,2026-02-03T02:58:00,1669.02,processing
222ffcbd-1de3-4d57-b820-05dc04883c4d,CUST0460,2026-02-03T03:05:00,1747.22,pending
4833cad0-2de4-4dd5-bbc7-c8c244ad3169,CUST0408,2026-02-03T03:12:00,72.07,processing
8cc8c971-1d91-42c9-8130-d0a6a0a1e500,CUST0259,2026-02-03T03:19:00,1197.7,processing
c9907546-8603-4bd5-8388-c645ab0c17c9,CUST0261,2026-02-03T03:26:00,3526.7,refunded
ba2056c3-35e4-4be4-b8ad-63878619f4d0,CUST0155,2026-02-03T03:33:00,591.98,cancelled
b70f833a-51f4-4f28-99a6-9b19b7107a13,CUST0043,2026-02-03T03:40:00,747.95,refunded
aa44551b-8651-476c-bd77-1f1c04a602e8,CUST0290,2026-02-03T03:47:00,872.02,processing
4e0a7a64-1370-41b2-b7c5-b2535686fe57,CUST0085,2026-02-03T03:54:00,22.52,pending
59300e67-8412-46fc-a2d0-7e9a3703de1b,CUST0045,2026-02-03T04:01:00,2273.65,cancelled
e76752ff-580d-41b0-a9b4-cf55e6c9e12e,CUST0325,2026-02-03T04:08:00,3593.04,refunded
41c9e94d-e1d9-4056-ab33-be13db23dc35,CUST0273,2026-02-03T04:15:00,3797.93,pending
01aa65c2-a137-4471-b7ee-1d7568be0fe7,CUST0146,2026-02-03T04:22:00,4756.69,cancelled
02313491-8e37-4a99-97ce-e295d0aff69d,CUST0236,2026-02-03T04:29:00,487.89,pending
1d3a1416-ae08-48a6-ada2-59d62a599b49,CUST0179,2026-02-03T04:36:00,1824.95,processing
04393ea5-ac98-4236-963c-cbcce55c8cc5,CUST0420,2026-02-03T04:43:00,274.77,cancelled
3a64c5dd-e95d-4ec3-821a-8afa320f5c38,CUST0126,2026-02-03T04:50:00,4994.3,refunded
c6d689f4-ef93-480f-967a-b1bb67d44ce7,CUST0500,2026-02-03T04:57:00,4068.88,refunded
43eb61c0-0776-4da6-80d7-c72d325b77d1,CUST0014,2026-02-03T05:04:00,1375.84,pending
1b40d521-8f25-40ae-a5c1-cb6f2728a332,CUST0051,2026-02-03T05:11:00,706.29,completed
b437f0b8-ee11-4376-b6c6-7de7253a761c,CUST0214,2026-02-03T05:18:00,2058.17,processing
da12e408-4d67-4f07-9d30-12f4f813a161,CUST0353,2026-02-03T05:25:00,1670.78,cancelled
35bf2bec-279b-43c5-bd1f-eb9aa67edbf3,CUST0159,2026-02-03T05:32:00,1389.48,cancelled
d477d4ea-d185-4ff9-b9c6-dd72a7c5989a,CUST0222,2026-02-03T05:39:00,2497.32,completed
af0226c8-4eaf-48a8-9ff2-4bf60e41bd1b,CUST0347,2026-02-03T05:46:00,948.51,completed
10577a22-54b8-4844-8171-8b5e419c6cc7,CUST0388,2026-02-03T05:53:00,672.15,refunded
afb33fb8-8d91-458a-99a5-000e08e7615e,CUST0175,2026-02-03T06:00:00,1280.05,completed
1fe35187-1833-48a2-bd4d-351a4c582340,CUST0162,2026-02-03T06:07:00,458.66,refunded
6a1fed5f-2e58-424b-af73-6282849b2894,CUST0323,2026-02-03T06:14:00,370.03,refunded
dfabed69-149f-415e-97c3-8ddcee75f001,CUST0105,2026-02-03T06:21:00,839.05,processing
586b726c-2cc1-4dfc-830b-0c32916b4e58,CUST0445,2026-02-03T06:28:00,3035.11,pending
46591fdc-6cc0-466d-b9a5-304fdf0030c0,CUST0201,2026-02-03T06:35:00,1477.11,pending
ea034c25-7591-40b3-952e-e5d9d1e94b2c,CUST0202,2026-02-03T06:42:00,3805.74,completed
8fd4a245-0d69-4346-8236-77b9438d9adf,CUST0414,2026-02-03T06:49:00,1578.41,refunded
75588005-a4ea-43bd-a5f6-150cf7dd807f,CUST0383,2026-02-03T06:56:00,4579.47,processing
5031eb92-cb02-4a7a-a50a-0698f2349297,CUST0024,2026-02-03T07:03:00,3535.23,cancelled
25cf6a37-d311-4e7f-b1d8-27a002792c40,CUST0126,2026-02-03T07:10:00,4828.74,cancelled
7e7e69e8-ea41-4fde-8a92-09abb982f04d,CUST0289,2026-02-03T07:17:00,4010.42,processing
99f061ef-a1bc-4533-9428-ded5523168a7,CUST0326,2026-02-03T07:24:00,657.93,processing
0cb7b6d9-ff37-416c-bad2-d8ab092c134c,CUST0413,2026-02-03T07:31:00,1851.53,refunded
c7412887-e2ff-4f7f-b2d6-cbfd5c8b645c,CUST0256,2026-02-03T07:38:00,3055.96,cancelled
18591a18-390b-4a8e-bd25-d955dc542949,CUST0172,2026-02-03T07:45:00,719.51,refunded
220d096d-554c-4cc7-9563-5b9695cfd891,CUST0192,2026-02-03T07:52:00,3512.32,refunded
ed927e2c-4688-4c04-aa36-745f6a4544f8,CUST0186,2026-02-03T07:59:00,3462.71,completed
3a85af71-1ad0-4e1d-b905-75fd025b20d5,CUST0392,2026-02-03T08:06:00,955.01,pending
c45534d3-cd87-4aa0-970d-8f78b9d8ce0f,CUST0444,2026-02-03T08:13:00,1426.56,cancelled
77be4743-7076-49a5-a681-89ed732b2531,CUST0495,2026-02-03T08:20:00,2786.3,cancelled
d778f501-a5f6-46dc-bf8e-096dad46e88f,CUST0185,2026-02-03T08:27:00,4860.8,processing
5ea5689a-128b-43b6-855e-cf95d05d1ad9,CUST0107,2026-02-03T08:34:00,2853.42,pending
b074cd26-588e-44e9-a247-e65d2542aadb,CUST0031,2026-02-03T08:41:00,1597.99,cancelled
c47486f6-acc4-4756-af40-d212e62e39cf,CUST0294,2026-02-03T08:48:00,2197.91,processing
76025e17-e96a-405b-9032-e3d6fca9aa50,CUST0102,2026-02-03T08:55:00,2390.32,pending
f71b7bc8-e1ce-466c-8771-17e5b670c384,CUST0371,2026-02-03T09:02:00,645.97,processing
80a16be7-ddf4-4514-9868-a8ad2e847538,CUST0442,2026-02-03T09:09:00,2596.59,refunded
a2e76dba-8d6d-4e80-acbf-188aa5eeb752,CUST0387,2026-02-03T09:16:00,2628.28,pending
1c589b17-7f4c-4dfb-81e2-67a019be7c22,CUST0457,2026-02-03T09:23:00,2388.2,refunded
37e65978-6af6-4d28-bee4-5310d31f4539,CUST0057,2026-02-03T09:30:00,3645.09,pending
ef7c850c-a51f-4815-8996-4bc2c36ab3c7,CUST0097,2026-02-03T09:37:00,2544.62,completed
5a4b96fd-f163-4612-bb73-d1a7f2903660,CUST0040,2026-02-03T09:44:00,3949.09,cancelled
5030a88d-10ad-4d72-ba15-f442213477eb,CUST0028,2026-02-03T09:51:00,4101.48,refunded
39dcabc6-d4a2-4d6c-93c3-e016dd9e9497,CUST0240,2026-02-03T09:58:00,278.71,pending
e941583f-c96f-4190-b273-e27909edf183,CUST0107,2026-02-03T10:05:00,545.43,cancelled
9c0fd99f-49b4-4016-b7b6-7365374b288a,CUST0286,2026-02-03T10:12:00,1031.9,processing
09996749-0b9c-4dec-a735-324bc0b00743,CUST0262,2026-02-03T10:19:00,1729.73,pending
5c224a31-aef9-4578-a15f-2a51c2184d4a,CUST0343,2026-02-03T10:26:00,928.64,cancelled
029e4873-590b-4d98-b12a-45d63de89d59,CUST0004,2026-02-03T10:33:00,144.95,completed
4efef5c1-f896-45bd-957f-645b50b327fb,CUST0442,2026-02-03T10:40:00,2254.42,completed
25f343ac-b71c-47d3-a3e8-e292a7fe8386,CUST0038,2026-02-03T10:47:00,3605.35,refunded
a04910d9-8e63-42d0-833a-5cb6f5b6d13c,CUST0366,2026-02-03T10:54:00,2075.42,pending
91b7c214-8cae-4f60-a42f-b48de16b6b6c,CUST0407,2026-02-03T11:01:00,3726.79,pending
fc074e4f-568e-49b2-8077-fb3295ea47cd,CUST0208,2026-02-03T11:08:00,62.4,refunded
c6c486e8-059c-4c43-89c6-f2bde25e817e,CUST0405,2026-02-03T11:15:00,4085.44,pending
68e38974-e7ec-44b5-8055-226c5b72140d,CUST0228,2026-02-03T11:22:00,186.2,pending
a3e1206e-de8c-41c9-87c0-e823e2107f9c,CUST0362,2026-02-03T11:29:00,4319.14,processing
bbe3ec2e-8b1a-4adb-b6e4-072e38ed83b3,CUST0269,2026-02-03T11:36:00,4354.25,processing
2695f99d-ecf3-4e36-846a-b0b0abab31a9,CUST0446,2026-02-03T11:43:00,659.43,completed
3465b331-9303-4ae3-8736-38de05bf985b,CUST0230,2026-02-03T11:50:00,424.53,processing
63691228-88d7-427b-a667-b0108a95483d,CUST0448,2026-02-03T11:57:00,4191.28,processing
4856dbda-f249-45ec-828a-76522c4e0b32,CUST0297,2026-02-03T12:04:00,4246.72,processing
94c51679-d6ab-4e9e-863c-c24e6c291e56,CUST0499,2026-02-03T12:11:00,37.14,pending
6b00379f-d60a-47d3-b34d-8aabdd1e170f,CUST0374,2026-02-03T12:18:00,4662.28,refunded
86ca0a92-95d8-492d-91cb-00447c2f767a,CUST0170,2026-02-03T12:25:00,2589.6,pending
24bf7cb6-874f-429d-a8a4-75dd65c93284,CUST0049,2026-02-03T12:32:00,829.1,processing
5a112c8a-674c-4819-808e-3df8af1f8fd7,CUST0479,2026-02-03T12:39:00,3306.82,processing
4166558a-e0f8-4142-b6fe-087ca3588067,CUST0203,2026-02-03T12:46:00,4422.7,refunded
fb70bdd5-0371-4f67-84bf-0840b0d74a27,CUST0229,2026-02-03T12:53:00,1155.25,processing
a9345272-d279-4639-8657-6d843b896dda,CUST0273,2026-02-03T13:00:00,3321.91,completed
9a7398a4-b042-4315-9767-c059589e51ed,CUST0036,2026-02-03T13:07:00,501.44,cancelled
35cba07d-0345-4471-96fc-764fed471195,CUST0320,2026-02-03T13:14:00,3184.93,cancelled
a1148b0b-bd08-42c3-b153-4ba492197873,CUST0397,2026-02-03T13:21:00,1067.23,refunded
f20a3d74-98d1-44c5-8908-37e52a33832b,CUST0024,2026-02-03T13:28:00,2715.25,processing
62903555-61f5-47d3-9066-3aa5b4f30eaf,CUST0230,2026-02-03T13:35:00,844.18,processing
a80e5a96-10a1-491c-bb79-c93c369c6ac0,CUST0077,2026-02-03T13:42:00,92.19,completed
20872529-e44d-403d-8857-05bf7669bd05,CUST0299,2026-02-03T13:49:00,1968.55,processing
7ccdcdaf-4f09-4e67-8bdc-7a441a21670c,CUST0303,2026-01-01T01:34:00,-50,pending
ab12ae3a-4587-4de9-abcb-d1a51a75b356,CUST0007,2026-02-03T13:56:00,4990.39,pending
c95b37c5-0276-4523-aac9-0e4a0bd2b721,CUST0166,2026-02-03T14:03:00,3273.43,processing
9f39d9e7-bef2-4a0a-9e6d-ed31adc90d96,CUST0385,2026-02-03T14:10:00,2742.49,refunded
4a760645-beba-4ab6-ac8b-f1e369f4fdbb,CUST0156,2026-02-03T14:17:00,4965.85,pending
7d2e0b5a-3f94-45f0-a947-a27d2c3dc491,CUST0092,2026-02-03T14:24:00,2631.96,completed
a99fa71f-56e8-4b5a-bfec-75dc72ab1de1,CUST0478,2026-02-03T14:31:00,1485.42,completed
a664ba51-2e3d-495c-9114-164f126dd930,CUST0071,2026-02-03T14:38:00,2002.43,processing
4013fb44-ac41-4833-b818-a2f7d6ddee6c,CUST0264,2026-02-03T14:45:00,3953.35,pending
22e20956-3958-4de2-9492-3d324a833277,CUST0122,2026-02-03T14:52:00,3456.37,cancelled
8d98df88-5bb0-4c81-b369-a1770889e168,CUST0063,2026-02-03T14:59:00,1598.82,processing
87011564-ae32-43b9-bc19-2e7352d4d8fe,CUST0202,2026-02-03T15:06:00,2231.45,pending
a5082839-de6d-49f3-baba-9de75b418dff,CUST0323,2026-02-03T15:13:00,2182.41,cancelled
ae4270c5-f387-4514-817b-f4d1c7dfccb0,CUST0385,2026-02-03T15:20:00,4483.45,cancelled
f761d481-da3f-482d-8710-d70e75bd41bc,CUST0264,2026-02-03T15:27:00,4726.93,refunded
51eb2bd5-946a-4b1c-8ee7-c35ea16be4ea,CUST0334,2026-02-03T15:34:00,4291.11,completed
506140e2-2c6a-4f4c-989a-da4a5fbda333,CUST0390,2026-02-03T15:41:00,2946.06,pending
9635752f-3c68-4a8e-9bfe-9e686749a341,CUST0096,2026-02-03T15:48:00,4547.21,cancelled
0dd2bb3a-daf2-4e36-aeb6-286f7e59aa07,CUST0023,2026-02-03T15:55:00,4502.06,processing
1d8bdb33-df39-4ecc-888b-56af9aedb4e9,CUST0491,2026-02-03T16:02:00,2351.25,processing
2b72ae38-b2a7-4df6-9f84-ade2f73b23dc,CUST0455,2026-02-03T16:09:00,615.03,processing
4e1194dc-cd42-40b8-bdbc-8fccd9f4c544,CUST0243,2026-02-03T16:16:00,1020.56,completed
419668a7-23db-41df-9ff3-e2b52c0bd761,CUST0411,2026-02-03T16:23:00,778.67,processing
fa04abce-de2f-4411-ab34-6b908705d8b4,CUST0274,2026-02-03T16:30:00,2859.0,pending
14ab1ee0-d7cf-4cc5-9bf4-d77a6fd03e0d,CUST0326,2026-02-03T16:37:00,3640.62,processing
c30da760-1556-488e-b8f6-4b6449032835,CUST0156,2026-02-03T16:44:00,1096.96,pending
1f379150-9e5d-4c67-bde5-575e45af31e6,CUST0374,2026-02-03T16:51:00,4693.4,refunded
2f979e6d-2d58-4daa-8647-00a7eab9b00f,CUST0499,2026-02-03T16:58:00,1662.88,processing
eb33f51f-c14a-443f-867e-488b073841c0,CUST0385,2026-02-03T17:05:00,4673.5,pending
83b55dfd-e7a4-426c-bb51-3e2d23639150,CUST0436,2026-02-03T17:12:00,3705.38,completed
0a94415d-2f5d-4d45-8bf9-f69ef12e9f04,CUST0437,2026-02-03T17:19:00,4054.11,cancelled
e2599499-db3b-49d7-a8b4-73ca0e50f084,CUST0132,2026-02-03T17:26:00,3581.18,refunded
abcbf677-629f-453a-a7d2-12d7b94391fe,CUST0206,2026-02-03T17:33:00,1329.89,cancelled
2c2abbb7-db3d-4945-aeb8-4ffc244a1a07,CUST0056,2026-02-03T17:40:00,567.36,processing
58ef6eb8-aa9f-4a1f-8217-a4ce387b4b1c,CUST0340,2026-02-03T17:47:00,635.18,pending
09f7bff9-c78b-446c-9a0d-5abc9d6329a0,CUST0060,2026-02-03T17:54:00,2930.21,completed
b4b1e1c9-c30f-4570-898b-43522af4fcc5,CUST0086,2026-02-03T18:01:00,3577.05,processing
67c2c346-f2d5-4bd9-af66-b1671f81babb,CUST0324,2026-02-03T18:08:00,2924.24,refunded
27807aed-7bad-4650-a28d-21ff73f81d41,CUST0218,2026-02-03T18:15:00,2305.66,cancelled
0ef82f5a-1cd5-4a0d-8c2a-85ce53bbb285,CUST0052,2026-02-03T18:22:00,2662.93,processing
2ea8b1ef-e66e-4fd2-aa69-d5471776ed9a,CUST0142,2026-02-03T18:29:00,4521.19,completed
b2254690-51c0-4022-910f-8325ea17718b,CUST0410,2026-02-03T18:36:00,3930.83,processing
35dc9d1c-166d-499c-991c-805e4241398d,CUST0492,2026-02-03T18:43:00,2680.02,pending
6b99a5b6-20b0-4665-b9fe-006aa7ce0222,CUST0187,2026-02-03T18:50:00,460.21,cancelled
74f63e25-4352-46c6-b564-60b9127b5bdb,CUST0461,2026-02-03T18:57:00,381.02,processing
e6a997dc-61d6-403c-8753-a03b2ff7aa69,CUST0480,2026-02-03T19:04:00,655.56,pending
10c23e12-e38e-4cb8-9271-1398c6e76394,CUST0035,2026-02-03T19:11:00,2017.06,completed
899021ed-3ce7-4fb5-87da-3f7547955c80,CUST0213,2026-02-03T19:18:00,2259.71,pending
b7a2d3a7-2886-4712-af2e-260de9a01b6f,CUST0362,2026-02-03T19:25:00,455.34,cancelled
74092fcd-0022-4c54-9f3b-5f15f84403a0,CUST0209,2026-02-03T19:32:00,4431.48,refunded
7700955c-4ede-43f3-bf82-b8792e8df301,CUST0250,2026-02-03T19:39:00,4756.52,cancelled
d1fae415-2286-4242-8ac5-9897facbd94b,CUST0496,2026-02-03T19:46:00,3505.62,cancelled
98824221-c32f-4d39-b151-56c95f3d744c,CUST0366,2026-02-03T19:53:00,4307.27,cancelled
e576836d-fd1b-48fe-b38b-68fc51e6b3d6,CUST0007,2026-02-03T20:00:00,2831.67,processing
0c1b89ab-ff64-46e4-add5-28e17595ec03,CUST0408,2026-02-03T20:07:00,2790.79,cancelled
59ba908e-a8e2-46b1-b66a-a6ae3c245668,CUST0225,2026-02-03T20:14:00,3152.19,pending
69648b41-6cd0-43f8-bd09-cf6e5dd6ef8e,CUST0422,2026-02-03T20:21:00,2323.28,refunded
1785d814-5b9a-439c-ab78-de0a4f03672d,CUST0207,2026-02-03T20:28:00,4683.82,processing
36f060e2-5795-49be-a39a-cf0cbf89c05c,CUST0162,2026-02-03T20:35:00,1552.82,processing
90bf0876-9047-4cc8-b8b1-9f4c410e6d7f,CUST0314,2026-02-03T20:42:00,4307.99,refunded
06ecff08-ce12-46b8-b410-cb6470a422ec,CUST0361,2026-02-03T20:49:00,4087.11,refunded
c6ead395-376d-4b6d-b783-6f268553042e,CUST0026,2026-02-03T20:56:00,3922.15,pending
78a1d309-f362-45cb-9640-7f4bcc4a864b,CUST0127,2026-02-03T21:03:00,3855.61,refunded
a1cb8c86-d84a-46ea-a55a-e356feaf7dd1,CUST0254,2026-02-03T21:10:00,1480.73,pending
cdbf5bf5-4236-4f8c-829f-57d523e105fa,CUST0127,2026-02-03T21:17:00,3541.78,completed
41bf1a9c-cb5c-4043-a04c-d2fb29dfa55d,CUST0220,2026-02-03T21:24:00,4971.97,pending
2956a406-1062-4952-a613-bc7edee0e96c,CUST0040,2026-02-03T21:31:00,3115.29,refunded
d14bba2a-78cb-4932-b84d-21ad78c88f09,CUST0467,2026-02-03T21:38:00,1961.44,completed
92cda344-e7a9-4ff4-a787-27394c3506e6,CUST0061,2026-02-03T21:45:00,3905.52,cancelled
8d0a61f6-8789-4230-bc12-5624a5031392,CUST0238,2026-02-03T21:52:00,1644.19,pending
496e6b8b-613d-4be5-b070-b68425e9d49e,CUST0063,2026-01-01T00:26:00,-50,pending
953cede5-9a33-435b-9d4b-cc81685bb7e0,CUST0094,2026-02-03T21:59:00,985.89,pending
36a23c32-47c4-4f59-a2e3-f89d1239557b,CUST0096,2026-02-03T22:06:00,4043.76,pending
67a193ae-029f-4f82-9280-0a707c57d32c,CUST0491,2026-02-03T22:13:00,1608.59,refunded
8dfce75a-bff8-4785-a7fe-f5046b67db3d,CUST0197,2026-02-03T22:20:00,4674.3,completed
6fec3c87-53dd-4c7f-a873-e7ac60caa15f,CUST0228,2026-02-03T22:27:00,1079.85,refunded
f6ac3f94-79cc-46c2-a3a4-5c2e64b6bb9d,CUST0026,2026-02-03T22:34:00,2726.49,pending
c025a7a5-d66f-437a-b816-b634fe9afe4f,CUST0178,2026-02-03T22:41:00,2144.24,cancelled
9126c630-7a8e-40e9-a04d-6a4da0255cb2,CUST0241,2026-02-03T22:48:00,3884.77,completed
66b2495b-b033-4a4d-8a91-4785a1d3601c,CUST0451,2026-02-03T22:55:00,4376.81,cancelled
1dc7d0b6-4c06-4286-83cc-894e1e21de11,CUST0376,2026-02-03T23:02:00,633.03,completed
072b0a3e-a061-4a06-9210-5975b5450945,CUST0477,2026-02-03T23:09:00,4819.37,refunded
f424f0a3-6fa7-424a-ae62-5a8470142d08,CUST0324,2026-02-03T23:16:00,3525.45,refunded
ebb7a8d0-0e21-4ed4-b0f0-4816ff701ac4,CUST0358,2026-02-03T23:23:00,2903.14,cancelled
1aaac0ea-16c5-48eb-88b5-58980338a479,CUST0333,2026-02-03T23:30:00,3523.27,cancelled
e15962fc-866c-44cb-8e22-44d65ede29ae,CUST0323,2026-02-03T23:37:00,2570.54,pending
b27d8722-1aea-4405-9285-ba83c5d9bbe4,CUST0486,2026-02-03T23:44:00,2942.5,refunded
499a67f4-ec57-4ec2-afcd-9baa147a2094,CUST0174,2026-02-03T23:51:00,521.25,refunded
d2e078e8-1f92-4360-81f8-b4263573b922,CUST0071,2026-02-03T23:58:00,1836.32,completed
0b9822ab-d476-46a8-9e92-67ba3b94e979,CUST0340,2026-02-04T00:05:00,1499.08,processing
6091c234-5d48-404c-a24b-b1d7852d7158,CUST0395,2026-02-04T00:12:00,3795.46,pending
79904c86-b623-442f-b10a-531def1183f1,CUST0022,2026-02-04T00:19:00,3930.23,refunded
5cb46cc9-82f4-42f2-adba-92132b9a51c0,CUST0178,2026-02-04T00:26:00,1440.83,pending
ef1ec33f-ccb4-4ebb-b876-b2faf9026f9b,CUST0438,2026-02-04T00:33:00,3403.57,processing
63151837-acce-40c3-999c-399eace424a7,CUST0498,2026-02-04T00:40:00,2560.58,cancelled
634cb513-9d52-4499-adfc-73e2b4447397,CUST0271,2026-02-04T00:47:00,2206.21,refunded
a0fbb1b0-5526-457f-a745-b5d06063437a,CUST0347,2026-02-04T00:54:00,1770.35,completed
9385657a-d98c-4bec-b49d-cdd39aa85573,CUST0352,2026-02-04T01:01:00,1016.3,cancelled
375af300-9718-442d-9d15-106eb0efa81f,CUST0050,2026-02-04T01:08:00,4893.7,processing
8f3854a0-4b1f-4457-b417-f2d6a07d6d38,CUST0088,2026-02-04T01:15:00,3104.91,refunded
3d477183-9c43-4b9f-9bfa-3c022ed06962,CUST0219,2026-02-04T01:22:00,1395.84,processing
85478434-d6b1-48b3-a17d-80fbd9b9b0b8,CUST0483,2026-02-04T01:29:00,3782.74,refunded
59068030-b4df-4982-8225-c04527c146f2,CUST0254,2026-02-04T01:36:00,1151.82,pending
ab660411-a33e-4ec9-aac5-61f1af4794b6,CUST0006,2026-02-04T01:43:00,2467.7,pending
6764ddd1-7854-4040-8318-83064c546c61,CUST0499,2026-02-04T01:50:00,3220.89,processing
326bccc5-334f-442d-822a-7513d018102c,CUST0291,2026-02-04T01:57:00,2072.25,pending
68941f70-575c-448d-b612-1c7184b1ddc8,CUST0318,2026-02-04T02:04:00,2456.36,pending
2d8f1213-9991-4aca-b02e-c9828291b924,CUST0426,2026-02-04T02:11:00,4273.99,pending
efaea5f9-b05e-4edc-b40f-c5a2b487eafa,CUST0476,2026-02-04T02:18:00,2640.61,completed
426cb796-0f21-4ad6-b103-542b19fcb41d,CUST0280,2026-02-04T02:25:00,4238.21,processing
96521659-c9a3-416a-9dda-16d3b2ca301c,CUST0075,2026-02-04T02:32:00,1347.67,pending
1d259075-496c-4df9-9c6f-0a9bb8058b20,CUST0393,2026-02-04T02:39:00,2624.48,pending
e212f441-adce-43d3-bd8f-ff475c34cc5d,CUST0339,2026-02-04T02:46:00,4622.03,cancelled
b30bfe6e-8f0b-42fa-941b-ec8f38774834,CUST0030,2026-02-04T02:53:00,3375.51,completed
f315c166-0059-4272-9026-3aa6a8ca5e80,CUST0115,2026-02-04T03:00:00,283.07,refunded
138570c1-e1ba-4114-a331-1b701c2e0e70,CUST0385,2026-02-04T03:07:00,324.37,processing
52a219fc-73df-4ed9-9450-5f9e7382d7ad,CUST0152,2026-02-04T03:14:00,117.73,refunded
3c2a9670-2125-4700-8135-e6dd504106ae,CUST0442,2026-02-04T03:21:00,2393.72,cancelled
3dc995ed-2f24-47b2-9b0e-c6fbbf2025d0,CUST0421,2026-02-04T03:28:00,2718.15,completed
26a1f749-a663-4094-b580-5b12d570dd9a,CUST0336,2026-02-04T03:35:00,2992.51,completed
993873eb-e8d2-4815-98bd-62613828ad15,CUST0200,2026-02-04T03:42:00,1662.0,refunded
f40d66cd-1cb3-4e2c-bd13-7a2c06e0d0ae,CUST0078,2026-02-04T03:49:00,2892.75,processing
e16f8f5d-5bac-4a81-91e8-d4859374a960,CUST0202,2026-02-04T03:56:00,2704.34,refunded
d7bbdf29-834b-4835-982e-2f92101411dc,CUST0338,2026-02-04T04:03:00,3953.12,refunded
6ff4de01-f26e-4687-b2ee-00ce7e033c25,CUST0154,2026-02-04T04:10:00,3202.45,cancelled
e41fd692-27c5-4f88-9e1f-8b9fe9c69e71,CUST0112,2026-02-04T04:17:00,3078.16,pending
af815d84-60ce-4504-80ed-28c131dfb2cf,CUST0059,2026-02-04T04:24:00,2414.68,refunded
f7545d58-7fca-41a5-8aac-b0375ebd9096,CUST0300,2026-02-04T04:31:00,13.04,refunded
089c850d-61a5-4b7c-88cc-02471c0f06fc,CUST0453,2026-02-04T04:38:00,4928.81,refunded
620538ef-9463-4bf8-98ba-cbb9c81b6b9d,CUST0264,2026-02-04T04:45:00,557.19,refunded
a4451556-999d-45c1-883c-f4cb02e820b8,CUST0290,2026-02-04T04:52:00,4550.92,processing
ec42a885-ea8b-4d5d-82dd-3b9d7b393ba7,CUST0477,2026-02-04T04:59:00,4621.05,refunded
67243afa-3343-42ff-8821-fab9940c0a07,CUST0379,2026-02-04T05:06:00,1175.73,refunded
35796354-d322-4075-97be-d1b672cb31b3,CUST0112,2026-02-04T05:13:00,2217.02,cancelled
d6429a2a-e623-4d3c-b4af-0005ebdc1c95,CUST0262,2026-02-04T05:20:00,128.7,pending
bf26e298-6567-423f-89e2-6435b2b2a0d8,CUST0433,2026-02-04T05:27:00,1891.39,completed
38ff20cd-e06f-418d-93ca-cb147865f914,CUST0255,2026-02-04T05:34:00,3001.65,processing
351d479c-8dbd-4b30-94b0-6f04b9cf91c6,CUST0095,2026-02-04T05:41:00,3308.17,processing
59185514-b122-42c0-b6bd-e3c429786253,CUST0366,2026-02-04T05:48:00,4376.19,processing
10a97044-cc2f-4601-894c-691270fce4ad,CUST0342,2026-02-04T05:55:00,2637.07,pending
3689f257-5a05-42c7-b7ea-b40a3b6dad46,CUST0492,2026-02-04T06:02:00,205.0,refunded
f442a3a9-313d-4966-b23d-03c4c8205fa4,CUST0056,2026-02-04T06:09:00,179.73,pending
32411fda-028f-47fe-b8ff-215de295335b,CUST0071,2026-02-04T06:16:00,1749.0,refunded
b1d3b160-695f-42d3-84a0-f12908419fcc,CUST0482,2026-02-04T06:23:00,1377.16,refunded
d83cd519-c91e-4d2d-b193-1f1f9bffcd6c,CUST0365,2026-02-04T06:30:00,317.91,completed
ae3dd1ba-dc0d-4538-adac-824489a86eb6,CUST0187,2026-02-04T06:37:00,1684.89,completed
acb27e73-0598-459e-ba52-b3dda4d28aac,CUST0137,2026-02-04T06:44:00,4273.2,cancelled
0407e671-a469-4cd5-a88a-8f6a9551fd12,CUST0433,2026-02-04T06:51:00,4674.86,pending
6024ef1b-8ac3-444b-addf-d5e1caf6a38f,CUST0242,2026-02-04T06:58:00,2107.62,cancelled
6779cca8-746a-4355-9c58-e324703e5286,CUST0194,2026-02-04T07:05:00,1510.56,pending
6ad9710e-6a37-4c2f-b188-99eee1663dfa,CUST0062,2026-02-04T07:12:00,3433.22,refunded
e42b7ea3-5cd2-44bd-99a3-6d5475618055,CUST0267,2026-02-04T07:19:00,3076.86,cancelled
cd774363-93a0-4a4e-8088-97b7ab2c8a10,CUST0144,2026-02-04T07:26:00,2943.96,pending
a1c71dbf-4922-4328-9b70-1e381ce06567,CUST0089,2026-02-04T07:33:00,750.85,pending
de79751f-8d3b-4d74-bc1c-7580bb8718af,CUST0394,2026-02-04T07:40:00,4102.52,processing
481d3976-d757-4f68-8b55-cd62f6530f49,CUST0290,2026-02-04T07:47:00,2956.07,refunded
3509c2c3-d030-448c-8bbf-74fcdb5b987a,CUST0202,2026-02-04T07:54:00,89.48,refunded
7900deef-5957-4375-aef4-65e63bcf1539,CUST0433,2026-02-04T08:01:00,4304.73,processing
eac6e3aa-ef29-4ea9-838a-c4dfbcb64268,CUST0022,2026-02-04T08:08:00,2667.93,cancelled
bb58d9a8-69e8-475e-a603-2e2b86566fb7,CUST0186,2026-02-04T08:15:00,2089.97,cancelled
c225f954-4382-4053-9ea5-02f5eaef4e76,CUST0328,2026-02-04T08:22:00,938.56,cancelled
e16a1a5c-7d9a-4807-9629-042eadbf5ac7,CUST0232,2026-02-04T08:29:00,455.41,cancelled
7d298980-2478-49e5-98da-60e0ff66c702,CUST0213,2026-02-04T08:36:00,1648.14,refunded
39398e4a-bb7a-4c10-82d8-c80c15d71fa7,CUST0320,2026-02-04T08:43:00,3289.11,processing
566f7843-3fa7-4d35-bc3b-bb2ad6bbb68a,CUST0446,2026-02-04T08:50:00,2784.77,refunded
e79ae83d-95a3-4858-b83b-792dc3093746,CUST0009,2026-02-04T08:57:00,1634.37,cancelled
,,not-a-date,abc,
1a6dd58d-b904-4361-8a1e-070b96bb6c5f,CUST0442,2026-02-04T09:04:00,1727.4,cancelled
c396529d-c19e-4d54-b4e9-04bbe650d338,CUST0477,2026-02-04T09:11:00,735.3,cancelled
8e998723-a98d-4c60-809f-24ec30967627,CUST0349,2026-02-04T09:18:00,1157.99,pending
5a0c4f40-ed6d-481f-84da-f5c205be6739,CUST0139,2026-02-04T09:25:00,1927.48,processing
ccb8e2ba-086e-4820-9f06-9cb56b7a0e23,CUST0077,2026-02-04T09:32:00,1555.11,cancelled
d6d8b3c6-2f9c-417c-8fc7-aa677a42455d,CUST0053,2026-02-04T09:39:00,3154.28,cancelled
ac10ac91-88d4-4612-882e-2fa95d769f45,CUST0340,2026-02-04T09:46:00,3002.37,cancelled
796ebd3a-589a-4d2a-bd49-7724c4d26bab,CUST0116,2026-02-04T09:53:00,2402.25,pending
f7a24060-cb2f-4496-bc58-7076d959018f,CUST0341,2026-02-04T10:00:00,4153.52,processing
dee26b30-1cfd-477e-9df4-e49cfdc95bfb,CUST0309,2026-02-04T10:07:00,3356.53,cancelled
fa1de250-3325-4c6e-840b-0a03c3decf95,CUST0225,2026-02-04T10:14:00,2772.24,processing
53c776c4-1500-4ceb-9194-32efe9b1464d,CUST0426,2026-02-04T10:21:00,4882.35,processing
0226395c-26aa-4894-b48d-2d27c4918bed,CUST0022,2026-02-04T10:28:00,937.34,pending
7f74ac8d-2fe2-4db3-8e50-9f26a7df7a47,CUST0214,2026-02-04T10:35:00,4231.65,cancelled
e7a58b7e-6a3c-4705-b36c-eec80f757dc7,CUST0161,2026-02-04T10:42:00,4105.68,pending
f87d1df8-5298-45ac-bd6b-c64fb49b3fe4,CUST0482,2026-02-04T10:49:00,2675.31,completed
073be153-1c4b-45cb-b550-7c1f07e86d3d,CUST0154,2026-02-04T10:56:00,1129.33,completed
8a37dcd7-740d-451d-bbe7-d8799a0f28de,CUST0197,2026-02-04T11:03:00,3211.97,cancelled
365462e1-cd75-406a-bda9-c6c29c057bb3,CUST0496,2026-02-04T11:10:00,639.76,refunded
f4e799ce-7589-4ab5-a54d-09b55d8ede7f,CUST0229,2026-02-04T11:17:00,1762.18,completed
b7c83bc3-c885-42ba-84ea-9452caa9d087,CUST0422,2026-02-04T11:24:00,4508.1,pending
62afbd7d-7641-44d5-a4ea-81820aa0bc8a,CUST0192,2026-02-04T11:31:00,3233.69,pending
bd8c5a45-72ec-4a6a-b35d-658ea7608c13,CUST0331,2026-02-04T11:38:00,91.59,processing
f599fb97-d953-4c7f-ae4d-727156267b10,CUST0189,2026-02-04T11:45:00,142.67,completed
e8801db9-10ca-4eb7-a57a-5a1f0df20a4d,CUST0362,2026-02-04T11:52:00,3118.75,completed
c0e772eb-5ae5-4a1d-b440-083fee3d4714,CUST0026,2026-02-04T11:59:00,2260.34,completed
4e68d2f4-d98b-497e-a4fd-da3057ba63c4,CUST0371,2026-02-04T12:06:00,2220.96,pending
9ac52dfc-64fc-44e5-9822-69b760962e39,CUST0426,2026-02-04T12:13:00,3832.45,completed
b2a5a21b-b855-4b29-a004-03dc20bca3c5,CUST0311,2026-02-04T12:20:00,4847.33,processing
82baef8a-77b1-45b6-84b4-b3f6e6c474dc,CUST0023,2026-02-04T12:27:00,222.69,refunded
d1b523ac-69a7-4d22-aa1d-1f4b954f3a26,CUST0215,2026-02-04T12:34:00,3422.79,completed
db2d8032-7329-4bec-833d-1a5787c256dc,CUST0471,2026-02-04T12:41:00,3909.11,refunded
5406658c-65cb-4e38-bdf6-b08a4f3950ee,CUST0044,2026-02-04T12:48:00,4474.26,pending
fc7c26ea-35d5-439c-a9c1-7abf354258f0,CUST0402,2026-02-04T12:55:00,1506.11,completed
7557e21c-cc6e-4a70-863d-e7cc2cb22e48,CUST0336,2026-02-04T13:02:00,523.32,completed
40733364-38d6-455f-a764-6c30b50a955d,CUST0108,2026-02-04T13:09:00,454.01,cancelled
90ba9b09-5c5b-41d6-8f92-4134fda7c829,CUST0355,2026-02-04T13:16:00,4251.1,cancelled
7e0d22d9-ac25-4ea6-a333-5f949974773d,CUST0044,2026-02-04T13:23:00,1718.23,cancelled
f00597ae-db5a-4009-a734-23147fe516d0,CUST0337,2026-02-04T13:30:00,1425.74,refunded
b05ca94d-c8bb-4e8d-8f55-0a9d565e8a38,CUST0281,2026-02-04T13:37:00,312.67,cancelled
71fc6a02-0d78-490c-aede-14e11bb4c161,CUST0138,2026-02-04T13:44:00,3270.85,completed
38a51dcb-e74b-447e-a939-2da3356ddacf,CUST0490,2026-02-04T13:51:00,2834.11,completed
d56f2dfe-a705-4b67-8ed2-9373448f7444,CUST0180,2026-02-04T13:58:00,756.38,cancelled
875e1c87-430d-4206-8421-2c1b2b08f300,CUST0025,2026-02-04T14:05:00,3585.64,pending
4a02fdfa-3fdd-440b-81d0-68bdc4fef273,CUST0305,2026-02-04T14:12:00,311.51,cancelled
3bab4193-5f16-47ff-9575-c352f610e449,CUST0238,2026-02-04T14:19:00,389.82,processing
792eee8a-82e0-4c48-afeb-528770367cbc,CUST0293,2026-02-04T14:26:00,743.9,pending
326cde32-5cde-4f24-ba0a-80dd415aea89,CUST0245,2026-02-04T14:33:00,441.34,pending
ed68256a-86d4-42f9-9491-d9d9f739d313,CUST0230,2026-02-04T14:40:00,2020.87,cancelled
58eda9a0-da0a-4e50-b096-91d61519c16b,CUST0193,2026-02-04T14:47:00,4504.85,processing
2babbf15-9dc5-497c-b6a7-c0cfddb9625c,CUST0364,2026-02-04T14:54:00,48.33,processing
2b85dd73-af74-426b-ab1c-855e5da557cf,CUST0332,2026-02-04T15:01:00,666.08,completed
05f3f05a-3ea9-434e-ac67-3c0d8fb93a4a,CUST0361,2026-02-04T15:08:00,1914.3,refunded
c7a588b9-f108-4868-b178-68cf453a838c,CUST0031,2026-02-04T15:15:00,4772.26,completed
92ef61fb-5678-4643-9413-adcde8098dea,CUST0300,2026-02-04T15:22:00,1341.92,refunded
4ab676ea-8563-4fe9-bd1d-815019cf3629,CUST0050,2026-02-04T15:29:00,109.84,pending
4fea98ee-879f-47fc-a652-c05799714d9b,CUST0285,2026-02-04T15:36:00,1697.39,processing
fdaf9705-bc53-43c7-8ee3-3d3cae33ac1b,CUST0228,2026-02-04T15:43:00,4974.95,completed
fdc83978-6e1c-4f09-9bc4-899f56419e02,CUST0195,2026-02-04T15:50:00,997.22,refunded
265d519e-bb3e-476e-a32d-e7275dffe2a8,CUST0057,2026-02-04T15:57:00,2583.37,completed
7ddd2dc5-dae5-4cbc-8677-6a348e2781ef,CUST0114,2026-02-04T16:04:00,793.33,cancelled
fdbda1ad-0621-4e8e-b48d-8b02f2f82403,CUST0048,2026-02-04T16:11:00,3157.79,refunded
2c5b3b6a-e42b-41a9-99f4-d5503fe1f00e,CUST0498,2026-02-04T16:18:00,1374.19,refunded
751a710a-dfc6-48d6-9e57-80b532319080,CUST0430,2026-02-04T16:25:00,2992.07,refunded
7ccd9e19-3092-46e7-ad1b-432c3cf5fb16,CUST0356,2026-02-04T16:32:00,1664.51,processing
a97c7d01-6d81-41f1-9484-d029dfdbe3b3,CUST0449,2026-02-04T16:39:00,4697.94,processing
5a4916a2-0de4-41c9-b0c3-37bf85fef72b,CUST0156,2026-02-04T16:46:00,1687.93,processing
941c7641-201b-488c-b01e-263d580d6e73,CUST0177,2026-02-04T16:53:00,3561.42,pending
fb2816ba-1489-4965-8bb2-d48e97653dd8,CUST0427,2026-02-04T17:00:00,3592.28,refunded
88a170d4-974f-4398-938f-0217dca492b8,CUST0151,2026-02-04T17:07:00,3373.05,cancelled
a888ead9-c13c-440e-bd09-b2e89ee2bf58,CUST0136,2026-02-04T17:14:00,2850.49,completed
05403d22-4d0d-4f08-aaea-eec9862643e1,CUST0188,2026-02-04T17:21:00,3635.84,pending
c2fd6380-fa6c-4424-b625-395cc7ce43a0,CUST0190,2026-02-04T17:28:00,2234.2,pending
c00eb5b5-f2a2-41e7-a2e4-e3542581138e,CUST0430,2026-02-04T17:35:00,3614.57,cancelled
ab0ba479-f779-4103-a5fd-2d77f8bb98a1,CUST0312,2026-02-04T17:42:00,868.51,completed
9fff5886-9fc2-47cd-b75d-04329dbaf2b6,CUST0071,2026-02-04T17:49:00,4732.83,refunded
62b1a8ed-11af-4a67-b115-091542fd6212,CUST0269,2026-02-04T17:56:00,2846.24,processing
497218b0-c6b6-4378-8ab6-7a5963c582d4,CUST0465,2026-02-04T18:03:00,2472.72,cancelled
ea5c7045-84ac-44e2-86c1-4dc76e1357cb,CUST0032,2026-02-04T18:10:00,4598.73,completed
664d424b-ab71-424e-a007-2f9e2ad6e264,CUST0436,2026-02-04T18:17:00,4142.6,processing
5da8f99f-af59-4770-b3a8-8bcea98a9624,CUST0358,2026-02-04T18:24:00,845.7,processing
c33841ba-c043-4cd7-819a-8955916ecafb,CUST0168,2026-02-04T18:31:00,1234.01,cancelled
6445da52-b80c-4016-b1e2-47bd717255ed,CUST0339,2026-02-04T18:38:00,1676.08,pending
bcfd9d0e-2500-4844-a080-bb8f2654da62,CUST0448,2026-02-04T18:45:00,877.85,refunded
f581570e-7835-4a7f-9c2d-9fceb16319ca,CUST0109,2026-02-04T18:52:00,204.03,cancelled
fd1eae14-c3d3-4d5c-8c42-b328193651e5,CUST0175,2026-02-04T18:59:00,3934.16,processing
be06cf46-b947-426b-ab8e-82ee42e7438f,CUST0195,2026-02-04T19:06:00,2482.21,completed
807011f4-526c-4ee1-8010-ecb6c2f562b0,CUST0067,2026-02-04T19:13:00,2344.65,processing
18451213-c9ca-4bb0-8a30-b0fb5d984783,CUST0426,2026-02-04T19:20:00,4925.49,processing
f57b3b11-a985-47a4-85b1-23ce43d3ad13,CUST0205,2026-02-04T19:27:00,3912.93,completed
699c6b53-791a-4141-9d30-a7ae8a3ee1b6,CUST0357,2026-02-04T19:34:00,4649.14,cancelled
2da646a5-0727-45a2-adbd-97c14663d3b7,CUST0132,2026-02-04T19:41:00,377.58,pending
9d7fe919-38b0-4a74-bda8-b586c07ce4f1,CUST0464,2026-02-04T19:48:00,3185.33,completed
6af8ae45-1fa5-4e23-bb70-d6d87b5f9368,CUST0025,2026-02-04T19:55:00,2325.27,pending
33d4c7c3-8473-4d2d-83be-1a1bff53cd1c,CUST0352,2026-02-04T20:02:00,697.69,completed
089a9871-b442-4c07-8a7b-cccecd389e12,CUST0287,2026-02-04T20:09:00,349.8,processing
af6b7fc6-3c1c-4e56-94b2-a680e623c969,CUST0038,2026-02-04T20:16:00,4962.8,completed
45f641f1-ba2b-47a2-9a16-3c0e8adb13d5,CUST0013,2026-02-04T20:23:00,4797.76,completed
a083b4c8-d103-4687-8709-a0a8049b7392,CUST0113,2026-02-04T20:30:00,3714.91,completed
16db9059-2b7e-475b-ad7f-0454b3f2488c,CUST0158,2026-02-04T20:37:00,3370.97,processing
6c64a111-a510-4c5f-a36a-58d4e5727984,CUST0021,2026-02-04T20:44:00,4076.78,cancelled
49d8a055-fb5e-4371-bee1-dfaa7caece8b,CUST0297,2026-02-04T20:51:00,1494.98,pending
a33d22fd-be05-4938-a41d-c476f3a5821d,CUST0491,2026-02-04T20:58:00,4300.64,completed
0cb74fb6-29c6-4fb3-acc9-c2468fc15a93,CUST0145,2026-02-04T21:05:00,2726.32,refunded
64242811-6164-46f9-83db-f9164ec2fda3,CUST0046,2026-02-04T21:12:00,3082.2,processing
aab0d72a-619a-41a0-983a-f4fbf868dd48,CUST0122,2026-02-04T21:19:00,452.73,completed
ce8ba118-f825-4808-b220-66bd160cb43d,CUST0350,2026-02-04T21:26:00,1875.38,refunded
aa4bb0dd-db92-4922-99a0-ae81ebdb6ef9,CUST0001,2026-02-04T21:33:00,337.31,completed
d3b4b417-ea58-416b-8206-81347c997ce4,CUST0025,2026-02-04T21:40:00,4402.84,pending
8a724015-824a-4337-ab1d-233695a89bc4,CUST0124,2026-02-04T21:47:00,459.76,cancelled
9e249405-1d65-4195-b21f-cce4322aac87,CUST0396,2026-02-04T21:54:00,271.56,processing
00e70e14-f80d-49c0-9b5a-bcd21115b5ff,CUST0181,2026-02-04T22:01:00,898.03,pending
ab47a4bf-af42-4b82-8a58-a20eb1714a9e,CUST0139,2026-02-04T22:08:00,1905.05,processing
a58b0411-299d-4e2e-b8b2-7f19a32a17c8,CUST0066,2026-02-04T22:15:00,3487.35,refunded
1b8a6720-578a-4cc7-af01-8f1afa2d856a,CUST0404,2026-02-04T22:22:00,1914.67,completed
06cd3cdb-3cfb-4611-a781-8467597ed783,CUST0276,2026-02-04T22:29:00,2764.19,refunded
08241460-a9e9-449f-a7e8-b9ad594a915f,CUST0475,2026-02-04T22:36:00,775.32,refunded
c0a741b4-c91a-4b60-8a99-9a01979e1b38,CUST0243,2026-02-04T22:43:00,3222.93,cancelled
745e79ae-afba-42bd-9ba4-965e9b3c2cab,CUST0189,2026-02-04T22:50:00,869.07,processing
9e8a3fd8-940a-483d-8883-81db0fdd3493,CUST0239,2026-02-04T22:57:00,3314.71,cancelled
3541ace0-ab0b-4bb1-ba41-7b0d1db6bca3,CUST0258,2026-02-04T23:04:00,2547.36,processing
d3a823e2-4533-4c66-aa6f-2e7282e8eb40,CUST0420,2026-02-04T23:11:00,3042.52,cancelled
b257a122-5684-42f8-a577-984f26dbde41,CUST0200,2026-02-04T23:18:00,4005.07,completed
97d84d46-9997-4671-bb5d-1ca82c3962bf,CUST0089,2026-02-04T23:25:00,2743.02,completed
63e30589-29f1-4c64-9d1a-d88d34fdffab,CUST0477,2026-02-04T23:32:00,3095.12,processing
3aafc82c-757a-417d-be85-35a2171a38ac,CUST0153,2026-02-04T23:39:00,4460.95,completed
3b62924a-dd65-478a-ba75-0c3626e598e5,CUST0060,2026-02-04T23:46:00,1411.21,processing
68377791-6feb-463c-912c-7e1027de7d43,CUST0255,2026-02-04T23:53:00,4734.1,completed
1373ce3b-7556-43a6-ba6c-093fed28e937,CUST0377,2026-02-05T00:00:00,2391.44,refunded
dc6a0800-cb05-45a8-8762-919890541b74,CUST0414,2026-02-05T00:07:00,3847.22,refunded
b944f076-51b8-4795-8f4e-ca93bd687231,CUST0070,2026-02-05T00:14:00,4863.11,processing
a0d1c8ab-7fdd-4853-84d3-f39bac6a2812,CUST0455,2026-02-05T00:21:00,4162.04,refunded
2ef6d101-6871-49f6-b117-ec607d0c8529,CUST0475,2026-02-05T00:28:00,2137.97,pending
4d5f09a8-40ba-4d4e-8d14-01505c954cc3,CUST0336,2026-02-05T00:35:00,3611.6,cancelled
b3bc5fe7-ecf3-4054-9fe0-35ba25f23481,CUST0212,2026-02-05T00:42:00,700.01,refunded
f8035f37-01f4-46e1-af88-d90051c74277,CUST0316,2026-02-05T00:49:00,3253.84,processing
83d58767-78d1-4889-9e85-fea5321ef373,CUST0374,2026-02-05T00:56:00,2081.05,refunded
61a18b24-15e3-4715-8313-8dfa92ad3fb7,CUST0234,2026-02-05T01:03:00,3887.2,refunded
e0db3db5-35a3-4efe-a17d-e663a8a1253b,CUST0431,2026-02-05T01:10:00,4424.59,processing
dcc74cbe-aa47-41af-89c0-f4670746e1f3,CUST0175,2026-02-05T01:17:00,3390.6,refunded
c777ef8f-bce3-4c5d-8f53-4776269e203d,CUST0119,2026-02-05T01:24:00,2548.67,refunded
c0ba8f05-8784-410b-8cc5-421b36af6a65,CUST0433,2026-02-05T01:31:00,1257.1,refunded
efffbbf9-8b3b-4392-95b8-c6a818d95550,CUST0065,2026-02-05T01:38:00,4645.62,refunded
c4f8a6bc-697f-455c-b345-9c0dbcf9d43a,CUST0238,2026-02-05T01:45:00,3337.26,completed
84f5e904-d2c6-4fb4-a8f5-408ef192d1bd,CUST0495,2026-02-05T01:52:00,870.39,pending
b1fa5a4c-8ec5-4841-9f49-8b439b69a60d,CUST0281,2026-02-05T01:59:00,2415.54,refunded
52436b46-1dd2-426f-b4c7-f27d59e153a6,CUST0182,2026-02-05T02:06:00,3593.18,cancelled
e9b59cfd-b7b1-4614-ab0c-6548a4e96a57,CUST0129,2026-02-05T02:13:00,278.05,processing
62256568-fccf-4660-93d8-4a0c2ed6bba3,CUST0056,2026-02-05T02:20:00,4724.74,cancelled
f80e334d-2ea4-4e0e-942d-eccd7626d379,CUST0231,2026-02-05T02:27:00,1748.48,pending
88d352fd-adbd-418a-a7e3-2bf063e80c28,CUST0248,2026-02-05T02:34:00,169.62,refunded
ce941442-118b-4baa-b8d8-a15a66eb809f,CUST0179,2026-02-05T02:41:00,4377.4,completed
c5f331bd-6fdd-49c6-9fea-cb4912703c5a,CUST0150,2026-02-05T02:48:00,562.5,pending
f812a5e6-9b75-41ba-b74c-ab23440f20a1,CUST0452,2026-02-05T02:55:00,815.24,completed
9c8efd49-517c-4f96-9957-08d12a3cdc6a,CUST0456,2026-02-05T03:02:00,4659.19,completed
046ad99b-88af-40d2-94e5-0f4064a7b8be,CUST0050,2026-02-05T03:09:00,4625.11,refunded
194699b0-091d-491d-9bca-6ab328ddb4ba,CUST0270,2026-02-05T03:16:00,3579.44,completed
5333d7cf-47e2-4f49-b378-79b027d19f86,CUST0491,2026-02-05T03:23:00,4109.17,pending
6cd592b5-1560-4094-b77d-fd799a98db2e,CUST0313,2026-02-05T03:30:00,3950.08,processing
07c464e3-75c6-4825-8708-4bf1bab0f6a1,CUST0206,2026-02-05T03:37:00,4063.34,completed
9955b971-ebf0-4fa2-894e-dbc4ede930e6,CUST0225,2026-02-05T03:44:00,4059.42,cancelled
631c7317-b30b-4cc8-8f88-e09bd84525eb,CUST0113,2026-02-05T03:51:00,4053.27,completed
610e3ade-96a1-4cd5-81f0-ea19fb0347f6,CUST0088,2026-02-05T03:58:00,634.02,cancelled
49f835c8-12cb-4664-aebc-92185097d222,CUST0015,2026-02-05T04:05:00,2514.48,cancelled
92e58b54-2469-4f77-870d-b8c0d062db43,CUST0133,2026-02-05T04:12:00,1369.34,refunded
0c26bf11-020e-412b-9997-6cda9e550878,CUST0345,2026-02-05T04:19:00,1684.16,pending
3009465b-5025-4840-9a70-d94408a17c31,CUST0147,2026-02-05T04:26:00,3764.02,cancelled
7c2a908e-290d-4217-9608-52417eaa5f2b,CUST0193,2026-02-05T04:33:00,2715.59,pending
c4b7a35f-6542-46b0-8204-ee4658e5f371,CUST0244,2026-02-05T04:40:00,973.29,cancelled
e82dcfe4-5f64-4644-b344-9361efbf012d,CUST0091,2026-02-05T04:47:00,2198.77,cancelled
05d806cc-13da-4adf-bb79-4d7c23c7a5f6,CUST0449,2026-02-05T04:54:00,1377.6,completed
4920b61e-3c00-4bc7-9e63-03088d1a63ac,CUST0272,2026-02-05T05:01:00,3661.55,refunded
fa67b8cd-2a2b-40c1-a835-a8ae5f9911d5,CUST0413,2026-02-05T05:08:00,2108.28,processing
5e5a617f-1736-4899-af98-5ff192ade813,CUST0261,2026-02-05T05:15:00,3780.22,pending
a70ce8f3-ccf4-403c-93f2-cae786618c28,CUST0150,2026-02-05T05:22:00,3644.57,completed
93e366ac-cb47-4728-bfeb-3fef07ba9331,CUST0359,2026-02-05T05:29:00,3277.39,completed
07d946fa-b1e8-4be3-ac7d-dd72d70f10be,CUST0242,2026-02-05T05:36:00,530.43,completed
4b49a054-b528-4358-9a4a-435aacd4b0a0,CUST0264,2026-02-05T05:43:00,3031.99,pending
e3a71ae2-7008-4c29-a256-b39efd18f9d9,CUST0327,2026-02-05T05:50:00,2502.81,pending
76fffc1a-f311-4bcd-b017-bae74213b6f8,CUST0252,2026-02-05T05:57:00,4603.24,processing
b8fc3f1b-83c7-4b24-8db0-d892b1cac4f1,CUST0232,2026-02-05T06:04:00,1572.85,processing
14615c4e-5a66-4916-ba29-f0b73e0bc31c,CUST0196,2026-02-05T06:11:00,3556.29,completed
21486545-9514-4cb6-b881-b3cb553cdc2f,CUST0207,2026-02-05T06:18:00,3220.86,cancelled
b1f816ac-300b-483a-ad91-e277f39a5164,CUST0419,2026-02-05T06:25:00,3467.56,refunded
47235cec-74a2-43f7-aa08-38e11b0f3a30,CUST0367,2026-02-05T06:32:00,2391.5,completed
2d869257-e14c-4a11-a5a5-70e3a5f12930,CUST0151,2026-02-05T06:39:00,1800.13,processing
73bf76fd-db42-4063-9f1a-df5c24a13efb,CUST0334,2026-02-05T06:46:00,4910.53,pending
ed364421-c8c4-4e82-bab4-9822c824f875,CUST0291,2026-02-05T06:53:00,2687.9,refunded
bbd61dcb-5068-4c84-b798-bdb608943554,CUST0445,2026-02-05T07:00:00,982.87,processing
834b8491-24bb-4f4f-8934-ee9c961a48a8,CUST0415,2026-02-05T07:07:00,2439.41,processing
63a98cfa-6462-432a-9fdb-cef46f13b289,CUST0138,2026-02-05T07:14:00,244.02,completed
7d83f49b-638d-456e-9d38-ceb1253f39bf,CUST0494,2026-02-05T07:21:00,774.04,pending
b62b1f69-e66a-4be0-a4e6-308ed1a35cd2,CUST0096,2026-02-05T07:28:00,1250.99,completed
24208686-da48-4544-865e-7f164641d91b,CUST0332,2026-02-05T07:35:00,4483.94,processing
677621e4-7053-4cc6-905f-7cccc6aaf448,CUST0449,2026-02-05T07:42:00,1937.6,refunded
f6ecae19-c25d-4676-a56c-db66fa133a40,CUST0304,2026-02-05T07:49:00,4700.41,completed
23fdc667-ae80-4dba-8bdb-251c8e418510,CUST0493,2026-02-05T07:56:00,3470.57,cancelled
f65b2f0f-d50b-4ddf-9506-78a490d15ce5,CUST0333,2026-02-05T08:03:00,3744.94,cancelled
8f16e572-e111-4a89-9c92-ee8f18fe6fc3,CUST0397,2026-02-05T08:10:00,1137.98,pending
4816e9d1-0ae6-42c0-af1d-9a686b1656d5,CUST0049,2026-02-05T08:17:00,4997.94,refunded
420e3051-5a14-4daa-9df5-99ef7cd82582,CUST0470,2026-02-05T08:24:00,2312.29,cancelled
229f3036-f65b-4635-9412-2047e40e5594,CUST0192,2026-02-05T08:31:00,1445.35,completed
deae030f-5b68-46ec-8560-ad9b23fe4a82,CUST0259,2026-02-05T08:38:00,1049.39,cancelled
c62e8fc2-65d0-4f2f-b4a5-1781b7863c45,CUST0386,2026-02-05T08:45:00,4645.76,processing
c3853b4b-11b0-4524-a4fa-1e90fc04e347,CUST0253,2026-02-05T08:52:00,493.8,completed
06064dfa-08b5-4e2c-982e-e5184e2e5e0a,CUST0277,2026-02-05T08:59:00,2161.04,refunded
b7503456-d80b-4e5a-9275-f753f453a6fb,CUST0023,2026-02-05T09:06:00,2940.37,pending
a3449823-caaf-44e3-9f36-b1c6b91d60c4,CUST0008,2026-02-05T09:13:00,1671.0,cancelled
16e9c6a0-34de-4432-816d-3f744c8ebb71,CUST0214,2026-02-05T09:20:00,569.1,pending
3119d36a-245a-419b-af4f-0f28a9de02b2,CUST0159,2026-02-05T09:27:00,1199.31,processing
f84a862b-12af-4ad1-b5b5-db9329b0bc16,CUST0131,2026-02-05T09:34:00,780.08,processing
982fee5b-5e7b-4405-b9cd-718c77c2bb8f,CUST0117,2026-02-05T09:41:00,2981.71,processing
0473ca13-2751-4e7b-9e3e-6a0582e7ba84,CUST0109,2026-02-05T09:48:00,2747.18,cancelled
f44cff03-2480-434a-a1e1-eb8d4f4f5b5f,CUST0160,2026-02-05T09:55:00,4348.47,refunded
f85efb31-6904-440a-8c82-9f83e632ab16,CUST0332,2026-02-05T10:02:00,3769.14,pending
3222c224-f8f9-41ef-87bc-252596514d7f,CUST0428,2026-02-05T10:09:00,4754.53,pending
21ecf141-860d-4d85-8f16-0d48c1ec8e5c,CUST0219,2026-02-05T10:16:00,4523.48,refunded
5b77b907-a64c-499e-87e4-bebc28e8b9e8,CUST0148,2026-02-05T10:23:00,3813.92,cancelled
1b0e21c4-fbcf-4692-b873-b43849558076,CUST0111,2026-02-05T10:30:00,3200.05,refunded
f31db474-c43c-4c53-a73c-d68101ba427b,CUST0061,2026-02-05T10:37:00,4804.01,pending
ad8fced6-a3c9-4ea7-a78b-a6a8cd40bc1d,CUST0435,2026-02-05T10:44:00,4085.54,cancelled
78193aa2-026c-40d1-8c02-6d7cda15e05f,CUST0153,2026-02-05T10:51:00,890.85,processing
89fd714e-b2ec-42e8-b831-a9a5124a6aa3,CUST0213,2026-02-05T10:58:00,2093.18,processing
0ea59745-3a52-4357-b9d9-aed1e469a9eb,CUST0045,2026-02-05T11:05:00,3527.16,pending
066f396a-e209-42ed-8503-cfc714bb7ab3,CUST0066,2026-02-05T11:12:00,1036.72,refunded
88d1ef48-1a57-4f7e-8bc9-730448b91911,CUST0143,2026-02-05T11:19:00,4270.73,pending
0d98e938-0b92-4760-aaab-f8851de9f543,CUST0230,2026-02-05T11:26:00,2329.14,refunded
7ab55ba3-087b-4624-9148-a090905299ca,CUST0075,2026-02-05T11:33:00,3713.02,cancelled
db3a1329-469a-4901-a51a-2ad69568793c,CUST0008,2026-02-05T11:40:00,3406.37,completed
7ac45265-3eae-48f8-b913-efb4decaaca6,CUST0125,2026-02-05T11:47:00,691.56,processing
6bbc5d35-560e-41f8-b716-1d33aaebbdc7,CUST0297,2026-02-05T11:54:00,3722.86,processing
66aa80b7-4c57-417e-8720-e19901341d28,CUST0434,2026-02-05T12:01:00,4232.76,cancelled
9344a025-9839-498f-8bc6-2b56b612f77c,CUST0313,2026-02-05T12:08:00,225.79,refunded
c28ea5be-553e-4cce-87c9-328f6e8d6fda,CUST0096,2026-02-05T12:15:00,1971.89,pending
01802fc9-f51f-4b2e-92e0-06a128e1b56c,CUST0407,2026-02-05T12:22:00,2967.09,completed
74be3250-bce1-49f4-bcec-93245ea004c3,CUST0149,2026-02-05T12:29:00,1052.43,refunded
c1162496-1998-4d90-abcb-f2976703f360,CUST0051,2026-02-05T12:36:00,3919.25,refunded
51e73f02-8494-488b-be49-d3a88b4ca33d,CUST0427,2026-02-05T12:43:00,2269.29,refunded
d4867807-372d-47c0-9733-3c21140e83e5,CUST0267,2026-02-05T12:50:00,2760.19,refunded
dd4d68fc-81f6-4696-a0c5-298f50af1715,CUST0218,2026-02-05T12:57:00,1569.04,completed
7ad3ba1e-0970-4003-ad68-fd08e3a182ab,CUST0436,2026-02-05T13:04:00,2340.41,processing
70bdf8cc-1df9-44a1-9166-5ad8e27e680c,CUST0420,2026-02-05T13:11:00,1630.26,cancelled
cea735ba-7657-4082-854a-1a2e84a045d4,CUST0393,2026-02-05T13:18:00,4632.07,pending
7f83e9cb-da56-41b0-b008-9a6f3e872eea,CUST0315,2026-02-05T13:25:00,4360.37,pending
a2bed5d6-18ac-4428-81d8-5b5df3a9e05a,CUST0382,2026-02-05T13:32:00,3998.83,pending
4def9cda-da57-4cb2-a18d-8f72a176f91a,CUST0292,2026-02-05T13:39:00,1061.98,refunded
dc2d0dda-1363-47ab-93a8-9be323ad074a,CUST0060,2026-02-05T13:46:00,3137.91,processing
05b49b2b-2527-4234-b5f0-f5a5cba1e797,CUST0015,2026-02-05T13:53:00,1019.46,processing
e3a4d886-2afb-4b1e-9304-29ad7254d0e3,CUST0135,2026-02-05T14:00:00,4007.33,pending
4aa88bd6-ebf7-4cba-a3d4-1c7e706aafff,CUST0006,2026-02-05T14:07:00,3216.31,pending
a7da44cc-c57b-4ef5-96e6-90597752437c,CUST0089,2026-02-05T14:14:00,2667.21,refunded
e40217d8-e2d4-45e7-8b92-2fe3859f2fe5,CUST0179,2026-02-05T14:21:00,3146.97,cancelled
ba9ad060-4ee4-4caa-9d8c-aa51a697a503,CUST0499,2026-02-05T14:28:00,4097.99,cancelled
c3c6d81e-748c-48f0-bdae-2b90a580c8a3,CUST0156,2026-02-05T14:35:00,677.53,refunded
720da3dc-b97e-4369-a134-def715cdac0e,CUST0151,2026-02-05T14:42:00,3405.39,processing
6e70efd0-e2e4-4165-8fdc-e8621454fb76,CUST0021,2026-02-05T14:49:00,499.56,pending
98a2a47a-a8bd-4a9b-8a3e-1642c3e3008c,CUST0066,2026-02-05T14:56:00,130.7,cancelled
3777b1fd-5d8f-45d2-8e07-7ae7a6ad0b4c,CUST0330,2026-02-05T15:03:00,3438.47,cancelled
21e78db4-7ee7-4c14-a426-d253299c0721,CUST0297,2026-02-05T15:10:00,4483.68,pending
d03696b0-2183-4c6e-a2d5-d1e363a47e46,CUST0394,2026-02-05T15:17:00,1064.52,pending
466f82c2-5cd9-4675-86ee-08ac2a1cc43e,CUST0209,2026-02-05T15:24:00,2632.11,pending
5bac64c2-3ab2-4c8b-a09d-829b67d3666c,CUST0188,2026-02-05T15:31:00,2301.08,cancelled
058ca624-b1f9-4677-bf6f-29760763d979,CUST0341,2026-02-05T15:38:00,3198.22,cancelled
9abffc76-0cea-43ff-b479-77dca81d4363,CUST0070,2026-02-05T15:45:00,3591.84,processing
5ee2c115-1b26-4f3a-9fcf-ae35ba1eb656,CUST0191,2026-02-05T15:52:00,2535.22,cancelled
6706e665-126d-4d0a-973c-374d79394546,CUST0225,2026-02-05T15:59:00,3971.54,processing
f9a0c40f-d4ec-4ce4-8382-0fe38c233fe3,CUST0474,2026-02-05T16:06:00,2627.82,pending
cc0c8942-9515-44dd-9595-d04862cdf946,CUST0295,2026-02-05T16:13:00,2820.59,cancelled
9e748ba5-b5df-4745-88f9-9f1dbe69b120,CUST0083,2026-02-05T16:20:00,981.94,refunded
d3f0215f-ae6d-4f45-92c9-7fdbe71aaa0c,CUST0445,2026-02-05T16:27:00,980.87,cancelled
f2d51afb-9094-4f32-af68-ded6a03b63f4,CUST0044,2026-02-05T16:34:00,4541.12,refunded
a4d27b12-6e25-44f6-a98c-133b4575d0f6,CUST0110,2026-02-05T16:41:00,2185.29,cancelled
639a4e90-e304-441e-a260-f44d7cdf4e16,CUST0200,2026-02-05T16:48:00,4627.95,pending
1cf9943c-1a28-4f2d-88b6-e33c130e7715,CUST0263,2026-02-05T16:55:00,3257.08,completed
5b55dd66-4de7-472b-9e27-042526224447,CUST0084,2026-02-05T17:02:00,2573.01,refunded
f6002ab0-49a0-4ad3-953a-8ae2fc8d9968,CUST0062,2026-02-05T17:09:00,2423.12,completed
bb2e9684-a1b6-49a2-adf8-ecefbd563fb8,CUST0429,2026-02-05T17:16:00,479.34,pending
5fdd38b4-babd-4df8-a40d-c891fa4c53ec,CUST0384,2026-02-05T17:23:00,2302.24,completed
55f9792f-6060-4963-bb5f-dc2a8658cdd6,CUST0056,2026-02-05T17:30:00,3973.6,processing
87676309-27c9-4935-ae43-ddd680f8b93f,CUST0271,2026-02-05T17:37:00,1982.8,pending
bd56cf91-b765-48b1-bb29-397716d00e62,CUST0412,2026-02-05T17:44:00,4714.69,pending
cdcf5397-5802-4407-8754-ec271d793931,CUST0294,2026-02-05T17:51:00,4432.48,processing
b198d193-813c-4284-94f1-7168407bfb25,CUST0393,2026-02-05T17:58:00,3740.1,refunded
3306957e-6948-4d27-9f42-46b0ba0d0bb6,CUST0250,2026-02-05T18:05:00,3479.16,cancelled
b3a5926f-dd28-4ba5-97ba-7c4bace6a2d5,CUST0172,2026-02-05T18:12:00,2882.53,cancelled
9442178e-f2b4-4f44-9693-96655d80100c,CUST0295,2026-02-05T18:19:00,680.16,pending
3d252aa0-264c-403f-b044-94ac2b3d588a,CUST0161,2026-02-05T18:26:00,3703.29,processing
f4357e66-324d-4470-8c92-25cbbbd85791,CUST0248,2026-02-05T18:33:00,411.28,cancelled
0c3d5220-941c-4df5-8242-447a007f137b,CUST0012,2026-02-05T18:40:00,4934.83,cancelled
76546c34-707a-4bd1-ac50-a9b72020cb18,CUST0010,2026-02-05T18:47:00,3865.32,cancelled
715f55a1-2b58-4146-ac62-1bd96cc72209,CUST0297,2026-02-05T18:54:00,4786.37,refunded
fe13f7e3-df30-4313-b0d3-6aab1e051b12,CUST0223,2026-02-05T19:01:00,2400.26,pending
a98b79f1-195d-48dc-a531-30be357f020d,CUST0272,2026-02-05T19:08:00,2349.09,completed
c6072cea-ad50-4d62-975c-60cbcc2db837,CUST0463,2026-02-05T19:15:00,3849.35,cancelled
5b81b4a8-c4c8-4b03-ba7c-5aacad563525,CUST0084,2026-02-05T19:22:00,3549.01,completed
529d9281-6a77-4435-9dd7-544bc41968bf,CUST0460,2026-02-05T19:29:00,3075.88,processing
9cd230f5-3a45-476e-941c-fcd37ffc22d0,CUST0192,2026-02-05T19:36:00,1997.57,cancelled
6445bec8-7b73-470d-9dbd-f91d25dca9da,CUST0160,2026-02-05T19:43:00,2819.56,pending
8a41dfdf-d8ef-4c8e-9a52-c12262a6f863,CUST0154,2026-02-05T19:50:00,2293.12,refunded
8217300f-b130-48ce-ba5c-80cf0f36aa97,CUST0431,2026-02-05T19:57:00,3202.82,cancelled
7150861b-e282-4d1a-a94a-590d0e8b5fc7,CUST0293,2026-02-05T20:04:00,911.88,completed
c8c9c71c-c394-4edd-b52a-f17d07814861,CUST0189,2026-02-05T20:11:00,2914.44,completed
e463cb16-0296-430d-a9dd-90308d35705a,CUST0123,2026-02-05T20:18:00,4754.82,cancelled
f4fd0709-ff74-467c-ae3f-a046ca29353e,CUST0316,2026-02-05T20:25:00,3934.08,cancelled
38edf94e-ae78-4d8b-950b-f8167936211f,CUST0106,2026-02-05T20:32:00,802.03,processing
17ddc0a8-a62c-45ba-ad80-d3a46fc9529e,CUST0383,2026-02-05T20:39:00,2558.61,completed
e4d6d0ce-f971-4c32-b44a-e680abac71de,CUST0436,2026-02-05T20:46:00,1927.86,pending
d6df12a7-128d-4c65-9cdb-d3a6c0fe5b12,CUST0138,2026-02-05T20:53:00,631.93,refunded
852dc633-7f1d-4795-b766-e1408c3f4524,CUST0169,2026-02-05T21:00:00,2680.93,pending
4bc954eb-fff1-4f59-808b-af799f51516b,CUST0350,2026-02-05T21:07:00,3704.36,completed
66ef8364-d26f-4e91-8f3c-72b107e9ad56,CUST0449,2026-02-05T21:14:00,3885.69,cancelled
843e407b-4bf9-4a4e-96e5-0ead3f35b58e,CUST0322,2026-02-05T21:21:00,3972.84,refunded
6dd4ae29-6d8b-4ab2-b9f2-74b1401c6349,CUST0389,2026-02-05T21:28:00,135.74,processing
658bdd23-e3ca-48d4-9d6b-070294b519e1,CUST0333,2026-02-05T21:35:00,4615.4,completed
9c88e10a-d951-471d-bde8-984788156782,CUST0191,2026-02-05T21:42:00,3303.59,pending
4a363e8a-d1ea-48bb-a292-14bcdd22ca0d,CUST0288,2026-02-05T21:49:00,1261.06,processing
37f97d88-d028-4472-8344-955c3b0f50b7,CUST0466,2026-02-05T21:56:00,2333.96,cancelled
921dbab6-2289-434e-a906-4f9d2e6cdb1a,CUST0339,2026-02-05T22:03:00,2868.08,cancelled
31151af4-756b-4b9e-816d-b94eaa368921,CUST0402,2026-02-05T22:10:00,872.84,cancelled
1fe05d46-8cd8-4a17-a641-a8ad3f56b4e1,CUST0183,2026-02-05T22:17:00,243.12,pending
70545e1b-6cb7-46c1-84b8-5e0bd5824a06,CUST0332,2026-02-05T22:24:00,1891.54,refunded
a7b002e1-51bd-41e2-a661-403df5dd2557,CUST0394,2026-02-05T22:31:00,3577.15,processing
3ee54603-73c9-4fb0-b2e1-84468a7be71b,CUST0062,2026-02-05T22:38:00,880.87,refunded
76fe830e-dcfc-4528-aaf8-d2365b18dae5,CUST0111,2026-02-05T22:45:00,883.72,completed
18efe6cc-1d16-4a19-b97f-c6971b3d44ca,CUST0081,2026-02-05T22:52:00,3512.83,cancelled
b11dd291-33b4-473e-8f29-08a0d540a71d,CUST0432,2026-02-05T22:59:00,2891.9,refunded
f63ae12b-feed-4f47-8196-a00951a35ae9,CUST0189,2026-02-05T23:06:00,4471.9,processing
6f22be9e-8b59-4e0f-915d-00c353f4d63a,CUST0232,2026-02-05T23:13:00,3460.92,refunded
cc21c163-b82e-47a1-98e9-032a0c4cb5b2,CUST0372,2026-02-05T23:20:00,3417.42,pending
e30bab9c-69a7-4f86-9327-0cc7d8577dec,CUST0344,2026-02-05T23:27:00,2219.18,processing
a433f006-da0a-41b5-862a-6d615fbd6920,CUST0078,2026-02-05T23:34:00,1742.63,refunded
67a53a24-a287-4a44-ae3e-5e32932b4886,CUST0019,2026-02-05T23:41:00,818.49,processing
b873db3f-25b9-4a89-a25a-58044536f9c1,CUST0429,2026-02-05T23:48:00,1386.99,completed
d46de68f-911f-49da-9f13-2043a7e00eae,CUST0227,2026-02-05T23:55:00,512.96,pending
be2853b6-3c80-46b5-916e-eadbb2759923,CUST0175,2026-02-06T00:02:00,2005.3,processing
2b1094dc-048d-4441-9b8d-8a7d714680c2,CUST0274,2026-02-06T00:09:00,3016.68,refunded
2c28c56c-14f6-4795-b632-2300a9cd7886,CUST0041,2026-02-06T00:16:00,4513.84,processing
e3408132-f388-49df-9dfb-93c6296e42ed,CUST0098,2026-02-06T00:23:00,2496.6,cancelled
343bafe4-1d67-4930-8332-5effc9720e8d,CUST0445,2026-02-06T00:30:00,4861.44,processing
8738f6fa-a4d1-41c5-9087-853bf3507a1d,CUST0019,2026-02-06T00:37:00,3180.47,processing
7f9e3342-d66c-46e4-b3f9-f5630698cc07,CUST0011,2026-02-06T00:44:00,3741.29,refunded
67108eb4-a934-47d9-a808-7288871bb2e1,CUST0162,2026-02-06T00:51:00,3622.37,pending
13d9c3d2-f453-406c-8460-52e5da13a402,CUST0058,2026-02-06T00:58:00,1174.66,pending
3dd3dc84-d194-4276-b6c0-d9b87c22fa1c,CUST0093,2026-02-06T01:05:00,2920.54,cancelled
acc79994-920c-4851-9c4c-d41ad6ad1502,CUST0220,2026-02-06T01:12:00,2331.25,processing
841a76a5-45ec-490e-bab0-5e2dbfbf3e17,CUST0401,2026-02-06T01:19:00,4345.21,cancelled
ffc6f229-cf06-4a53-9e98-b35d5309e0f5,CUST0046,2026-02-06T01:26:00,2288.33,pending
bdb8443c-810f-4d76-b845-287faad9f249,CUST0481,2026-02-06T01:33:00,1290.09,cancelled
e1ca8780-4f77-4825-8770-2302024cfdea,CUST0083,2026-02-06T01:40:00,1790.12,pending
cb7229b3-6c1c-4882-94f9-ea71903fa0d5,CUST0416,2026-02-06T01:47:00,2152.74,cancelled
c52649d0-fb2f-4f04-a759-ef20c59fb979,CUST0355,2026-02-06T01:54:00,4511.86,completed
eddcfac4-ae5a-4da7-b6a1-e2211bb33b3e,CUST0100,2026-02-06T02:01:00,1908.89,pending
f76a87ae-b1ad-4c72-a15f-3daeb0e00260,CUST0041,2026-02-06T02:08:00,164.72,refunded
a309b5fe-b279-4701-ae78-b36b966d7692,CUST0402,2026-02-06T02:15:00,3177.84,completed
4210519d-c821-4c87-ab5a-beeee6716773,CUST0161,2026-02-06T02:22:00,680.88,pending
678eb8d3-97ba-41b4-bdb5-2e5b573c0b1e,CUST0422,2026-02-06T02:29:00,77.87,completed
6008ff97-f778-4114-acf5-afba03f6f648,CUST0018,2026-02-06T02:36:00,4275.14,pending
24b3f20d-6b66-4262-8309-3bac22d8f832,CUST0245,2026-02-06T02:43:00,4146.68,processing
264e9a60-a3ff-4694-9b7d-3bcf7bcd6842,CUST0040,2026-02-06T02:50:00,4371.83,refunded
6ec126d4-be12-4284-9778-d53eb1acd052,CUST0173,2026-02-06T02:57:00,1069.58,refunded
99865aab-e033-4965-bfd6-a0402122c68a,CUST0477,2026-02-06T03:04:00,1537.05,refunded
3277191d-d529-440d-96c3-62d82e072d0b,CUST0328,2026-02-06T03:11:00,3668.56,pending
c7332c58-0876-4b3d-9d91-bb580c9972fc,CUST0407,2026-02-06T03:18:00,2404.8,cancelled
773ac2bc-230b-4f04-b5c4-2a3a3adec8e3,CUST0472,2026-02-06T03:25:00,3286.5,completed
f04c81ad-4e6f-4d62-8074-5b073d761db4,CUST0492,2026-02-06T03:32:00,787.4,processing
3dcd5c99-e6d3-420a-9ebc-fe6ab9ce7991,CUST0477,2026-02-06T03:39:00,1856.83,pending
13444357-8029-407a-bc34-6ad07f1bbbb5,CUST0268,2026-02-06T03:46:00,1816.16,pending
bce965ed-c3c7-4ec9-adda-5843793b924e,CUST0312,2026-02-06T03:53:00,833.59,cancelled
18d1f77b-17d5-4418-8243-9f9a91f0d0aa,CUST0210,2026-02-06T04:00:00,2087.32,refunded
86382ddd-f3f0-4d2c-b4a5-c8387ef881a6,CUST0401,2026-02-06T04:07:00,2127.91,cancelled
25304d6b-c708-4c44-94d4-59e77425d04e,CUST0444,2026-02-06T04:14:00,4345.77,completed
d2c42634-041b-4bb7-9e1b-c57b8a3ee0d6,CUST0119,2026-02-06T04:21:00,238.87,completed
45155f60-7f58-4d6d-9dde-e9dd6bcfeb0b,CUST0342,2026-02-06T04:28:00,4885.7,completed
f50764f5-4c83-4b0a-8bb8-b4e1927684a4,CUST0262,2026-02-06T04:35:00,1897.56,processing
99da6f74-d97e-45cb-b145-056349377a0b,CUST0051,2026-02-06T04:42:00,314.55,processing
032c14c3-2841-4665-a2c0-89d20799c777,CUST0418,2026-01-01T01:14:00,-50,pending
460d19ad-cd93-46de-a3f2-027bc5b607c1,CUST0151,2026-02-06T04:49:00,3643.42,completed
4b85b7b3-ab75-4f9a-98d1-8397792209c3,CUST0111,2026-02-06T04:56:00,2851.78,refunded
7e11d37a-08bb-4830-968c-5e0c604334ce,CUST0411,2026-02-06T05:03:00,1714.85,processing
2a6ab684-1973-4a29-a883-50609d142d06,CUST0178,2026-02-06T05:10:00,3160.74,cancelled
14a87a46-b5dd-4935-b1c3-215aeeb6c157,CUST0044,2026-02-06T05:17:00,2090.03,pending
9df676c6-4f66-49f8-8e9b-163ba52519cd,CUST0252,2026-02-06T05:24:00,3640.32,cancelled
3331bae1-c0a3-473e-af37-533fb00d541d,CUST0373,2026-02-06T05:31:00,4489.26,pending
6dc5ed33-bea8-4aa8-8685-8b65d85584ba,CUST0025,2026-02-06T05:38:00,4918.33,processing
b32baac2-d27e-45c0-a74b-6f908ce5db8e,CUST0161,2026-02-06T05:45:00,2334.37,pending
9e924a9f-f517-443a-8e35-69ca7bdadd8b,CUST0180,2026-02-06T05:52:00,4675.21,cancelled
763cdef2-ccf2-47ff-ac63-05e38b4c109a,CUST0304,2026-02-06T05:59:00,3570.04,cancelled
25b5b779-1f8c-426a-a3ee-96e0f188e8a0,CUST0091,2026-02-06T06:06:00,2321.51,processing
bde243c8-d9e5-4f07-9245-04a0be532499,CUST0062,2026-02-06T06:13:00,480.1,pending
cdb19861-f53d-41be-96df-e6138c351f21,CUST0110,2026-02-06T06:20:00,2497.62,processing
87d9949e-9285-4b95-ae6d-2b70494de5dd,CUST0393,2026-02-06T06:27:00,989.46,pending
2ef54ec0-d106-4f47-bbd6-ce538bb32a3b,CUST0387,2026-02-06T06:34:00,2615.5,pending
91225a49-230e-4ff6-a78b-46bcb3a5e042,CUST0317,2026-02-06T06:41:00,2335.14,pending
4fa3950d-69e2-4876-ba2e-9c8c232f35a8,CUST0107,2026-02-06T06:48:00,4778.2,pending
1acc1a4e-a54a-404e-8a64-5dc1a2b4be40,CUST0295,2026-02-06T06:55:00,3813.69,cancelled
89b10abf-8f20-4ac6-b7b7-229305da2ab7,CUST0145,2026-02-06T07:02:00,471.78,completed
69976e56-0ea3-4a43-939f-a1ed922c989d,CUST0430,2026-02-06T07:09:00,380.06,cancelled
0de8acf4-0877-4ec6-a047-f57e99b7ebf1,CUST0147,2026-02-06T07:16:00,3012.64,cancelled
6c345282-1f16-4b65-850e-ea6ff13d71e2,CUST0281,2026-02-06T07:23:00,4790.6,pending
ca8bfce2-b249-40d9-b920-8fffb834c6eb,CUST0029,2026-02-06T07:30:00,261.36,processing
75b44b0b-d780-4d52-b6c4-0167de5a76ac,CUST0015,2026-02-06T07:37:00,1937.59,cancelled
8ed85861-94e6-4ca8-8186-38aea47dff21,CUST0219,2026-02-06T07:44:00,3243.91,cancelled
5a737fac-b990-491f-8aee-6c704dcf343b,CUST0278,2026-02-06T07:51:00,385.47,processing
5ab19e1a-3c49-4403-bad2-6f1418643dd1,CUST0319,2026-02-06T07:58:00,1568.86,completed
29ecc2c5-d78a-4667-9a65-3d97586a5bad,CUST0029,2026-02-06T08:05:00,3247.38,pending
be247439-4a5f-477b-aabb-81ab9d8c1799,CUST0240,2026-02-06T08:12:00,2775.4,processing
d97bffa9-b2af-4d96-8784-edbeb9dc850f,CUST0345,2026-02-06T08:19:00,3876.57,refunded
eaef45a2-7ce5-48fd-8657-e49254315a1f,CUST0121,2026-02-06T08:26:00,3598.98,refunded
aa72bcf9-16d7-46b8-9999-638ddd2a82cf,CUST0314,2026-02-06T08:33:00,1995.8,completed
b430cbdb-0808-4822-b177-4f0797d77745,CUST0129,2026-02-06T08:40:00,4933.34,pending
a0eaedc0-2c5f-4ea9-944e-39fcf15d97ae,CUST0282,2026-02-06T08:47:00,2980.12,cancelled
e4708fb2-76d1-48d4-9b50-c9580517c3fa,CUST0474,2026-02-06T08:54:00,3897.45,cancelled
c27ad982-719f-4b00-b2d0-2637359dbc18,CUST0100,2026-02-06T09:01:00,4529.63,processing
9c187a20-c723-4c01-b5a3-2b541ec4cae5,CUST0394,2026-02-06T09:08:00,2585.56,pending
593a6433-1e1e-45d6-bebf-b34c8a18df8f,CUST0214,2026-02-06T09:15:00,1687.03,pending
65cb7e1d-3497-4632-8979-87ae1682794e,CUST0084,2026-02-06T09:22:00,3571.57,cancelled
0886a039-bfc2-42c1-9148-f5122c57c55e,CUST0374,2026-02-06T09:29:00,1739.39,refunded
6743bea9-bb55-4fcc-9599-4498968484a7,CUST0221,2026-02-06T09:36:00,2408.36,completed
85d64310-d299-4064-96db-10839ce7a490,CUST0127,2026-02-06T09:43:00,3972.35,cancelled
40f130f6-8c3b-4a50-9691-4e819a572d80,CUST0375,2026-02-06T09:50:00,1351.34,refunded
4c6b717b-8d06-4ca8-b5a8-f5892d17019a,CUST0406,2026-02-06T09:57:00,3925.63,completed
9bda11fc-d1d8-40c0-9729-03d28b40a056,CUST0458,2026-02-06T10:04:00,2581.66,refunded
5cfbccf1-d96e-4ee8-b21c-25623f7a2f7c,CUST0174,2026-02-06T10:11:00,4061.64,refunded
239af0b2-288c-4b97-a9df-730d1ca8746c,CUST0222,2026-02-06T10:18:00,3875.27,pending
89516b3c-25b0-4e97-9a09-ed54edbb884a,CUST0011,2026-02-06T10:25:00,1454.69,cancelled
29538f02-fc4e-4dee-b619-feb1d5ac73e5,CUST0047,2026-02-06T10:32:00,1291.15,cancelled
5fa24953-4675-4e0f-8dea-f66c0b593524,CUST0263,2026-02-06T10:39:00,2938.82,pending
581daa6b-0ff2-449c-b895-dc25aed363e5,CUST0127,2026-02-06T10:46:00,1333.99,pending
1974f447-4a19-4458-b5c5-7c8d71f33b41,CUST0038,2026-02-06T10:53:00,4597.34,processing
c6467ae0-6d1a-469f-aa4d-663887aceca3,CUST0272,2026-02-06T11:00:00,2082.52,refunded
7e3f3522-afeb-4dea-a08e-8cea520f0723,CUST0370,2026-02-06T11:07:00,4487.84,completed
952a5fec-0b99-4a40-8f08-273e871ee0c8,CUST0003,2026-02-06T11:14:00,4093.55,cancelled
d8cc6ca4-c87f-422a-a701-925246bee778,CUST0227,2026-01-01T01:02:00,-50,pending
014ba5d4-83d9-4616-a5fb-ddc237f52161,CUST0128,2026-02-06T11:21:00,3436.14,completed
0a30378c-1aab-46e8-bd19-fae04554cd31,CUST0348,2026-02-06T11:28:00,4477.03,processing
ad43b646-09cd-4085-b773-7660e0576b63,CUST0269,2026-02-06T11:35:00,3988.98,refunded
73ca15c6-1b63-425c-9a24-5abeb030b4cb,CUST0023,2026-02-06T11:42:00,4980.88,refunded
d9510066-4e02-4da1-96f3-1ad71f5c9a78,CUST0472,2026-02-06T11:49:00,3908.36,refunded
bcb6bada-c3c9-4528-9aa9-d9bc2c45c09f,CUST0457,2026-02-06T11:56:00,445.1,processing
5d2e02df-09d5-4882-b8e2-d6baffdcba43,CUST0019,2026-02-06T12:03:00,3628.49,cancelled
1800bd42-4fcf-439b-8f35-434e0bbfcb11,CUST0365,2026-02-06T12:10:00,1776.61,cancelled
b129488f-089b-427e-98d9-720f1ba4376e,CUST0305,2026-02-06T12:17:00,3986.2,pending
164a3054-62c4-4bc1-98b6-bfce6696c3af,CUST0027,2026-02-06T12:24:00,1550.77,processing
b64abdb9-dac5-4d77-b570-813b9f316536,CUST0440,2026-02-06T12:31:00,4323.52,cancelled
ea3cb0b3-d8e8-44ab-b800-e4b44ed13d10,CUST0447,2026-02-06T12:38:00,126.67,cancelled
35318f8b-44d2-416a-8203-4233fc7d2991,CUST0203,2026-02-06T12:45:00,2089.12,pending
85b6d1ca-4624-4c0d-94f5-fe614969e615,CUST0253,2026-02-06T12:52:00,4655.69,processing
032a7602-5504-423c-bc4c-200db03b6af2,CUST0473,2026-02-06T12:59:00,1558.33,processing
7925dc97-2389-4180-9db6-bf150fc61e38,CUST0163,2026-02-06T13:06:00,4850.35,completed
e37009f7-688e-4a90-8992-1ac610244831,CUST0025,2026-02-06T13:13:00,19.91,processing
5a559d4b-64a6-4eb4-99f9-90f670489697,CUST0323,2026-02-06T13:20:00,2721.11,completed
4a018521-0b85-46de-b690-19ee6ec883a7,CUST0017,2026-02-06T13:27:00,1603.5,processing
1cccc1e2-9154-4bed-b1c2-0ca24e70865f,CUST0078,2026-02-06T13:34:00,1817.23,pending
bb1f8bc1-7f83-45c5-823e-cfac184d52d1,CUST0422,2026-02-06T13:41:00,4820.01,processing
fd65568d-2765-4275-9a82-86e2abda3207,CUST0193,2026-02-06T13:48:00,2052.91,refunded
5e7fd468-14e4-462a-b877-7813ef82aa8e,CUST0138,2026-02-06T13:55:00,4464.22,pending
705ebb9b-84e0-40ae-9a2e-b7ae0630bc2d,CUST0252,2026-02-06T14:02:00,2024.32,completed
08b0641e-1948-491d-9c07-f4e24cad6bc3,CUST0044,2026-02-06T14:09:00,4204.74,processing
38323595-0717-4cad-b8e9-07ff8784d1ea,CUST0098,2026-02-06T14:16:00,2761.93,refunded
195105d3-2a24-448e-bb14-89a8cf557d17,CUST0418,2026-02-06T14:23:00,360.31,cancelled
dbe94372-a19e-49d6-8fc9-87693604e162,CUST0494,2026-02-06T14:30:00,554.5,processing
fb192e21-e665-4a7a-b6e8-115e720c56b8,CUST0397,2026-02-06T14:37:00,3824.99,cancelled
b93c4b68-a253-468d-a428-a9277c90ecbc,CUST0412,2026-02-06T14:44:00,2747.03,pending
8f8d0573-bba9-4f6e-94c9-91ebcfb25518,CUST0185,2026-02-06T14:51:00,2010.01,processing
5e6d94b1-513c-4e76-b0a7-9e11344a6e58,CUST0094,2026-02-06T14:58:00,2216.89,cancelled
2f724e8c-1049-4b3e-85fc-39e16fe24fb9,CUST0049,2026-02-06T15:05:00,4010.04,pending
27d3c2a0-5b02-4030-9dbb-6180f0ef5e6a,CUST0021,2026-02-06T15:12:00,526.0,pending
e4913955-f11c-4975-8f68-e9292383b184,CUST0280,2026-02-06T15:19:00,1528.47,pending
36c771f7-a465-4286-9554-d892c78d7f68,CUST0312,2026-02-06T15:26:00,4269.34,refunded
878e1388-c028-4c42-826f-742c983fd7de,CUST0352,2026-02-06T15:33:00,2257.38,processing
8d2383ec-9020-4977-ab3e-73a5184c801b,CUST0057,2026-02-06T15:40:00,2387.46,completed
be92a7aa-50b2-4a9d-97d0-edf4337eb6c2,CUST0405,2026-02-06T15:47:00,3326.82,refunded
eaceb23f-1214-4785-8a13-db020ec2949a,CUST0162,2026-02-06T15:54:00,1852.1,processing
08ab1c1a-4356-4560-8b49-caa0ef2c3d39,CUST0217,2026-02-06T16:01:00,2737.51,processing
2980352b-5f98-4996-a531-114e7f8f4527,CUST0244,2026-02-06T16:08:00,1442.43,pending
ad58a6fa-e16f-4907-bf22-1a754c6f9f9c,CUST0020,2026-02-06T16:15:00,4959.54,cancelled
4446b090-b47e-46e4-ba8f-91c59c4cf616,CUST0094,2026-02-06T16:22:00,3916.25,processing
6acfb3ce-ffbc-4e4e-9bb5-917682213388,CUST0169,2026-02-06T16:29:00,71.26,processing
376f311b-c096-4675-8fdf-166386956e89,CUST0476,2026-02-06T16:36:00,1506.78,cancelled
9df78108-f5b3-458e-bfc4-41bd0da8dbae,CUST0097,2026-02-06T16:43:00,3481.45,completed
7735e7f8-7f7c-438d-b24b-977a05601615,CUST0175,2026-02-06T16:50:00,2995.74,pending
d8b64525-410b-4388-80d4-db148ce44ca1,CUST0085,2026-02-06T16:57:00,1313.84,completed
a18fbd72-b14c-484c-9f30-14dcf18a4396,CUST0376,2026-02-06T17:04:00,2461.23,cancelled
63a0aa6e-b14c-4886-8385-109613fca1d0,CUST0110,2026-02-06T17:11:00,772.58,completed
a90ff558-62a6-4f3c-aecb-4f4ac0438e4f,CUST0138,2026-02-06T17:18:00,3512.6,cancelled
0fde5efd-a20f-4c65-ae2f-60bba3c6ceb9,CUST0273,2026-02-06T17:25:00,4657.27,refunded
3792b561-ee5c-40be-8492-9997806aa46a,CUST0144,2026-02-06T17:32:00,4918.15,pending
c58a4c54-1c8e-48bf-a106-bdb7021080ff,CUST0116,2026-02-06T17:39:00,609.11,pending
91fdbbe7-ca32-4653-ae90-b8f133bf9dfa,CUST0346,2026-02-06T17:46:00,2262.8,cancelled
d5072c9b-3059-4612-92a3-2a7f94b3e1e4,CUST0422,2026-02-06T17:53:00,1294.38,completed
6460c7be-df7f-41eb-82f7-d0cb668bba19,CUST0169,2026-02-06T18:00:00,354.37,pending
aacecbce-e137-4137-92ca-99994d0fca2f,CUST0082,2026-02-06T18:07:00,3432.65,completed
a5841fd0-3a1e-4134-ab38-965072d277c2,CUST0219,2026-02-06T18:14:00,557.29,processing
9768f46b-6802-4f01-93db-80835fba8618,CUST0192,2026-02-06T18:21:00,108.36,refunded
e23946b2-9a6c-4c45-befb-f576e3431da5,CUST0246,2026-02-06T18:28:00,2014.8,completed
55e431eb-5aa2-4be3-aa5d-fc82571c9826,CUST0048,2026-02-06T18:35:00,217.5,completed
92039721-947e-45f8-85a0-1529b5237b03,CUST0152,2026-02-06T18:42:00,1094.19,cancelled
fbc82ace-f714-4e6e-8f69-e925df1d2d3b,CUST0450,2026-02-06T18:49:00,4028.83,completed
0b068806-d867-42d1-8917-5721b316358a,CUST0442,2026-02-06T18:56:00,2683.27,cancelled
7ab20f32-ea9d-431b-afbb-745a8de513cf,CUST0325,2026-02-06T19:03:00,890.24,cancelled
5ab2ebf6-c81b-4802-a38b-9d511d38cae4,CUST0396,2026-02-06T19:10:00,2529.39,completed
f2c2a768-b958-4d41-aafd-521c7ce87e2c,CUST0038,2026-02-06T19:17:00,2815.9,cancelled
67fa5e32-1b5b-4ba5-a862-92fca7d21c6e,CUST0279,2026-02-06T19:24:00,24.45,pending
18c5c22a-bce3-43cb-9e00-39f94e3430ee,CUST0454,2026-02-06T19:31:00,1254.37,processing
39162057-2a44-4d3f-8a0a-acf59f8f4b9c,CUST0333,2026-02-06T19:38:00,139.01,processing
caf05666-1bc8-4131-bf61-d9719ef6eb58,CUST0248,2026-02-06T19:45:00,4515.92,processing
b6f657ce-426a-4459-95e2-5fac8305b87d,CUST0479,2026-02-06T19:52:00,678.03,completed
4964b936-dd27-4948-b193-de1c19077608,CUST0342,2026-02-06T19:59:00,914.5,refunded
12f858ef-923e-4dcd-b7ce-61fa9be8c41f,CUST0367,2026-02-06T20:06:00,3427.46,refunded
9d6d3966-d45d-423f-9f88-29b0fbf8d1ed,CUST0403,2026-02-06T20:13:00,2960.94,pending
06eb5350-7c85-419d-887c-f0670d96ece2,CUST0183,2026-02-06T20:20:00,1815.0,pending
6820b132-69a7-4323-848d-57925efbfca1,CUST0295,2026-02-06T20:27:00,723.43,processing
7906b179-44a1-46e1-87dd-0aa57fec1eb3,CUST0229,2026-02-06T20:34:00,1837.48,refunded
761a550a-f40c-437b-9d25-dcf073cb8539,CUST0059,2026-02-06T20:41:00,3795.37,cancelled
02702880-3af8-4a53-9dd1-c9604b65b108,CUST0026,2026-02-06T20:48:00,3777.54,completed
2ae8023d-5938-445d-adf9-def8c429293e,CUST0195,2026-02-06T20:55:00,938.14,cancelled
ff51fe64-40cb-45af-81c2-54c91da57649,CUST0465,2026-02-06T21:02:00,4946.53,refunded
08fac341-b706-47ac-bb47-599da5a5c483,CUST0031,2026-02-06T21:09:00,4494.85,pending
58a594b3-c488-4d38-be7c-96c86a4c9460,CUST0412,2026-02-06T21:16:00,4137.07,refunded
6afcf05a-6f7c-4ef2-b7b0-38952a16098f,CUST0289,2026-02-06T21:23:00,1157.7,refunded
a28d2e4f-c649-4765-85ff-fb8559356268,CUST0072,2026-02-06T21:30:00,2989.46,processing
2768505e-0903-4d81-a5b5-fde182087b56,CUST0098,2026-02-06T21:37:00,456.14,cancelled
2ac1346f-deea-4b09-93b5-755e8720c736,CUST0267,2026-02-06T21:44:00,2284.25,refunded
ef18a2cb-fa79-4d0b-a66d-61229473cfb4,CUST0303,2026-02-06T21:51:00,4340.14,completed
bcc423c3-43ac-4a85-894a-15885e60391c,CUST0267,2026-02-06T21:58:00,589.9,refunded
13ed5426-680e-4f99-a0c4-1ba8add14435,CUST0227,2026-02-06T22:05:00,1363.56,cancelled
d582ec08-4cf1-4dff-a92e-12d66ffd88c1,CUST0367,2026-02-06T22:12:00,1289.13,pending
086cc268-6295-4fb3-a409-569bfbbd4b68,CUST0262,2026-02-06T22:19:00,306.98,completed
7a4fe8a5-efa7-4d52-95c5-9bf087d8f8dc,CUST0067,2026-02-06T22:26:00,3001.68,processing
4296003f-2e36-47ff-841f-4e3d2b9289fd,CUST0022,2026-02-06T22:33:00,4488.25,processing
87a73b7f-6c0e-45a0-a7c1-3af1e176e8ff,CUST0023,2026-02-06T22:40:00,1843.64,refunded
fc357d15-b9f2-4c06-a8f2-dd9826b0643d,CUST0008,2026-02-06T22:47:00,238.8,completed
1b6b13d2-6c3e-4170-b198-bda0c9e90d73,CUST0360,2026-02-06T22:54:00,4314.61,pending
4b24e212-8e60-4b6b-bfc1-b1ee4d6ef0f9,CUST0131,2026-02-06T23:01:00,3145.64,pending
9a36d911-aedb-49a9-be67-c19e733ff96c,CUST0085,2026-02-06T23:08:00,1319.7,refunded
f5bec9cc-5c37-43bc-bc84-bf0f02bae61a,CUST0199,2026-02-06T23:15:00,2100.0,pending
12b802f2-9543-4b62-9588-5fc41a5eaf0b,CUST0115,2026-02-06T23:22:00,1805.17,pending
c8cd84dc-2b73-41ce-875b-2c774ace6b0f,CUST0362,2026-02-06T23:29:00,1047.08,refunded
98dca233-7243-49e0-82ba-2d11c6e98178,CUST0100,2026-02-06T23:36:00,4108.23,refunded
6b21ea53-3b75-4e68-a9a8-dc9de64df01f,CUST0327,2026-02-06T23:43:00,2192.79,cancelled
cba0895a-4087-4e9a-bb20-035b74e7193e,CUST0365,2026-02-06T23:50:00,4460.99,cancelled
54ad12b6-c26a-42db-a805-472262661d64,CUST0434,2026-02-06T23:57:00,4333.32,refunded
c5888e73-7c8b-44d8-81b8-b8d03bce248b,CUST0305,2026-02-07T00:04:00,4371.11,completed
90709fff-b8fa-42da-9649-a482be64910a,CUST0471,2026-02-07T00:11:00,1064.39,completed
606831e4-0a6d-4804-b7a9-4b9b89258f94,CUST0411,2026-02-07T00:18:00,1121.48,cancelled
d5819053-c970-420e-b119-9610c8d74e38,CUST0427,2026-02-07T00:25:00,4788.33,pending
49ea0fd8-8caa-4a74-8c1f-253d0738112c,CUST0078,2026-02-07T00:32:00,2145.22,cancelled
0b5f4ff7-d648-44e9-a298-18161cb6beb9,CUST0303,2026-02-07T00:39:00,2127.84,completed
7b02d347-3ad5-4beb-a23c-01e8c9c34a5c,CUST0022,2026-02-07T00:46:00,4661.83,refunded
aaaf682c-6204-4467-acda-a12cb378ec95,CUST0025,2026-02-07T00:53:00,1334.88,completed
6418eca5-2e1a-44c5-871d-09890ec2a3eb,CUST0420,2026-02-07T01:00:00,370.54,pending
4ab86d2d-a077-44a8-9ffd-f0aa74cd7517,CUST0195,2026-02-07T01:07:00,4935.48,pending
4f3e0558-e0ca-4824-9c26-a2ffce160515,CUST0196,2026-02-07T01:14:00,1082.03,pending
712467e3-c4c8-49f4-81a4-f75756680f68,CUST0356,2026-02-07T01:21:00,3083.2,processing
c6e9cf8d-d102-4285-949c-6dbdf1b4fa7e,CUST0067,2026-02-07T01:28:00,540.05,completed
b4908079-5487-4b3d-a4d4-e164bb374300,CUST0417,2026-02-07T01:35:00,4586.01,refunded
6f1f53c7-054b-4c5a-a507-8b6eb1c2205f,CUST0392,2026-02-07T01:42:00,3629.8,cancelled
63dba3be-6723-4123-8921-ff0d595f0530,CUST0429,2026-02-07T01:49:00,1221.9,refunded
871b7f2c-35ce-4499-a2e5-55b83fbb3c13,CUST0392,2026-02-07T01:56:00,1042.69,cancelled
63a71c6f-e4d7-4103-9467-b610985bb7ae,CUST0378,2026-02-07T02:03:00,3849.41,refunded
b0849b8e-97d0-4f81-816f-838329f48e75,CUST0210,2026-02-07T02:10:00,2416.04,refunded
cd4d4637-32e7-4bf9-a0eb-a20db6b0f24a,CUST0071,2026-02-07T02:17:00,1513.93,pending
7b1c7d96-a635-49e7-b2ac-0f52153032a1,CUST0409,2026-02-07T02:24:00,1868.68,refunded
a3685ef5-1a80-43fe-ba98-5ab740aa4c3e,CUST0093,2026-02-07T02:31:00,144.3,refunded
b1408538-93d2-4b28-9f22-834c9fd46ad2,CUST0239,2026-02-07T02:38:00,4500.73,pending
c4f844e1-3c74-4dd1-849a-30bb66a2cd03,CUST0130,2026-02-07T02:45:00,3690.38,completed
612c76eb-072a-46ea-b121-f2e55e0b0ab5,CUST0126,2026-02-07T02:52:00,4859.11,pending
4ae00790-1cb7-4a4c-8e57-2f201ee4604d,CUST0385,2026-02-07T02:59:00,495.51,pending
9c6f16cb-0d8c-4154-bbb1-b00d1277e8bb,CUST0007,2026-02-07T03:06:00,1121.44,pending
5571727b-507e-4ebc-92eb-d5d706096120,CUST0058,2026-02-07T03:13:00,109.03,completed
515bc404-0837-48be-a6ed-8f14e93259d5,CUST0139,2026-02-07T03:20:00,4325.68,refunded
60724763-36d7-4362-9c87-565491f0c6f9,CUST0106,2026-02-07T03:27:00,1706.19,refunded
4f0c95c9-98bd-4a16-bded-83f61e34f84f,CUST0075,2026-02-07T03:34:00,2381.73,pending
e035d2d2-df63-43e9-81bd-a02dacd8fd68,CUST0021,2026-02-07T03:41:00,792.27,completed
039b7e58-b7c9-4d9a-bf64-9f6583386dc7,CUST0242,2026-02-07T03:48:00,2611.62,completed
5827168c-ed08-4f71-93ef-6897ce033129,CUST0211,2026-02-07T03:55:00,4019.31,refunded
4e776904-19a5-4cd2-b2da-d43db97b4bfc,CUST0271,2026-02-07T04:02:00,3975.64,cancelled
480617da-a81b-42d4-bc3a-735af5beb8be,CUST0301,2026-02-07T04:09:00,3930.09,cancelled
f260a950-459f-4c87-82e5-11594ef65071,CUST0358,2026-02-07T04:16:00,3651.27,cancelled
fa2a8d8a-1a83-4597-a249-f426b8de8fc3,CUST0315,2026-02-07T04:23:00,4735.69,cancelled
3baa2c1f-a4a6-4c65-ba2b-90907eb75449,CUST0217,2026-02-07T04:30:00,994.93,completed
276987eb-8724-4c65-8945-f09a29c91a9b,CUST0304,2026-02-07T04:37:00,3688.48,cancelled
614a145e-7b19-44af-9c50-1891a2ca9a38,CUST0069,2026-02-07T04:44:00,1215.48,pending
3414d335-aa62-4f82-976c-4a38761e0170,CUST0025,2026-02-07T04:51:00,1832.58,completed
1b67eabf-9265-4739-984c-4e9157c3b0ae,CUST0087,2026-02-07T04:58:00,1566.22,cancelled
624887e9-fcf5-46b8-b7be-e89673e8f04f,CUST0348,2026-02-07T05:05:00,1957.15,cancelled
15e7c466-6f89-4092-8781-708aba552189,CUST0370,2026-02-07T05:12:00,547.12,refunded
300dab0c-f122-4c56-b786-b1f55f57762e,CUST0035,2026-02-07T05:19:00,2423.48,processing
7b2f5d1e-da70-4d37-8465-d32b0d0a2d3a,CUST0158,2026-02-07T05:26:00,2242.86,pending
d7699872-3117-4d07-aaa5-2cabc500264b,CUST0215,2026-02-07T05:33:00,4168.52,refunded
38465893-f4d1-40e4-a8c4-a81bf1b2dd67,CUST0489,2026-02-07T05:40:00,1354.54,completed
b500b49d-103f-4ffe-b390-2cfba7f118a9,CUST0100,2026-02-07T05:47:00,4229.65,completed
4898ea89-c40f-4462-a349-84390e0cc552,CUST0077,2026-02-07T05:54:00,4068.42,pending
3720e267-afad-4efd-b01c-d69fd901c15f,CUST0392,2026-02-07T06:01:00,4646.65,cancelled
621152ad-b6fb-451b-a557-05a305d3dc0e,CUST0172,2026-02-07T06:08:00,3833.84,completed
c2054cd6-42f3-4eaa-b797-b833b5252b63,CUST0128,2026-02-07T06:15:00,4841.58,completed
a3591be3-0ff5-4763-b8b0-ba4e478f087a,CUST0014,2026-02-07T06:22:00,492.01,processing
11067d46-9343-4687-8141-4f72d51334ab,CUST0204,2026-02-07T06:29:00,4880.8,pending
c72dbc4c-e45f-4701-877c-32a9be84feec,CUST0250,2026-02-07T06:36:00,4919.94,refunded
d5a1acee-f5dd-4c60-a0ba-364f1e778496,CUST0162,2026-02-07T06:43:00,2289.97,cancelled
ac65af15-1109-4af2-b5e5-212faef30514,CUST0083,2026-02-07T06:50:00,2280.85,pending
39fcf05c-fe6b-49c0-89be-55fb1ab309e3,CUST0114,2026-02-07T06:57:00,3479.73,processing
3736f42a-7ae9-4262-ac97-2cea7aa4ee59,CUST0145,2026-02-07T07:04:00,2827.99,cancelled
446e3595-73eb-4a97-a295-9f8d7b504500,CUST0493,2026-02-07T07:11:00,2474.05,processing
b0e5ca10-93a4-4ed4-b344-a6b015002eb1,CUST0373,2026-02-07T07:18:00,4303.32,pending
e606246a-a1b3-442a-9309-1e5c8205179d,CUST0233,2026-02-07T07:25:00,3919.24,refunded
787f65b2-d25b-4c1e-a3e3-3187d37f7ee2,CUST0181,2026-02-07T07:32:00,2949.78,processing
5f259efe-e3b1-4d85-8809-e580b3e451df,CUST0387,2026-02-07T07:39:00,4339.34,refunded
abb1703f-5dfe-464c-98b3-4695634410d7,CUST0338,2026-02-07T07:46:00,1106.01,processing
99f5eca1-87c2-4022-9e90-dedabab29c9c,CUST0466,2026-02-07T07:53:00,4902.15,completed
1a617475-6976-4de6-9bb0-599f0df29450,CUST0361,2026-02-07T08:00:00,4387.3,refunded
085704e5-e360-44b5-956f-5c5ec42718d1,CUST0297,2026-02-07T08:07:00,4419.0,processing
749e4f7a-916c-44a6-9cc4-b427718240f0,CUST0403,2026-02-07T08:14:00,669.14,completed
611c442a-8c9d-4624-8132-bb8a9211fcf4,CUST0434,2026-02-07T08:21:00,754.63,cancelled
37f67dec-cd60-466a-93db-a3bfb7b9c480,CUST0201,2026-02-07T08:28:00,2406.59,refunded
3dd4313a-65aa-4356-ad54-c1716d732547,CUST0277,2026-02-07T08:35:00,4621.59,completed
9ec3c86a-c695-4922-91af-a3f6bbf9f4c8,CUST0098,2026-02-07T08:42:00,4212.36,cancelled
a2f99649-8969-496c-8cfd-0a04a31b6875,CUST0322,2026-02-07T08:49:00,3818.31,processing
86f25cd7-0ace-441f-b819-5832bd2bec0e,CUST0129,2026-02-07T08:56:00,1046.6,refunded
d229e2c9-c198-49d2-97dc-d0fea469a103,CUST0328,2026-02-07T09:03:00,4651.2,cancelled
dc184910-5e01-43e3-b5ad-ca2b94aed20c,CUST0242,2026-02-07T09:10:00,4830.91,pending
b530dc0b-2771-481d-9118-098b9eb254f4,CUST0368,2026-02-07T09:17:00,667.31,refunded
f48b72ce-67a6-4ba3-be11-454374ed19f6,CUST0082,2026-02-07T09:24:00,3943.86,pending
27c715f1-1b29-415b-ac53-15ceb90d65f2,CUST0373,2026-02-07T09:31:00,934.63,refunded
09220843-57ae-44da-9827-aca25830b04c,CUST0076,2026-02-07T09:38:00,17.33,processing
15d1933d-123f-43bd-877b-15855cface14,CUST0265,2026-02-07T09:45:00,3030.62,processing
6126fcf6-bb6b-4560-81cc-fbbcafedf704,CUST0388,2026-02-07T09:52:00,2865.13,refunded
2f285733-e251-4ba4-934d-41ff9279c584,CUST0370,2026-02-07T09:59:00,3088.33,cancelled
c943b166-9c11-4a10-90f6-28ff93170825,CUST0327,2026-02-07T10:06:00,4665.26,refunded
be15c339-d71a-43f2-96ea-6a1424b87808,CUST0443,2026-02-07T10:13:00,3730.12,cancelled
7542d9cd-451a-4b24-accb-dfe8fd6be9e5,CUST0360,2026-02-07T10:20:00,4223.77,refunded
ec966573-7a57-459e-b6e6-f7a11a800e54,CUST0260,2026-01-01T00:02:00,-50,pending
b74d64ce-1ce5-42f2-8605-d28de25cd204,CUST0479,2026-02-07T10:27:00,4544.85,refunded
07a9c17c-4cc7-4ced-9b0c-ec2735bec033,CUST0209,2026-02-07T10:34:00,836.58,processing
b65ee733-f413-4741-a2eb-5c1509f55ea2,CUST0088,2026-02-07T10:41:00,331.46,completed
0bb95bcd-6f5a-4f24-a998-f3c5d38e9e19,CUST0449,2026-02-07T10:48:00,3451.51,completed
29197039-ff60-4eb8-aa8e-a8a77bc9459e,CUST0222,2026-02-07T10:55:00,315.42,pending
779a794f-74bc-49cc-b621-8eddf83c3905,CUST0158,2026-02-07T11:02:00,2389.14,cancelled
a954f6ca-5553-4c3d-b680-5b1144dfeef1,CUST0455,2026-02-07T11:09:00,4608.93,completed
872380de-7606-46ef-9244-417c8385402b,CUST0265,2026-02-07T11:16:00,3066.51,refunded
c3d71764-2dc1-4a21-9554-db16083a2ac4,CUST0031,2026-02-07T11:23:00,1962.42,pending
1f83a5e9-d78f-47ed-b672-239a610b2525,CUST0460,2026-02-07T11:30:00,1933.69,pending
f55e0194-89fb-4bb4-9143-980a81dfbffb,CUST0003,2026-02-07T11:37:00,2646.73,refunded
c2f846f0-6abf-46cd-903d-f68283cece22,CUST0342,2026-02-07T11:44:00,2929.83,pending
8d346347-b799-43c0-b591-ea9eeddbbbb7,CUST0194,2026-02-07T11:51:00,4839.8,cancelled
0c24a4f2-132d-4d29-8cdf-4ad4d9750dc0,CUST0110,2026-02-07T11:58:00,3142.72,pending
1b8a362a-0da8-4b98-92eb-33c2cbc727d6,CUST0316,2026-02-07T12:05:00,2589.87,refunded
fbb16eb5-9322-4dec-b710-fb2d57052d29,CUST0098,2026-02-07T12:12:00,1349.37,pending
aff33250-1cb3-4fb8-8e43-efa0da164c19,CUST0279,2026-02-07T12:19:00,4981.76,processing
9c6aa69f-2232-4d6d-a976-a666fd7f3dca,CUST0204,2026-02-07T12:26:00,4091.99,processing
52509e40-6ab8-42b4-a340-82d9666de282,CUST0496,2026-02-07T12:33:00,2587.78,cancelled
33dce539-87b5-4597-800f-85e90cd00b18,CUST0483,2026-02-07T12:40:00,1105.56,processing
e5d9f23a-866d-47dd-ae4f-7c657a9532e9,CUST0268,2026-02-07T12:47:00,3722.51,completed
520d9270-6ec3-4bd8-8a48-b0b5a89e10b5,CUST0200,2026-02-07T12:54:00,1565.02,processing
43f7c612-0a54-4c9d-b41b-7751362ccc60,CUST0439,2026-02-07T13:01:00,4856.43,completed
f37a2392-82bc-4dbd-909d-f995bf1640a0,CUST0031,2026-02-07T13:08:00,4413.34,refunded
cb9b304d-22d0-43b3-81ef-2f3cb34bc036,CUST0087,2026-02-07T13:15:00,2181.15,completed
ed60a75a-8b8c-4976-ba53-1494d44b9235,CUST0036,2026-02-07T13:22:00,2483.12,processing
99e52903-4db0-4d62-9503-8ba8fd89ea22,CUST0047,2026-02-07T13:29:00,4039.43,completed
42c50d89-4b3c-48f4-b237-3edb34b57e6a,CUST0114,2026-02-07T13:36:00,2579.38,cancelled
6f150c90-c3b4-490b-8ea7-f65c4bb33cf0,CUST0108,2026-02-07T13:43:00,2179.54,completed
9bfb662e-dcdb-411c-b3f1-c6f54f291930,CUST0237,2026-02-07T13:50:00,4819.82,cancelled
b76329d3-403d-42cf-93a5-4ec0df6e86d6,CUST0168,2026-02-07T13:57:00,3325.03,completed
9a722eb0-84c7-4961-8771-c88d18b8345c,CUST0282,2026-02-07T14:04:00,900.84,refunded
699b7099-5fe5-4116-b739-54377ca63742,CUST0093,2026-02-07T14:11:00,728.76,completed
4148acab-d4ce-4302-92e6-2ec8cfc1fde5,CUST0024,2026-02-07T14:18:00,3005.25,refunded
5bc0d900-e00e-401f-a859-b1cea9cadaf2,CUST0123,2026-02-07T14:25:00,1757.27,pending
111c9fff-18f0-4911-9b12-ac20e2346ac8,CUST0355,2026-02-07T14:32:00,570.35,refunded
dd7cb8ce-be92-40f0-b3b6-feb671f9298c,CUST0245,2026-02-07T14:39:00,4960.53,pending
6fbaeeb7-c7a8-41f0-a373-75cb44ebd8eb,CUST0006,2026-02-07T14:46:00,2964.08,refunded
400bad43-4242-4b9d-97b4-b81facfc5475,CUST0065,2026-02-07T14:53:00,3940.23,cancelled
da18b1b6-8c29-4dc8-aa99-2b1ec8a37d85,CUST0246,2026-02-07T15:00:00,1537.75,completed
650bc2a6-354c-418b-86a8-fa45e75b5f6e,CUST0320,2026-02-07T15:07:00,777.92,pending
969771fa-906c-47c8-8621-680a253d269f,CUST0498,2026-02-07T15:14:00,4036.34,processing
cb700f30-e308-4f7c-a9ef-30220a7789db,CUST0288,2026-02-07T15:21:00,762.84,cancelled
11a382cd-4ff1-4e2f-b4fa-ce1ad319c203,CUST0047,2026-02-07T15:28:00,972.66,refunded
ea1c0664-ae00-45df-bb1d-fbb9fd3ef44b,CUST0220,2026-01-01T01:15:00,75.00,not_a_real_status
286498fe-2ba0-4fc8-9530-a0ae7a03c0df,CUST0478,2026-02-07T15:35:00,4471.19,completed
4909c79b-8abd-4ddb-a3d8-33fa5bf69bea,CUST0243,2026-02-07T15:42:00,3644.99,processing
2b754641-6eae-4b77-9655-fffaa983585f,CUST0124,2026-02-07T15:49:00,2536.81,cancelled
b7e576ce-3f31-48f6-a5b0-9d4beca27fc8,CUST0171,2026-02-07T15:56:00,828.16,pending
f9c1e830-3b43-4769-a0ff-e68779532cc1,CUST0399,2026-02-07T16:03:00,3593.15,refunded
b7a46e66-5ffb-411f-a1bf-0e38dc644438,CUST0224,2026-02-07T16:10:00,3807.29,completed
7770ba59-1d64-4aee-b004-455fb7b85265,CUST0178,2026-02-07T16:17:00,536.07,cancelled
ef8a7c64-32e8-48d2-816d-7171c7968736,CUST0049,2026-02-07T16:24:00,383.9,refunded
acff4337-c535-475e-80a4-a0bd3c7d41fe,CUST0023,2026-02-07T16:31:00,111.3,pending
d6c2f170-d888-4b49-ba2f-cbf67cad9bb8,CUST0161,2026-02-07T16:38:00,3016.29,processing
d9a653eb-6558-4a55-bc28-596517811618,CUST0295,2026-02-07T16:45:00,466.2,processing
df89f1f0-00a0-43ac-8b4a-89dab156e37f,CUST0487,2026-02-07T16:52:00,2703.83,refunded
cba6f287-6dba-4a2c-95ba-fcea4731afbe,CUST0395,2026-02-07T16:59:00,4342.88,pending
8bcf5a7d-0bd5-4c77-b830-c9b5fcb01e38,CUST0259,2026-02-07T17:06:00,824.79,completed
fe86ed78-1d6c-4311-8dae-8bb802de0d49,CUST0087,2026-02-07T17:13:00,1407.6,refunded
fd2abb34-6840-436a-93bc-ab7a58a830b1,CUST0129,2026-02-07T17:20:00,891.34,processing
892ac0ed-b5bf-4be8-a928-226abf2ac14c,CUST0481,2026-02-07T17:27:00,4311.09,completed
9a508fe7-7933-4e00-a556-d65d80bc5cdd,CUST0307,2026-02-07T17:34:00,1342.62,processing
fcc9b0cf-486e-4437-b4cf-62060a5657fe,CUST0123,2026-02-07T17:41:00,589.88,refunded
3f4f151c-171d-4b92-860b-ed99840033ba,CUST0500,2026-02-07T17:48:00,3689.27,cancelled
ab88e81c-62a7-49f7-8ef5-6be36fa84077,CUST0425,2026-02-07T17:55:00,4279.11,refunded
1cfe4ebb-bfc6-48bd-90a3-87c4983b9225,CUST0307,2026-02-07T18:02:00,1841.05,completed
00a647db-fa9c-4688-b92e-dbaadd85fa4d,CUST0276,2026-02-07T18:09:00,2259.54,processing
f3fbefce-50f8-4cc6-963c-a2d965e07ea4,CUST0135,2026-02-07T18:16:00,2707.71,cancelled
353b4a46-8b17-400a-99a8-7931e84dca48,CUST0220,2026-02-07T18:23:00,2779.19,cancelled
053e8c3e-d0dc-4833-9d37-ecaff465198d,CUST0193,2026-02-07T18:30:00,501.13,refunded
79ed642a-3a2e-43f3-88b4-4ccd117f0ea7,CUST0250,2026-02-07T18:37:00,3033.15,pending
d332899d-3274-4b8f-96ac-8dadc4b158d0,CUST0367,2026-02-07T18:44:00,1547.38,processing
5dbf2531-a419-44f7-875f-1b103db7a96c,CUST0028,2026-02-07T18:51:00,148.07,refunded
23820d3f-32fa-4d02-aa42-bad1add3eac6,CUST0365,2026-02-07T18:58:00,1947.67,cancelled
f5a36024-b55b-4c88-b710-c30e6b242419,CUST0261,2026-01-01T01:03:00,75.00,not_a_real_status
1145c129-d0a5-408d-9abd-1f1a6f4efd49,CUST0310,2026-02-07T19:05:00,865.44,processing
abd9fbaf-5f3d-4ece-abfa-8e4bcb1854d2,CUST0498,2026-02-07T19:12:00,1292.66,pending
07705f0e-cef2-4973-ad66-b6ee03b7d9c4,CUST0258,2026-02-07T19:19:00,2167.97,processing
8ae58492-04dd-44ab-82f8-281a1c1f2029,CUST0021,2026-02-07T19:26:00,719.74,completed
82e498f6-2d32-4b37-920c-21b8902da830,CUST0291,2026-02-07T19:33:00,4424.41,pending
62455983-4b0a-4e84-8351-16ce9b56fbf7,CUST0360,2026-02-07T19:40:00,2496.7,refunded
81b6e68c-0505-4ebd-b0f3-16f1b7204fdf,CUST0281,2026-02-07T19:47:00,3629.85,processing
dfc008bf-b470-4be7-8bb2-b80e964faf83,CUST0197,2026-02-07T19:54:00,4495.36,processing
7fdae005-03ab-42e7-8083-693d1aa0d34b,CUST0063,2026-02-07T20:01:00,4133.81,cancelled
6d01040b-ac9b-4c3b-87fc-fe9802aad68a,CUST0298,2026-02-07T20:08:00,98.84,cancelled
f572c5f6-4633-4a03-8a92-06baf3246161,CUST0496,2026-02-07T20:15:00,4770.54,completed
7160cd49-5ad4-464f-96d6-8c7946baef83,CUST0191,2026-02-07T20:22:00,1035.97,refunded
e4e81982-0efa-4f38-b6eb-0b1e994efa35,CUST0500,2026-02-07T20:29:00,2823.64,cancelled
588f8a4f-f3bd-40ad-982d-a520e1c7cb78,CUST0353,2026-02-07T20:36:00,1674.28,cancelled
160613c6-c25b-48c1-88b6-867b788a6cd3,CUST0399,2026-02-07T20:43:00,4609.98,completed
97f08d8a-987e-4b0b-b43d-262d6140c0d8,CUST0493,2026-02-07T20:50:00,1909.18,pending
960ba6e5-d90f-4608-9b84-eb448cb0b7e0,CUST0258,2026-02-07T20:57:00,2517.0,pending
f277c7d8-7329-4a54-ba25-f1cf1e058407,CUST0174,2026-02-07T21:04:00,3576.53,refunded
75028814-f269-45d7-9d66-0b015a4ee2ac,CUST0027,2026-02-07T21:11:00,1646.5,pending
d1d48826-14ec-4210-bfd9-31594aee927d,CUST0034,2026-02-07T21:18:00,2070.5,refunded
f0f3b698-6b36-4ea1-98aa-65afa8447a5c,CUST0400,2026-02-07T21:25:00,3026.56,processing
,,not-a-date,abc,
1b595bcc-0edc-4bac-a975-1ebf9f38048f,CUST0359,2026-02-07T21:32:00,46.39,cancelled
e4b7c36e-1a01-4d9a-b127-38357f124835,CUST0203,2026-02-07T21:39:00,1450.73,processing
e6a1f1fa-d0d8-4985-992d-53c62d9dd5f7,CUST0243,2026-02-07T21:46:00,3161.09,processing
073ee713-cbaa-4283-8459-b1d423a19de7,CUST0008,2026-02-07T21:53:00,2107.89,cancelled
4a671399-6d77-467f-9141-da6cb85a0693,CUST0229,2026-02-07T22:00:00,868.71,pending
1f63fec6-6edf-4c16-925f-32922d3384ff,CUST0260,2026-02-07T22:07:00,3070.14,completed
587a7637-834c-4af1-ace4-4f8f0f276dc3,CUST0066,2026-02-07T22:14:00,1556.1,cancelled
85c8534a-92ec-41c7-8379-74de2d5e7aaf,CUST0268,2026-02-07T22:21:00,287.54,pending
367ba2f0-e4fc-4b61-b9de-a6b4d958860f,CUST0157,2026-02-07T22:28:00,64.38,refunded
ccd71d9f-527d-43f3-a290-0e22ec23b6c3,CUST0434,2026-02-07T22:35:00,4430.52,completed
8ee24dfc-acb5-40cb-9a15-e67301d07466,CUST0301,2026-02-07T22:42:00,3152.09,pending
bdf0e719-098a-4099-99b9-940cc9120611,CUST0430,2026-02-07T22:49:00,1509.09,processing
0391ed1b-26f1-4900-bdde-f3c752b80456,CUST0031,2026-02-07T22:56:00,2514.22,processing
ee0c84d6-f967-4c95-b3bb-8c9966567cc2,CUST0154,2026-02-07T23:03:00,1135.11,pending
3c004fc9-77df-4ecc-ab7d-0e69c3a0cfe6,CUST0332,2026-02-07T23:10:00,695.07,completed
a491224e-6f0a-401d-acba-8bd2463c5f70,CUST0283,2026-02-07T23:17:00,1994.13,cancelled
db386e67-1443-4646-8929-e83ccb739076,CUST0402,2026-02-07T23:24:00,1628.3,refunded
9e8a47d8-c10e-4a98-b742-894588343862,CUST0162,2026-02-07T23:31:00,2965.21,pending
39567706-a08a-4fc0-a8d1-18203da01c2a,CUST0438,2026-02-07T23:38:00,1961.52,processing
675bb3bf-762a-4bfb-9ac9-d1ecd437cbb9,CUST0281,2026-02-07T23:45:00,1226.91,completed
b42004ad-704b-4d35-8dbf-d493a3274632,CUST0244,2026-02-07T23:52:00,1862.72,pending
964126d0-d929-4007-820b-7d630fd1b513,CUST0243,2026-02-07T23:59:00,3447.79,completed
c654fc43-40d3-442b-921a-2873b5a1ddfa,CUST0294,2026-02-08T00:06:00,1940.13,processing
39fb8656-be8b-409a-9f86-2b5fc07a8624,CUST0371,2026-02-08T00:13:00,642.51,pending
22c62198-fd16-409d-882d-fa1fb9baf6a7,CUST0165,2026-02-08T00:20:00,992.25,pending
a337ff50-01a5-4e79-ac5a-b1ad59617dae,CUST0427,2026-02-08T00:27:00,511.97,cancelled
30028d08-babe-4d16-81ee-e7912d1804d8,CUST0068,2026-02-08T00:34:00,4927.88,processing
dff7a059-ee81-4361-b3fa-888e7858589e,CUST0113,2026-02-08T00:41:00,623.85,cancelled
8c091a0c-9f31-4bf0-ae3a-ba63ea048db1,CUST0348,2026-02-08T00:48:00,2585.81,completed
4400a4c6-be37-401e-b595-7e4b7f0c163a,CUST0233,2026-02-08T00:55:00,1695.93,cancelled
e8ecfd4e-74ca-4d9c-8257-155fc7565bb2,CUST0061,2026-02-08T01:02:00,3687.03,refunded
925e6fb5-640a-49d7-bd4b-494526e136ec,CUST0305,2026-02-08T01:09:00,1338.44,completed
fd34e25a-5641-4358-81a0-6620e00d2b4d,CUST0455,2026-02-08T01:16:00,1740.12,completed
d52aca93-59df-4eeb-80cc-a728b04a6a8a,CUST0283,2026-02-08T01:23:00,4417.42,pending
410a4d9b-c697-4dd6-a92e-e1acbb861afb,CUST0402,2026-02-08T01:30:00,1750.04,completed
d0b022aa-3dfe-4498-a571-d0335d8a484d,CUST0070,2026-02-08T01:37:00,2386.15,pending
50524ba5-c845-465c-8288-98531361a54a,CUST0333,2026-02-08T01:44:00,3794.62,completed
d561f392-6073-4ce3-8cf6-c946146bb13f,CUST0398,2026-02-08T01:51:00,2436.42,completed
bcad05ec-dfae-42c6-82d9-d8d38497521f,CUST0447,2026-02-08T01:58:00,971.74,processing
3a95f189-671e-49ba-b9e0-78c5b6fd819d,CUST0442,2026-02-08T02:05:00,4157.77,completed
a430b395-fba8-46c3-b4d8-8fd4d29c31a3,CUST0462,2026-02-08T02:12:00,4707.83,completed
6985f654-3d19-46b8-b49c-5a9a22926b79,CUST0409,2026-02-08T02:19:00,3114.21,cancelled
1d7c74d7-bf4d-42e7-8a09-f80f423f64ba,CUST0015,2026-02-08T02:26:00,2624.72,completed
704d6d2b-0d97-4e8c-ab4f-b68256acf1c7,CUST0333,2026-02-08T02:33:00,2194.78,pending
c089c9d4-3091-4d3f-9134-61c23f6eb43c,CUST0281,2026-02-08T02:40:00,2153.79,completed
041cfcf4-11a1-45f1-ab43-6bf59f1b485c,CUST0364,2026-02-08T02:47:00,2506.62,processing
fa455710-0f4e-4094-bc41-e05b109d2349,CUST0055,2026-02-08T02:54:00,1510.59,completed
53e08305-1da2-4b10-b763-8af3408e97b0,CUST0014,2026-02-08T03:01:00,3400.29,refunded
adac2353-9c28-4f21-8971-fa24b19194e7,CUST0496,2026-02-08T03:08:00,3100.22,completed
8fa19425-be12-4120-89ed-984aa3de0d5a,CUST0369,2026-02-08T03:15:00,3385.56,completed
5121bb77-6edf-46d3-a5a8-d06c39e34883,CUST0373,2026-02-08T03:22:00,757.57,cancelled
6d78180a-c869-4c79-b926-315434bd9cc3,CUST0032,2026-02-08T03:29:00,4325.48,processing
2437af57-7530-4305-a17d-eff6e0797080,CUST0418,2026-02-08T03:36:00,4063.98,cancelled
e17db06b-d099-489e-b3ec-ff254d572b77,CUST0163,2026-02-08T03:43:00,4270.39,refunded
2ee0ba70-32d3-4aac-aa4c-0b53001054bc,CUST0493,2026-02-08T03:50:00,3343.11,cancelled
52228807-0b4d-4c46-95f2-c5a283a30fb4,CUST0481,2026-02-08T03:57:00,3015.19,refunded
c3aa26c9-7438-49a2-bab9-04f15ae77c8e,CUST0160,2026-02-08T04:04:00,3790.67,refunded
8f168e93-d838-4fbb-ac34-4b78a65f95bb,CUST0255,2026-02-08T04:11:00,4513.67,pending
78dc0344-b157-484f-98de-3a1ac8d97318,CUST0095,2026-02-08T04:18:00,4860.9,processing
1ca73c30-8c93-42c8-8a0f-19fa46be87bf,CUST0460,2026-02-08T04:25:00,4097.26,refunded
08147a1a-74b0-4a5f-aa93-d7172d8c4597,CUST0481,2026-02-08T04:32:00,355.09,processing
2655bb7f-a5be-4af1-9aa5-8ccd5b1b081d,CUST0300,2026-02-08T04:39:00,4991.5,pending
01d056d3-a533-4902-a380-b16444a5ae2f,CUST0467,2026-02-08T04:46:00,2944.69,completed
bc1bc673-c14a-4ebb-a371-87db9faa60b3,CUST0062,2026-02-08T04:53:00,1428.07,processing
e5f0100b-2889-4e97-be76-032ed1d2a5e3,CUST0186,2026-02-08T05:00:00,2080.2,cancelled
89d6f78f-7b37-40ee-9fb7-5fb1acbec3ed,CUST0140,2026-02-08T05:07:00,3282.76,refunded
41d3f7cf-e5c0-4c97-a042-676692e1d97e,CUST0316,2026-02-08T05:14:00,330.32,pending
7a735d0b-7bdf-48e3-b6ff-6f7b81997bf8,CUST0486,2026-02-08T05:21:00,1462.14,cancelled
ab82401d-a939-41fc-b98d-1f91947cb943,CUST0253,2026-02-08T05:28:00,4770.62,refunded
fe953447-7d73-408b-9bb9-a293c22dba4d,CUST0245,2026-02-08T05:35:00,3856.51,pending
49a7eb0e-9ffc-46b0-bce9-46d349073e06,CUST0294,2026-02-08T05:42:00,3811.48,processing
d9131faf-46b8-4988-b51f-75e0ca38201d,CUST0424,2026-02-08T05:49:00,3871.42,pending
878b0890-a9f4-403a-b424-91772f14c118,CUST0186,2026-02-08T05:56:00,3857.37,processing
d12099e6-028d-4e59-9880-385bb960284d,CUST0180,2026-02-08T06:03:00,3821.59,pending
eb8e59df-0ecc-44ec-8ad0-8b6a8c32f2ed,CUST0205,2026-02-08T06:10:00,1236.11,processing
7adc3652-28fb-415c-9567-7049f682eb3e,CUST0039,2026-02-08T06:17:00,34.64,completed
056a08c6-8c0f-4b18-a6ef-12641a25ea00,CUST0490,2026-02-08T06:24:00,2849.03,pending
0628e825-5108-49d0-a8f1-2726acf10d0c,CUST0486,2026-02-08T06:31:00,1324.39,refunded
24a22f19-9a44-447c-90cf-c3d3eec11af3,CUST0062,2026-01-01T01:31:00,75.00,not_a_real_status
5373a25d-8d06-4d27-94a0-95aaee6742de,CUST0050,2026-02-08T06:38:00,706.41,cancelled
9c9250f2-b885-41c3-ae73-2b48f22f3c6d,CUST0243,2026-02-08T06:45:00,1504.66,completed
fd82d551-96ba-454a-999b-990edf61177a,CUST0099,2026-02-08T06:52:00,2413.95,completed
cd793680-96b7-47f7-ba42-91f58d4d7df4,CUST0222,2026-02-08T06:59:00,1335.07,processing
116f8335-fcfc-4f50-abf6-3751bade817d,CUST0075,2026-02-08T07:06:00,693.84,completed
cc2a6078-540f-4646-b25c-0c282fa6c965,CUST0177,2026-02-08T07:13:00,3264.21,pending
38db0dff-972f-4204-bfc6-f8b3dd739b11,CUST0383,2026-02-08T07:20:00,4514.98,processing
63b9c184-f5c6-48e9-bbb7-e1ddb4daf04d,CUST0160,2026-02-08T07:27:00,3812.48,pending
a2bb48bd-fca9-474d-b409-28fae21c8bcb,CUST0005,2026-02-08T07:34:00,708.69,pending
62956688-2c98-46f6-8924-4f26dc5eb68f,CUST0431,2026-02-08T07:41:00,146.72,pending
152adee4-a84b-4620-b3d6-30c770f6f4e7,CUST0346,2026-02-08T07:48:00,2599.97,processing
8a290dfe-c5dc-44fb-970e-9de76861b638,CUST0270,2026-02-08T07:55:00,1346.91,pending
06bece77-d531-4738-af7b-407b58d8ada5,CUST0330,2026-02-08T08:02:00,3604.35,cancelled
d823aaa4-c405-4dbd-8b82-b9dddc3f2128,CUST0500,2026-02-08T08:09:00,942.67,cancelled
3e9fb22a-0526-42c7-9a04-62f22185efc0,CUST0246,2026-02-08T08:16:00,2135.7,processing
3f8ee727-ae3f-4cfb-8977-25eb72cc2fd8,CUST0452,2026-02-08T08:23:00,475.5,cancelled
6f479e2a-c8da-458b-9154-5a30c7f5e15b,CUST0332,2026-02-08T08:30:00,1066.18,processing
f0965978-5898-4caf-8db4-6e0f39ef2001,CUST0267,2026-02-08T08:37:00,2867.87,processing
d94b66d1-d701-41b6-9e99-07f0918c1d82,CUST0165,2026-02-08T08:44:00,4625.89,processing
96ae99eb-870b-4d1c-8f08-4a5f875c6bfa,CUST0375,2026-02-08T08:51:00,4431.72,completed
8ad02f1e-27a1-4370-ae34-bb6fe2ee1e8f,CUST0213,2026-02-08T08:58:00,3897.71,completed
b73e3687-2535-4f00-94b2-6b78112ca76e,CUST0190,2026-02-08T09:05:00,4201.55,completed
9fb8cb5a-1c61-4991-aedd-3654c99542ec,CUST0054,2026-02-08T09:12:00,1320.88,completed
ec207af6-77f9-40bf-9c4c-64b5ec70f487,CUST0478,2026-02-08T09:19:00,4366.63,pending
74abac9a-a67d-4dd7-be9a-0e084e431a9d,CUST0442,2026-02-08T09:26:00,2814.09,refunded
19f21440-f198-40c7-b63a-6c82b9250070,CUST0476,2026-02-08T09:33:00,4980.4,cancelled
f3cfc445-af80-4f25-9dc7-7222e02e1721,CUST0142,2026-02-08T09:40:00,4986.0,pending
04560fb9-54e5-4e21-ac9a-422a236327d6,CUST0061,2026-02-08T09:47:00,4566.07,completed
ffd85224-5f60-45cd-a63b-1679033a21f2,CUST0082,2026-02-08T09:54:00,81.18,pending
da2c4f44-61db-40be-8b4d-641e9f8a2e73,CUST0499,2026-02-08T10:01:00,1754.15,cancelled
662e09be-c610-4795-913e-67f3b0f5ba0e,CUST0144,2026-02-08T10:08:00,4052.33,cancelled
93451dde-f25a-4023-9f99-8164a7c4357b,CUST0350,2026-02-08T10:15:00,405.56,cancelled
cc4aef16-4ced-476f-9858-c51dafda1355,CUST0225,2026-02-08T10:22:00,584.03,cancelled
4559f50b-c197-45b6-a275-0a99c9cb9a84,CUST0045,2026-02-08T10:29:00,429.73,pending
f89e88d8-6caf-4fb3-9ac9-5dfd6e1d6350,CUST0227,2026-02-08T10:36:00,171.51,pending
9e8ebb7e-fc16-40cc-ba53-65456b14dd3e,CUST0014,2026-02-08T10:43:00,4813.34,refunded
be07d115-bd3a-412f-a435-c60c8f50af45,CUST0265,2026-02-08T10:50:00,1205.19,completed
d6cc754e-3798-4a6b-bf68-a5cda7d826be,CUST0083,2026-02-08T10:57:00,857.8,pending
617eebb1-5bdc-43c2-a65c-30a5705f307c,CUST0226,2026-02-08T11:04:00,3905.34,pending
9aa7d42e-ff20-4b68-8792-7ac49b5e8751,CUST0287,2026-02-08T11:11:00,3318.92,processing
a0e1ae7a-9d34-4e91-9d50-793bbdb41fa9,CUST0161,2026-02-08T11:18:00,3314.11,cancelled
2c19f068-391b-42f0-88c7-5d80f07f9df5,CUST0299,2026-02-08T11:25:00,3727.89,completed
ccdfcddb-6e38-469c-acbf-b7c727b64b5a,CUST0120,2026-02-08T11:32:00,2388.02,processing
27e0c30e-4f76-44e7-b2ce-c9fbe8c9cf8d,CUST0318,2026-02-08T11:39:00,950.45,refunded
d6b57f30-c6eb-42ea-86ec-e336d9edbc3b,CUST0386,2026-02-08T11:46:00,260.09,completed
51349961-8ae4-4965-a52c-2b97dd1ff8e3,CUST0312,2026-02-08T11:53:00,3012.0,processing
40e7ad99-3cdc-4112-8f09-168baf979ff9,CUST0237,2026-02-08T12:00:00,3949.88,pending
549e3669-6ffc-4496-95d1-b4136552d0a9,CUST0092,2026-02-08T12:07:00,3012.26,processing
c0c64c80-f5af-42a0-8f35-c2c7f26e09fe,CUST0332,2026-02-08T12:14:00,1753.91,processing
7101db38-a645-4ebf-a9ab-c67c9415b54a,CUST0137,2026-02-08T12:21:00,164.37,processing
9867a84d-9e5a-468a-b265-464c0519d7b2,CUST0167,2026-02-08T12:28:00,4745.9,pending
f33e8dd2-ee97-4037-8d5c-8c49c1fb119a,CUST0496,2026-02-08T12:35:00,594.5,completed
9ef8de41-07fc-4d23-b301-76c79b9009c4,CUST0032,2026-02-08T12:42:00,3849.47,processing
ccfa09d6-5737-4d75-b4c4-8e38cc13c551,CUST0008,2026-02-08T12:49:00,261.27,cancelled
d474ed44-4392-4e50-92f1-684e07250093,CUST0331,2026-02-08T12:56:00,2475.7,cancelled
a53bd4f5-9fc2-40e9-b7f2-07df9765f38a,CUST0040,2026-02-08T13:03:00,4681.52,refunded
25f1661c-635e-45fc-932e-86e28696cd94,CUST0273,2026-02-08T13:10:00,3079.1,completed
2fa43fe3-484a-4267-97f3-ff795bc19d62,CUST0250,2026-02-08T13:17:00,3305.71,pending
63411f76-92fa-427b-bb98-525b887d235a,CUST0168,2026-02-08T13:24:00,413.36,cancelled
002efaf4-9e89-4779-afa1-c4c1d282219b,CUST0158,2026-02-08T13:31:00,970.73,completed
6d446ae5-4e83-4e57-8a96-6b46ab638aba,CUST0424,2026-02-08T13:38:00,1430.42,pending
00f08cc5-045f-4cb9-98c8-2c05461abfc9,CUST0016,2026-02-08T13:45:00,2395.26,pending
0b57fe28-90c6-4462-8259-92bc23cca9e5,CUST0286,2026-02-08T13:52:00,4507.64,pending
d45e2c50-6ddb-417c-ba7d-0fdd8a3b38b9,CUST0132,2026-02-08T13:59:00,3735.36,pending
42936c24-818b-48bb-9913-114f50abe699,CUST0213,2026-02-08T14:06:00,1270.87,completed
97e625b9-e13e-4eb9-8623-7ba7d5696f34,CUST0431,2026-02-08T14:13:00,4878.62,pending
81ded2ff-0c5e-4be4-a358-d068c554b265,CUST0120,2026-02-08T14:20:00,1861.02,cancelled
a4f8029b-f548-4af4-90b3-4664ed3267c3,CUST0284,2026-02-08T14:27:00,52.63,pending
d34dbef3-8c78-473b-bc57-27c1d0418a96,CUST0119,2026-02-08T14:34:00,2348.78,cancelled
54f65db3-2ba8-460a-8f66-fe2c4ed77931,CUST0301,2026-02-08T14:41:00,2966.31,cancelled
e6a5527b-079c-4904-b094-1145b45ea01c,CUST0301,2026-02-08T14:48:00,1518.94,completed
bac458b2-baee-476a-9701-9ce85ce3ff9c,CUST0480,2026-02-08T14:55:00,1451.98,refunded
a15abaf0-a5cd-4110-9ca7-cf32daa91820,CUST0331,2026-02-08T15:02:00,89.2,processing
8a287ff8-ab74-4411-9b47-4826651b5779,CUST0287,2026-02-08T15:09:00,810.69,refunded
f6494e04-14c7-48ea-9c50-5abc21a76267,CUST0295,2026-02-08T15:16:00,3573.01,cancelled
bab8f2a4-8a17-4781-b28f-7d4b19d9361e,CUST0497,2026-02-08T15:23:00,4856.52,processing
b87c828a-fa3b-4679-8f49-a60b7bce299a,CUST0236,2026-02-08T15:30:00,3698.67,refunded
6cb038b0-6b94-4f60-a16c-513a494db64b,CUST0116,2026-02-08T15:37:00,309.78,pending
fe07973c-966d-4d68-8a42-f02236e02e30,CUST0275,2026-02-08T15:44:00,4845.8,completed
ce4d1803-2c70-4646-9dd3-caa28e0daf93,CUST0121,2026-02-08T15:51:00,2716.66,completed
6b90f8fb-3f73-4f2f-9be9-ae38779a1667,CUST0260,2026-02-08T15:58:00,2690.11,cancelled
19476f3a-a012-4762-a1a6-878df086a0fb,CUST0436,2026-02-08T16:05:00,3828.44,refunded
968f232a-123f-4fb3-9edd-bc2235144e25,CUST0261,2026-02-08T16:12:00,2372.27,pending
958e03de-ea8f-4883-bd67-6f646addb421,CUST0372,2026-02-08T16:19:00,2602.4,processing
ba8f245e-b146-4491-a02a-cfdd0fad1ad6,CUST0260,2026-02-08T16:26:00,2002.52,pending
f9ace306-4747-4fde-8344-a4d11a16c5ad,CUST0456,2026-02-08T16:33:00,2232.14,completed
a07b29d8-acf5-461e-a5a4-d7c1985da92f,CUST0133,2026-02-08T16:40:00,4562.4,processing
2cf5e1db-c9f6-49d9-a986-f0b824f14ca8,CUST0462,2026-02-08T16:47:00,3433.52,cancelled
5c765dce-6f13-4483-a1cd-cd829df4e2be,CUST0383,2026-02-08T16:54:00,2439.57,processing
a577f284-92c0-4281-bc50-a6ac9548b179,CUST0172,2026-02-08T17:01:00,1486.52,processing
b7ffe07e-9183-4554-bb22-b93b1b091fee,CUST0083,2026-02-08T17:08:00,172.74,refunded
cd6a5d97-faef-4990-b2ed-180140f3293f,CUST0036,2026-02-08T17:15:00,3001.73,completed
9b3ab07f-a74e-453e-8b4f-fdc597e2a630,CUST0245,2026-02-08T17:22:00,1144.93,cancelled
6cb0dbc1-7605-4003-a6c8-4c6e05617052,CUST0395,2026-02-08T17:29:00,270.23,pending
4f2df39c-a69e-49ee-809b-01f6fa423331,CUST0257,2026-02-08T17:36:00,868.7,pending
2de18808-8803-44ae-8508-6964990ab67a,CUST0215,2026-02-08T17:43:00,4157.96,completed
1f5b1e2d-c181-462c-8bca-96542c9198b6,CUST0296,2026-02-08T17:50:00,631.83,cancelled
a3c75513-e5fc-4c44-a847-35cf71e5d244,CUST0273,2026-02-08T17:57:00,4270.43,completed
94b8bf51-c865-472f-83cb-a985882bb7c3,CUST0179,2026-02-08T18:04:00,2213.68,completed
ef57aa82-e7b5-4b36-81bc-2b936f98d832,CUST0484,2026-02-08T18:11:00,1536.04,completed
e06b070a-81ec-442f-8df5-29818048f280,CUST0326,2026-02-08T18:18:00,2912.94,cancelled
869e19f7-e4a9-4cc6-848e-1fc9bc9e0ee7,CUST0220,2026-02-08T18:25:00,3595.31,refunded
11f407a6-081b-4808-8896-a937ee89e23f,CUST0306,2026-02-08T18:32:00,1115.85,cancelled
07cb7cd5-1831-42bd-b3fc-cb598c9e7d07,CUST0011,2026-02-08T18:39:00,760.79,completed
57d835e3-f5b3-4556-a693-bbcd184f2d5c,CUST0146,2026-02-08T18:46:00,3850.67,refunded
1b084b6b-faaf-4bdb-b5d8-73ea8e88b128,CUST0270,2026-02-08T18:53:00,547.97,refunded
0f7e360b-84c6-4299-8878-6c8175f0f5e6,CUST0124,2026-02-08T19:00:00,4655.63,pending
dcb1a8ba-dcb9-423c-84f6-bff40812dbb8,CUST0218,2026-02-08T19:07:00,1261.01,completed
c61ae458-2669-454b-bbf0-5c96ca377939,CUST0418,2026-02-08T19:14:00,1079.32,completed
2517c593-c96b-48da-abd6-d5632db0995d,CUST0333,2026-02-08T19:21:00,3430.04,cancelled
24e826b6-5d68-41b8-bbb5-30895b7b6d6d,CUST0279,2026-13-45,99.99,completed
001114e2-fd65-4339-b915-5b8f1287ef0b,CUST0224,2026-02-08T19:28:00,1926.0,processing
bdce00df-45aa-49aa-b3fa-f9f6d5be7457,CUST0423,2026-02-08T19:35:00,115.88,cancelled
de9209da-f084-4ba3-9bb4-219b1a71704b,CUST0230,2026-02-08T19:42:00,3708.22,refunded
c51e55a3-d031-4977-85fc-ac3b417fa0f7,CUST0329,2026-02-08T19:49:00,3437.61,cancelled
f6a182de-dd43-49ea-a56d-0caaaf5fcc7a,CUST0313,2026-02-08T19:56:00,4362.71,cancelled
3928ee31-c456-4072-a42b-93c1d8ad3577,CUST0438,2026-02-08T20:03:00,182.78,processing
2680f998-07d4-43de-a04d-0b59577177f9,CUST0085,2026-02-08T20:10:00,905.53,cancelled
44117991-51aa-451f-8cbe-916d503f78a2,CUST0338,2026-02-08T20:17:00,2645.65,pending
b6116234-3c6b-4ce2-ba5d-e4d1641a1c48,CUST0457,2026-02-08T20:24:00,292.59,refunded
ef0de0a2-f2c4-4bb3-9ef2-db5e9e04a387,CUST0280,2026-02-08T20:31:00,188.75,cancelled
368914f0-764e-46a1-8afc-8211d3814854,CUST0448,2026-02-08T20:38:00,2319.45,completed
3355931f-3417-4011-8aae-1d7617e02302,CUST0265,2026-02-08T20:45:00,665.26,pending
6f602a41-e935-4918-8606-595f024f4922,CUST0127,2026-02-08T20:52:00,4616.17,cancelled
e83a6f0a-b706-4740-b632-90b5d12624f5,CUST0168,2026-02-08T20:59:00,1268.91,completed
bdd90196-23cb-4915-967d-311f57f1fc57,CUST0448,2026-02-08T21:06:00,1594.88,processing
196a68f9-2f34-4a69-923c-6721851c8159,CUST0302,2026-02-08T21:13:00,2279.61,completed
06f82c0d-d93e-4732-a194-27920ff877f3,CUST0369,2026-02-08T21:20:00,3162.26,cancelled
f81d02eb-8e42-4169-bbfd-7bc1af2e1edc,CUST0034,2026-02-08T21:27:00,2789.24,cancelled
75caa910-b5de-44be-ae1b-2e064743710b,CUST0177,2026-02-08T21:34:00,2315.68,refunded
0823e30c-7c67-4380-969d-198d2ba48a32,CUST0373,2026-02-08T21:41:00,3348.33,refunded
127dfd62-e9ff-47bb-8f02-eabed61d4904,CUST0212,2026-02-08T21:48:00,3308.92,refunded
40401ac4-4fd7-4964-a643-a86d386688c2,CUST0105,2026-02-08T21:55:00,2381.09,pending
3dec6b6a-f526-4978-983d-83fc898db6b9,CUST0063,2026-02-08T22:02:00,4778.59,refunded
5bf24466-e210-4f4a-bf41-3e66f3181ac6,CUST0115,2026-02-08T22:09:00,3711.7,completed
36c1d536-6de0-424a-9756-f10a263f7652,CUST0434,2026-02-08T22:16:00,799.37,processing
fd7f5deb-c99a-49f8-b8ff-60abbe932119,CUST0236,2026-02-08T22:23:00,3927.32,processing
12dd7b5f-c9a5-4340-862a-e80aa07ef647,CUST0214,2026-02-08T22:30:00,3299.65,refunded
c2dcea43-27c6-4534-99d6-9a5bdd848a50,CUST0496,2026-02-08T22:37:00,1729.77,pending
8525c133-4411-4148-80d1-504e67b9bfea,CUST0346,2026-02-08T22:44:00,3035.49,completed
ea03b0f7-b4a4-4917-bafb-6e1964730b2d,CUST0126,2026-02-08T22:51:00,3623.33,refunded
1c3dd4f7-894a-4ceb-a3df-226dda759735,CUST0001,2026-02-08T22:58:00,1959.23,processing
3416bd8c-0343-4767-9e1b-384c0ff1a344,CUST0295,2026-13-45,99.99,completed
2cf2d0d4-48a0-4b81-999c-69ccbc28f610,CUST0232,2026-02-08T23:05:00,2213.56,pending
b39b0e4b-ad42-4a83-9785-fc2f956ba1d5,CUST0471,2026-02-08T23:12:00,467.64,processing
efc91278-5a95-4710-a061-c1f997f77bb6,CUST0200,2026-02-08T23:19:00,1147.65,processing
6d7a9626-16a7-45bc-b09d-bedb8eb92a4a,CUST0194,2026-02-08T23:26:00,1145.35,completed
c5a98f49-bb88-4d2e-bf19-a398b176847e,CUST0301,2026-02-08T23:33:00,1875.23,refunded
72d60c0b-b688-4057-8359-96a2b4c2af59,CUST0152,2026-02-08T23:40:00,4094.86,refunded
99086157-0223-432d-a7bf-e97c914afb00,CUST0089,2026-02-08T23:47:00,2044.72,refunded
c08e6997-dd3b-4e4f-90a6-c702db0fcbe6,CUST0179,2026-02-08T23:54:00,4393.97,processing
b0732e30-3a98-4408-8780-41436c18cd05,CUST0123,2026-02-09T00:01:00,4109.96,pending
f1b604dc-327f-4cf9-a61c-2cb7428c57ec,CUST0069,2026-02-09T00:08:00,359.13,cancelled
1ab17cda-efaf-48bf-891d-85c1261781a6,CUST0370,2026-02-09T00:15:00,960.56,refunded
5993c736-9c28-44ed-8266-95680b9f0272,CUST0097,2026-02-09T00:22:00,3187.72,refunded
f0839f3f-c59e-4e50-8c73-f6b8d29e4bba,CUST0310,2026-02-09T00:29:00,3745.73,processing
2b05840c-3202-4e19-ad0b-caf1e92e0e3e,CUST0225,2026-02-09T00:36:00,2258.45,cancelled
3ea72f6a-3bdc-4f24-a771-7f1cf1a8d2d9,CUST0075,2026-02-09T00:43:00,1228.48,cancelled
de46176f-339f-456a-9f01-154d49f455ee,CUST0349,2026-02-09T00:50:00,2364.38,completed
0a16a468-d778-4559-885b-4e504a977997,CUST0388,2026-02-09T00:57:00,3825.46,refunded
7af296fe-73d0-486d-a179-baa2e86c40d1,CUST0149,2026-02-09T01:04:00,320.08,pending
0485de4a-9f0e-4279-a8ff-0bb9c86e61f1,CUST0048,2026-02-09T01:11:00,912.25,cancelled
5b84bd92-2f3a-424b-9757-958be72d07fc,CUST0336,2026-02-09T01:18:00,3002.45,refunded
140f72b8-e223-45a4-b748-1b18bea22bca,CUST0020,2026-02-09T01:25:00,4647.97,cancelled
c2ff75df-90e5-464d-b212-4ddf401a278c,CUST0360,2026-02-09T01:32:00,4400.23,cancelled
855dced1-3095-4a22-962c-c5fdd245650e,CUST0034,2026-02-09T01:39:00,30.68,cancelled
e95b5b1c-1273-43b0-a077-80e72dbe5179,CUST0448,2026-02-09T01:46:00,4655.94,cancelled
b5995ef2-591c-4208-ae9e-464d8c654181,CUST0409,2026-02-09T01:53:00,198.17,processing
6c1822e9-2735-4c72-ad47-026d232a6c09,CUST0251,2026-02-09T02:00:00,4908.34,processing
410379b2-abb0-4597-9027-804ffb2b8773,CUST0151,2026-02-09T02:07:00,2465.13,completed
e5084722-33e9-463e-83e7-36ee72c8d8b3,CUST0339,2026-02-09T02:14:00,2397.76,processing
00ee56a8-1161-4015-bbdf-d7883c7071d3,CUST0404,2026-02-09T02:21:00,2765.94,cancelled
81609d49-75de-4a6d-83bf-2db5deecd8e9,CUST0044,2026-02-09T02:28:00,2374.02,refunded
aae57132-cd09-4b3c-ac0c-755a5702b6e2,CUST0168,2026-02-09T02:35:00,4757.65,processing
933fa21d-aa44-4074-9ad0-634d2ad5837e,CUST0422,2026-02-09T02:42:00,2929.8,cancelled
5f976896-d422-43fc-8938-6590a1766f0c,CUST0443,2026-02-09T02:49:00,4593.3,cancelled
26db6ee9-ae9c-4ec0-a6b0-f3d2c2ef1c57,CUST0026,2026-02-09T02:56:00,3193.19,pending
2648c1a5-a8ba-4066-a748-6f57d61c89eb,CUST0420,2026-02-09T03:03:00,2567.7,cancelled
f182f677-5f31-4c7d-aa8b-2096e1660797,CUST0194,2026-02-09T03:10:00,524.48,processing
1ef44074-fdd2-45fd-81d4-d65814c94114,CUST0218,2026-02-09T03:17:00,4990.72,processing
0d834840-ba01-493e-801d-0e96bef58902,CUST0486,2026-02-09T03:24:00,3729.92,completed
a6b29277-3432-491b-80ac-b068bbc444b3,CUST0233,2026-02-09T03:31:00,4679.95,processing
50c9781e-13b5-47cf-b9ec-795ff08d158c,CUST0201,2026-02-09T03:38:00,67.05,cancelled
d865cd45-0cbc-490d-a4bb-9c221078bdcf,CUST0318,2026-02-09T03:45:00,4306.55,processing
cb94f69f-0508-435a-a975-873b07828e3b,CUST0454,2026-02-09T03:52:00,921.1,processing
8d49b5ba-a879-4253-9634-cabff0a5be34,CUST0462,2026-02-09T03:59:00,1694.01,completed
f437f7d9-4f6d-428b-862b-2dd56619df85,CUST0272,2026-02-09T04:06:00,127.31,cancelled
028688c2-852b-48f4-b688-c2d199023bd4,CUST0371,2026-02-09T04:13:00,1071.71,completed
f1fa2768-1f33-4fa0-8535-35e1239bc362,CUST0286,2026-02-09T04:20:00,1764.76,processing
007e90f1-1169-44a7-8a0a-6e1f722446ca,CUST0178,2026-02-09T04:27:00,693.2,completed
8812613c-4711-4146-adf8-1a0942762ca3,CUST0315,2026-02-09T04:34:00,3702.1,refunded
1c08bd6f-ff1f-44b0-8eba-717b1cc934a2,CUST0124,2026-02-09T04:41:00,1512.29,processing
8d4470c6-23d0-40dc-9a8f-1b7203cec0f1,CUST0369,2026-02-09T04:48:00,2495.41,cancelled
4d922f64-9fbb-4f60-a0ec-a5afbb859e8b,CUST0333,2026-02-09T04:55:00,4996.9,refunded
4a474e43-e882-47fd-b0a4-2bcf90147e4b,CUST0209,2026-02-09T05:02:00,3189.17,refunded
46e99ea1-53a0-445c-9f57-58faf5db5f74,CUST0027,2026-02-09T05:09:00,1794.96,completed
a56e69d2-c309-4dfb-afd7-bdb09b81debb,CUST0010,2026-02-09T05:16:00,4090.84,completed
c029ae89-235c-480b-b9df-42cabef7ebbb,CUST0309,2026-02-09T05:23:00,624.23,completed
883db1db-029f-4090-809c-0b85de2ed801,CUST0323,2026-02-09T05:30:00,4666.64,pending
9d58f602-d4f4-4dc2-8d63-9cd415930974,CUST0290,2026-02-09T05:37:00,4479.17,refunded
0db11063-f45d-407e-9326-c4825b0bb51d,CUST0355,2026-02-09T05:44:00,2509.71,pending
fb91158f-84e8-4fbe-a57c-6574316e8aeb,CUST0379,2026-02-09T05:51:00,2514.08,pending
e277e1de-e0be-4c2d-af38-af583761f1fe,CUST0177,2026-02-09T05:58:00,3353.04,pending
5d5addb7-0993-4c4c-918f-cb519b456f63,CUST0097,2026-02-09T06:05:00,1535.63,cancelled
b508da96-7e83-4fe7-9d8b-b11bf531278e,CUST0442,2026-02-09T06:12:00,1896.17,pending
8dd2ec7b-d329-4f23-88c6-08de2eb9c6f4,CUST0085,2026-02-09T06:19:00,1639.68,completed
91e3a67e-d072-4d47-8c15-ab6596aa3172,CUST0295,2026-02-09T06:26:00,4000.68,processing
a641a40b-583d-49e6-89b2-622b1769fa8d,CUST0013,2026-02-09T06:33:00,4851.2,completed
d2091ab5-5f49-4e62-9902-f69d5cc2e683,CUST0346,2026-02-09T06:40:00,910.44,processing
a3fcdd58-15cc-497b-a0c9-7fbf6fa131c2,CUST0395,2026-02-09T06:47:00,2515.05,refunded
a5a294bc-871c-43df-a9b2-8adddadc3fe2,CUST0122,2026-02-09T06:54:00,2277.4,refunded
b34a880b-187d-4050-bc37-207aa4f7e9af,CUST0483,2026-02-09T07:01:00,4404.3,cancelled
0a7fd179-d051-4a46-a39d-11031ddd93f3,CUST0023,2026-02-09T07:08:00,1087.57,refunded
2ae3fec4-dcf1-4e29-9a0a-96db1551eb01,CUST0093,2026-02-09T07:15:00,46.39,processing
f4f314f7-db89-485e-97a9-f68ff9a9256f,CUST0079,2026-02-09T07:22:00,2880.98,cancelled
85d0dd17-571b-4939-b8e0-cbd89c82a9dc,CUST0367,2026-02-09T07:29:00,420.18,pending
c2bf88ee-dc9f-4417-a0df-42a00e342b6a,CUST0061,2026-02-09T07:36:00,4144.91,cancelled
162ec5ab-f46f-44bf-8ba2-573efe5bf62d,CUST0185,2026-02-09T07:43:00,3168.93,completed
b7b87f07-fb20-4192-861e-fdff96cfece9,CUST0375,2026-02-09T07:50:00,1353.74,pending
7094736d-1072-4e76-9868-f2f392c0f777,CUST0459,2026-02-09T07:57:00,4509.61,cancelled
d19abd64-a2a2-4343-b4e2-02df0ac71eec,CUST0004,2026-02-09T08:04:00,4496.17,completed
2f975151-3e2f-4cd3-bd81-d2631101280f,CUST0491,2026-02-09T08:11:00,4491.42,refunded
eae07031-3e51-4530-9db7-0b583fb7f287,CUST0424,2026-02-09T08:18:00,1140.59,processing
5760d387-d2b8-4648-90d1-553773e99841,CUST0052,2026-02-09T08:25:00,704.51,refunded
da278b52-ed0f-445d-9a48-d2dc899da41c,CUST0458,2026-02-09T08:32:00,4839.74,pending
d345e55a-d1aa-479f-9baf-2065e1ed811c,CUST0322,2026-02-09T08:39:00,4234.91,cancelled
97e28fea-5e5a-404e-845e-af01b5382fe4,CUST0406,2026-02-09T08:46:00,774.74,cancelled
61b5fe5b-f42a-41dd-ab8c-5992ef174c70,CUST0012,2026-02-09T08:53:00,3005.18,refunded
7cad8ec6-a8b7-4072-bf54-f75c498d5328,CUST0482,2026-02-09T09:00:00,1405.19,pending
5d5bec7f-0f45-4089-9a62-10dddd4864e0,CUST0039,2026-02-09T09:07:00,1488.25,completed
ad5cb6d1-51cf-4a96-96e3-93f7dbf8d91d,CUST0009,2026-02-09T09:14:00,3294.4,pending
124e1eb1-4979-4a1f-b722-858d891b6f1e,CUST0058,2026-02-09T09:21:00,3193.9,cancelled
659155d2-15db-40d7-903b-100b36c7984a,CUST0070,2026-02-09T09:28:00,99.39,processing
dcc5e5d5-d781-4f4a-a7d8-d0ddac14f70b,CUST0005,2026-02-09T09:35:00,2461.37,cancelled
a49f05ac-0cb3-4106-9aa2-1a383a7dd38f,CUST0290,2026-02-09T09:42:00,2771.22,processing
769636b0-2f1c-4eda-87e4-b431e40bd8fe,CUST0460,2026-02-09T09:49:00,1286.32,refunded
9aaac7a3-be3e-4944-aed4-be8207092aa1,CUST0370,2026-02-09T09:56:00,1648.11,completed
c4d41f6a-cabc-434f-a390-69e45b955189,CUST0281,2026-02-09T10:03:00,4858.54,refunded
7e5ea9e0-4d78-4fd7-a7e3-4f7df0128a24,CUST0499,2026-02-09T10:10:00,4748.0,cancelled
417e9455-e4c8-455d-b3eb-da07d849f79d,CUST0114,2026-02-09T10:17:00,1197.07,refunded
0b5efaa8-108d-450c-991e-9891c6652e5e,CUST0254,2026-02-09T10:24:00,4680.12,cancelled
4f2254f2-45ac-4c3e-bbdf-fa627fc845a2,CUST0113,2026-02-09T10:31:00,2527.3,pending
a738a453-13bc-40c8-a550-f1a8b22f2a92,CUST0066,2026-02-09T10:38:00,2370.47,refunded
5e7b1d26-af57-4c34-acb8-0d5185b305e7,CUST0440,2026-02-09T10:45:00,1939.01,refunded
71bf5599-8893-4f6d-89d4-9b58ce4a0e7f,CUST0282,2026-02-09T10:52:00,3203.51,processing
60d01ccf-cc52-4100-b92b-68430ea29741,CUST0355,2026-02-09T10:59:00,4695.07,refunded
63e16a14-c6a0-4dae-92ce-314434c0177f,CUST0444,2026-02-09T11:06:00,4770.78,refunded
deba6ef8-457d-45a7-b556-6e870792fd9c,CUST0479,2026-02-09T11:13:00,2380.01,processing
79574d59-e7f4-4983-a74c-dcfab8f08132,CUST0395,2026-02-09T11:20:00,2005.27,processing
3e7bbb73-7b1f-44f0-b4b9-c5a99e395cbb,CUST0106,2026-02-09T11:27:00,3433.63,completed
5b961187-6f97-49c0-9660-b4c9303cb26a,CUST0444,2026-02-09T11:34:00,813.54,completed
73e6d75a-f864-4f29-8bc2-7d84fef6466c,CUST0209,2026-02-09T11:41:00,3357.77,pending
1cfa60bc-c6a3-4080-af4d-8d17c2a6f52f,CUST0133,2026-02-09T11:48:00,2969.72,processing
776b4e89-b27f-42ff-9585-8f6390f8cd4b,CUST0144,2026-02-09T11:55:00,2846.23,pending
a039494c-ba8c-4b55-9108-fc7e737f4de5,CUST0028,2026-02-09T12:02:00,642.32,refunded
de429ba6-a707-46ee-b166-78f8660c8f59,CUST0311,2026-02-09T12:09:00,358.65,refunded
a912b42a-5c68-48f6-90cb-7f17a97636bf,CUST0058,2026-02-09T12:16:00,2217.64,processing
99ff0ad0-5282-46cd-bc03-58a357e6453a,CUST0213,2026-02-09T12:23:00,1082.75,refunded
ce194a6e-330e-473b-b48e-55d688e48aac,CUST0008,2026-02-09T12:30:00,2427.26,cancelled
cce30cef-6e85-4aa0-bf34-5b120a0ba6e0,CUST0143,2026-02-09T12:37:00,2348.26,cancelled
e04fe614-97da-4534-937b-58a26bf50edd,CUST0437,2026-02-09T12:44:00,1954.58,pending
78b78e44-8819-4daf-bb3e-aade5f8eb08c,CUST0005,2026-02-09T12:51:00,4571.38,pending
7635f755-caa3-4250-9ccb-068e2662a8f0,CUST0181,2026-01-01T00:35:00,75.00,not_a_real_status
b92730c1-9d30-4fdf-8107-ffc577ff3abe,CUST0293,2026-02-09T12:58:00,3237.21,processing
5e513597-9fc3-4d91-8242-2979d6a2ab3f,CUST0496,2026-02-09T13:05:00,3954.1,completed
82dc935e-399c-454a-8008-c2e138aa9abe,CUST0447,2026-02-09T13:12:00,2236.13,cancelled
3b12972b-1127-4833-8bc9-63d0013c3f25,CUST0496,2026-02-09T13:19:00,4642.62,pending
9d722f56-375b-4933-aad1-c5aed08117b9,CUST0336,2026-02-09T13:26:00,3298.43,refunded
de2e37a6-7137-41df-8688-a93128c7a50f,CUST0396,2026-02-09T13:33:00,2726.93,processing
e387f8c2-16c9-4195-845e-6cd2596149b4,CUST0470,2026-02-09T13:40:00,2419.59,cancelled
311a9b18-d0d8-412b-b685-178c1e64c0f8,CUST0237,2026-02-09T13:47:00,4669.92,pending
c0fdeb52-3f55-434a-a97d-0341ff175e9a,CUST0480,2026-02-09T13:54:00,2354.24,processing
96415468-730d-46ec-a225-06aa94d6a290,CUST0185,2026-02-09T14:01:00,1899.11,cancelled
d3cbb706-d163-481a-8d59-aece5c1ccd5e,CUST0402,2026-02-09T14:08:00,3173.33,cancelled
7159f0dc-8348-482e-8ff2-2832da9ca602,CUST0055,2026-02-09T14:15:00,2895.22,cancelled
3db37607-5f65-4a6f-ab67-3cef3aaddec4,CUST0191,2026-02-09T14:22:00,4382.28,refunded
360c7c92-7887-4ffd-a7b3-1c9c96b3f7a5,CUST0349,2026-02-09T14:29:00,1346.31,completed
9a3025c6-5683-4362-8a27-ba28cb088b10,CUST0054,2026-02-09T14:36:00,4107.16,cancelled
10e89806-c60f-4f7d-940f-b148e1b098e4,CUST0335,2026-02-09T14:43:00,230.55,refunded
d015110f-7842-4ea7-8db3-b3c2dc4984e2,CUST0153,2026-02-09T14:50:00,2708.11,processing
fcdc7756-7a69-413e-bd04-7172894be4e1,CUST0435,2026-02-09T14:57:00,749.74,refunded
47d9fcfa-9170-44fd-bd35-c8bb7d9fa267,CUST0133,2026-02-09T15:04:00,3793.55,processing
64561972-0236-466a-a90a-d3272100be3a,CUST0424,2026-02-09T15:11:00,4463.24,pending
a9cf52a1-807f-423d-b337-7fd3f7acb58b,CUST0455,2026-02-09T15:18:00,4992.02,completed
25a79aad-25c7-4f91-a03d-c8dfdc44d216,CUST0476,2026-01-01T00:55:00,75.00,not_a_real_status
284ccbc3-97b6-4854-ae70-08b570e98fa7,CUST0115,2026-02-09T15:25:00,237.25,cancelled
756172d0-5fef-498a-b71a-806c19d5821b,CUST0383,2026-02-09T15:32:00,2485.94,refunded
97c49d66-6ed9-49ac-897b-b8cc187fa3f6,CUST0349,2026-02-09T15:39:00,4265.62,cancelled
76a714e6-d23d-46d9-9cf9-ed053b1f7b6c,CUST0290,2026-02-09T15:46:00,4846.05,completed
f4a18c34-65b0-4186-b7c6-148787cfe6ea,CUST0234,2026-02-09T15:53:00,3968.25,refunded
000d01a6-901e-4730-a811-d1ee809c06fa,CUST0343,2026-02-09T16:00:00,3660.57,processing
6a152636-efa9-43d8-bce6-63b5e992e707,CUST0021,2026-02-09T16:07:00,547.84,cancelled
196ebbd2-76d7-491a-87c8-f44a2970d7f8,CUST0006,2026-02-09T16:14:00,2240.12,cancelled
75d2438a-9d76-42f5-bc72-a3a2c8bc0149,CUST0318,2026-02-09T16:21:00,1046.16,completed
1e0de7eb-752c-47a0-99cd-457709b84b63,CUST0332,2026-02-09T16:28:00,1488.1,processing
29840ef6-ec03-433c-91f6-ba2ce862a046,CUST0372,2026-02-09T16:35:00,4121.35,refunded
4e6470c1-4fbc-439c-8778-3902a4a636c0,CUST0396,2026-02-09T16:42:00,1301.25,refunded
5fc2effb-6cda-47e8-b9c5-1a1ca34eea97,CUST0442,2026-02-09T16:49:00,3883.03,pending
0ec25cfb-475f-4cea-b327-2ebfffdf3554,CUST0194,2026-02-09T16:56:00,882.32,cancelled
559b157a-3384-45b5-9144-2e39a973f35e,CUST0048,2026-02-09T17:03:00,3318.14,processing
e387756f-a984-4531-a4de-ba982e87b77a,CUST0292,2026-02-09T17:10:00,2168.68,pending
ba33b2e4-3df6-4344-a413-c2a1d14d39a5,CUST0220,2026-02-09T17:17:00,4775.2,cancelled
fd87dba6-a0e5-459f-82a9-25b1c7690037,CUST0109,2026-02-09T17:24:00,1968.59,pending
cbc422a1-c578-4d46-80f9-7d7a2a4251bf,CUST0001,2026-02-09T17:31:00,4589.71,processing
dbda1401-2d12-4ad9-a5dd-cdffa0f9b215,CUST0453,2026-02-09T17:38:00,3498.9,pending
b35a8ec0-fdb3-4201-a5f9-ac56dc83d65c,CUST0328,2026-02-09T17:45:00,1755.18,refunded
700d827a-3cdf-4060-89f6-c2ae9b2e4c46,CUST0227,2026-02-09T17:52:00,1746.82,pending
baa70e55-f985-4900-aed0-9689a7004c9f,CUST0450,2026-02-09T17:59:00,275.64,pending
fb18d576-0a63-4a1f-9030-5a8ed6e126c7,CUST0240,2026-02-09T18:06:00,2081.1,completed
86fe8fa3-b461-4f57-9c84-9f58651b0bf6,CUST0008,2026-02-09T18:13:00,2660.21,processing
f0c33ddb-95d2-4420-95fd-3f30f7c3efab,CUST0229,2026-02-09T18:20:00,2268.66,pending
979ff36a-3b9a-4114-adf6-01c8b9504f97,CUST0087,2026-02-09T18:27:00,3621.4,cancelled
a1716982-9108-41f0-b2c0-134c10e13841,CUST0112,2026-02-09T18:34:00,487.29,pending
11d565ad-a869-4476-9dae-20e41df3c423,CUST0125,2026-02-09T18:41:00,3619.19,refunded
23dfc8c6-33ea-467f-96f6-a0ab230fd0cc,CUST0255,2026-02-09T18:48:00,4820.23,pending
e28e765d-504e-4846-8944-2bc84d514cfb,CUST0086,2026-02-09T18:55:00,4204.26,pending
f3ec5917-d3c5-476e-938d-5a81ea17e126,CUST0465,2026-02-09T19:02:00,1801.91,completed
70a79921-e01f-4e96-93ca-c10bdcaa3829,CUST0185,2026-02-09T19:09:00,962.7,pending
f8820927-7368-4176-b7a7-89f130fcb04f,CUST0393,2026-02-09T19:16:00,3114.86,cancelled
a725c5d0-dd3b-4846-8157-bb7a25a114f7,CUST0472,2026-02-09T19:23:00,2734.49,pending
001b64e5-84be-4b91-92f5-87fa287a3a38,CUST0055,2026-02-09T19:30:00,4756.06,refunded
fcab183b-c0a3-4e64-8cff-6f51f5dc014b,CUST0088,2026-02-09T19:37:00,4140.94,completed
f2f89a8c-a49f-4024-a941-e57cbf5b7797,CUST0222,2026-02-09T19:44:00,3806.5,processing
38c4aaa1-e9a2-488f-967a-a34e9a282155,CUST0166,2026-02-09T19:51:00,2245.87,completed
bdc27d3e-0e6c-42fe-915f-256321c3ac8d,CUST0300,2026-02-09T19:58:00,3244.5,completed
76c2b202-6bda-4765-92cc-f92d4bda1368,CUST0340,2026-02-09T20:05:00,4668.1,processing
74262b51-4996-4703-b616-58f6f6b5909a,CUST0182,2026-02-09T20:12:00,3814.01,processing
b1f76b7b-ae81-4fe1-b7cc-03e5ac1b3ffc,CUST0095,2026-02-09T20:19:00,2757.93,processing
e02e9f2c-a2f0-41b9-af0b-8e7263bd404b,CUST0386,2026-02-09T20:26:00,4958.07,processing
394ab2d6-8e41-42a0-aa8d-df70d5bc59b7,CUST0360,2026-02-09T20:33:00,3473.4,refunded
75a7738a-165a-4b50-9ae1-1bdacffa9c44,CUST0113,2026-02-09T20:40:00,4111.2,processing
670bef55-403d-4d3e-ac08-c52cdd057b7c,CUST0354,2026-02-09T20:47:00,790.33,cancelled
52f780ec-f038-45cd-88e3-73dee75764a6,CUST0354,2026-02-09T20:54:00,35.81,processing
817c7aa9-298e-4e2f-8980-05b21c1515f6,CUST0326,2026-02-09T21:01:00,2085.81,refunded
27c68e62-4956-4df0-bb8a-13dec1f7ad35,CUST0210,2026-02-09T21:08:00,1297.03,refunded
88112292-c2c3-417a-8fe1-02bf3c9960cf,CUST0043,2026-02-09T21:15:00,1758.93,cancelled
b77fbe60-3dbc-40ec-ac7f-19d293968ce6,CUST0086,2026-02-09T21:22:00,3385.84,processing
f411a8b4-c3d4-4846-8f6b-facfca437857,CUST0435,2026-02-09T21:29:00,1041.79,refunded
a74b9505-67dd-47c0-bd9e-dd38208ce888,CUST0202,2026-02-09T21:36:00,2600.78,processing
81c2f804-0735-4a3b-b6aa-eed9569bbe43,CUST0370,2026-02-09T21:43:00,3584.75,pending
85bcabef-0fe4-49fd-8043-260d0e829453,CUST0250,2026-02-09T21:50:00,4108.73,pending
91e91c20-e17b-422e-902d-9b8a155206b7,CUST0056,2026-02-09T21:57:00,3767.31,refunded
7a734322-3561-436d-9780-b2a3b6781246,CUST0034,2026-02-09T22:04:00,2660.82,cancelled
494e3758-ac66-499d-b90e-f857b88251e0,CUST0272,2026-02-09T22:11:00,4002.65,refunded
f03f4282-3fd8-49f7-8b72-b60bdde7a682,CUST0421,2026-02-09T22:18:00,2541.9,cancelled
afde052b-6e26-403b-bf1a-45c1584eb56d,CUST0134,2026-02-09T22:25:00,4357.54,completed
f7b8e67b-3c61-4055-a9b2-b8f692861f46,CUST0356,2026-02-09T22:32:00,3905.26,cancelled
eff3799f-2e54-40b1-8711-ed8e167d6754,CUST0370,2026-02-09T22:39:00,4179.0,processing
dc4c3646-2d5c-429c-b070-b6214f382e49,CUST0058,2026-02-09T22:46:00,2035.03,pending
ef4e43b0-7f33-4866-8008-ebb6f67e1d7e,CUST0241,2026-02-09T22:53:00,2803.74,processing
dd2c3cdb-b149-4e8a-a56a-ece047776c51,CUST0109,2026-02-09T23:00:00,2451.58,refunded
342152bd-6715-4ddd-bf42-74c329a5c7d1,CUST0487,2026-02-09T23:07:00,839.73,completed
20803789-3269-40ee-80fd-c366fab72f76,CUST0230,2026-02-09T23:14:00,4732.03,completed
2a5fb390-4765-497d-8cd9-a7b074d4a9ac,CUST0377,2026-02-09T23:21:00,2026.07,cancelled
b51a0a15-fe1e-4f6a-8f00-0c5f303a19d5,CUST0445,2026-02-09T23:28:00,3927.27,pending
2a87ff74-8d74-4790-a76f-a878dc54f101,CUST0446,2026-02-09T23:35:00,1274.51,refunded
7e0ed1e7-229b-4bbf-bcbe-495803d1f78c,CUST0006,2026-02-09T23:42:00,55.32,pending
b89f17d3-a81a-44f0-a58b-be58d9d318d7,CUST0288,2026-02-09T23:49:00,3663.9,completed
50d74e0c-75fc-4d74-aa0c-4243f729b376,CUST0248,2026-02-09T23:56:00,4777.95,cancelled
569d8891-c4cd-4bfa-ae47-300971100e45,CUST0041,2026-01-01T01:26:00,-50,pending
b6b1ccc1-3cf3-4d4a-b32b-df6d418b51e2,CUST0257,2026-02-10T00:03:00,1639.91,pending
ef7180a4-a2f1-44db-b54b-8f33f95b4035,CUST0358,2026-02-10T00:10:00,3633.62,processing
6022d8e3-8bbe-4487-a34e-cb12d912d67d,CUST0076,2026-02-10T00:17:00,1313.58,cancelled
fc230b60-a4eb-414f-ac45-d4ed150c930e,CUST0438,2026-02-10T00:24:00,3642.15,refunded
48fedb9b-74f6-4120-a20d-2304fd4a713e,CUST0315,2026-02-10T00:31:00,2708.71,cancelled
82df1840-5766-4ec7-bb64-32e00afa3b6f,CUST0086,2026-02-10T00:38:00,2313.44,refunded
f26ce602-a622-44e2-86ef-bef59f381897,CUST0493,2026-02-10T00:45:00,4642.94,refunded
0e7f7611-a915-43ec-85e2-74e12a8bf261,CUST0174,2026-02-10T00:52:00,2196.4,completed
0a8e1fe3-6b1c-4b0c-8407-09831544b849,CUST0265,2026-02-10T00:59:00,4750.0,cancelled
73894990-f578-451e-82d8-d0dbf4e7c071,CUST0491,2026-02-10T01:06:00,1277.61,refunded
93dc20b1-25fb-46e0-a6b7-6226d533d32a,CUST0283,2026-02-10T01:13:00,1834.9,processing
e307a499-adc5-4a05-b605-c354aa3fed88,CUST0222,2026-02-10T01:20:00,3368.83,cancelled
a9b56688-2854-4a9e-b217-ce94278cda2d,CUST0386,2026-02-10T01:27:00,386.43,cancelled
ed76311f-fbec-4bda-a3ea-749d6d5a6899,CUST0288,2026-02-10T01:34:00,4768.35,cancelled
89815771-a2e8-4c82-9f57-4f8836051882,CUST0365,2026-02-10T01:41:00,2541.28,processing
ac86280f-7f7d-4e33-85c6-5af28257d7c6,CUST0378,2026-02-10T01:48:00,2460.83,completed
0ff82706-764a-4948-af8a-2ddc42ef5684,CUST0298,2026-02-10T01:55:00,3020.31,pending
2eeacef3-23e5-4dc1-ac2b-6b10fc534aff,CUST0175,2026-02-10T02:02:00,3397.72,cancelled
dfeb38eb-2775-44c6-929f-e241795be5fd,CUST0370,2026-02-10T02:09:00,387.65,processing
cc2babbd-b6d8-4f32-adb3-8d640406050d,CUST0363,2026-02-10T02:16:00,3065.43,refunded
5833078e-ed59-4630-b970-ee7df4b0b9b5,CUST0076,2026-02-10T02:23:00,1289.2,refunded
8b8b8c01-4d32-4487-afaf-a84e8398b8f9,CUST0447,2026-02-10T02:30:00,604.13,cancelled
8add4ceb-e034-40f2-b7fc-be054e7eccbe,CUST0400,2026-02-10T02:37:00,512.87,processing
c32aa6ce-40c7-442b-8ee1-6dd0853bee9c,CUST0421,2026-02-10T02:44:00,3639.44,completed
132ecd65-124e-4c7f-a45c-ce050ba0ac7d,CUST0173,2026-02-10T02:51:00,3731.81,cancelled
607c0152-bfa2-4ef5-a6c8-5547a11b7338,CUST0336,2026-02-10T02:58:00,4433.21,refunded
a99ed873-f930-483d-a4e1-8d1f1668a9c7,CUST0168,2026-02-10T03:05:00,4470.83,pending
3e93aa4e-7dbc-4cc7-ace7-e2d9ff54daa6,CUST0387,2026-02-10T03:12:00,2793.78,cancelled
61f4d9f0-cbe1-4ecd-a899-35542dbec1f8,CUST0362,2026-02-10T03:19:00,3730.75,processing
b78e0767-4147-41e5-aa73-01b42429714d,CUST0274,2026-02-10T03:26:00,3165.88,pending
726397c8-71ad-4d2d-8804-ee92c5835d04,CUST0381,2026-02-10T03:33:00,904.63,refunded
0aaa7ad2-d3d0-484a-b50b-506d7a026ef9,CUST0230,2026-02-10T03:40:00,4247.73,pending
288204f8-dd54-4dd0-90fc-ab85dd119e40,CUST0203,2026-02-10T03:47:00,648.41,completed
e88556c2-1bb8-4db9-91f4-aa9e9aa2f2ec,CUST0385,2026-02-10T03:54:00,4440.61,processing
459584e7-250e-4b29-944e-bebd8debfe59,CUST0334,2026-02-10T04:01:00,3864.92,refunded
18794fc3-b288-498e-8ff0-e6e1ab43d100,CUST0497,2026-02-10T04:08:00,4214.97,processing
5be057c7-d0c2-4178-9e3e-23162f80fdef,CUST0145,2026-02-10T04:15:00,2443.52,refunded
dec73903-1f30-43f6-aa5c-2f55e3e8b57f,CUST0444,2026-02-10T04:22:00,2446.41,completed
c97cb458-fc89-480a-ad1f-86625e25f44b,CUST0084,2026-02-10T04:29:00,248.63,refunded
25cf2009-864d-4ee2-be3b-0ed96724fcb0,CUST0303,2026-02-10T04:36:00,1507.23,refunded
48933c82-a805-4fc6-b996-1825e0cff64a,CUST0035,2026-02-10T04:43:00,1998.8,completed
06e50c1b-cac6-4577-a5ed-a787040178ee,CUST0380,2026-02-10T04:50:00,795.43,processing
fc3816b3-2ea4-48dc-a70d-1cc4e1943c88,CUST0281,2026-02-10T04:57:00,621.13,completed
56b10c31-c0a0-44e7-8214-96f113b12f7c,CUST0297,2026-02-10T05:04:00,449.82,pending
6c5dbba0-1d41-407f-b79b-38f5026441e0,CUST0399,2026-02-10T05:11:00,1185.09,cancelled
da30c54a-3e00-4782-ba76-679189736bf7,CUST0354,2026-02-10T05:18:00,3287.85,completed
073e5dd2-fdb6-4ba3-8527-d73359c95985,CUST0468,2026-02-10T05:25:00,3336.71,refunded
fa560808-e960-425b-ae8f-15610e106073,CUST0155,2026-02-10T05:32:00,1165.47,processing
c380efdc-b716-4b27-b67a-cb3d8d2a2233,CUST0496,2026-02-10T05:39:00,2252.29,processing
d2b27580-9cb6-4302-9014-786d32385560,CUST0120,2026-02-10T05:46:00,667.74,completed
d18e246c-a3f8-447e-9d22-f457985f3734,CUST0127,2026-02-10T05:53:00,212.23,completed
be162bd0-7ed3-42e6-a98a-4f373eba3b6f,CUST0393,2026-02-10T06:00:00,615.52,processing
3ebcfe93-7322-4ded-b63b-a71389cdfc77,CUST0023,2026-02-10T06:07:00,3997.29,completed
33e05d93-9965-411f-a6a7-7535a686359d,CUST0103,2026-02-10T06:14:00,164.28,refunded
a0f1e045-78e1-4a3d-ae2a-fcfb6c941875,CUST0239,2026-02-10T06:21:00,2383.26,pending
5d24d09d-da8c-4eda-bb88-de838781906d,CUST0223,2026-02-10T06:28:00,669.33,refunded
c57ee16c-8142-483a-969b-ee0a0a4ed473,CUST0189,2026-02-10T06:35:00,1791.87,pending
160599ba-90b1-4028-8482-582f7fedfa11,CUST0301,2026-02-10T06:42:00,2087.15,completed
38ffce82-9b87-483a-ae42-027b267c766c,CUST0426,2026-02-10T06:49:00,3076.64,completed
d497fac6-0d18-49c7-aa82-bcdba043b659,CUST0415,2026-02-10T06:56:00,2219.4,processing
fa1fadf8-0eeb-4476-be59-ff99f77f4a79,CUST0070,2026-02-10T07:03:00,602.91,cancelled
50f5d357-5d45-4b68-9a1f-15d721a4463e,CUST0488,2026-02-10T07:10:00,1125.82,completed
b769199c-0102-4a1a-9818-c4d051d11b90,CUST0069,2026-02-10T07:17:00,346.78,completed
7215269d-b73a-47fc-bb27-5756720aa14e,CUST0093,2026-02-10T07:24:00,4555.59,pending
d69773b2-4e65-472e-87a8-bf20e0a1eb6a,CUST0096,2026-02-10T07:31:00,1194.93,refunded
60ac5cb0-534a-464f-a5c4-eac9755841c5,CUST0423,2026-02-10T07:38:00,828.61,completed
a926906e-814b-45c6-900b-3859b8b87cd0,CUST0233,2026-02-10T07:45:00,1018.02,cancelled
98b8836e-f112-458c-a916-cf1e94dd7d2e,CUST0227,2026-02-10T07:52:00,138.9,pending
fb79df13-91bb-4d1f-b6ff-51c6bb3f3766,CUST0237,2026-02-10T07:59:00,700.4,pending
413f1cfe-32a2-4057-bbc0-4538d5852dd6,CUST0401,2026-02-10T08:06:00,3504.0,completed
092f6348-873f-43e5-8600-09bda4ff0628,CUST0396,2026-02-10T08:13:00,176.58,completed
88de63d7-e8e8-4588-a9a9-43200d23736f,CUST0382,2026-02-10T08:20:00,51.66,processing
b08115fb-5a95-4dac-865d-97d405790f1f,CUST0389,2026-02-10T08:27:00,3902.26,pending
0144515f-14ff-4c2b-8607-b0ec4b66be4e,CUST0480,2026-02-10T08:34:00,730.89,completed
62f9a805-7930-41db-be2a-46ca0930de4b,CUST0330,2026-02-10T08:41:00,1440.78,refunded
fcfbada7-59d2-4d0e-8b55-7914a5ad6996,CUST0379,2026-02-10T08:48:00,794.58,processing
fe20bffe-3e7c-4ff1-a1dd-98782439e158,CUST0192,2026-02-10T08:55:00,1304.82,cancelled
44650389-a0ed-446d-9065-ea2e6ff57285,CUST0464,2026-02-10T09:02:00,756.0,pending
c84c1f24-e349-4c91-adc6-57ceca98eaa9,CUST0338,2026-02-10T09:09:00,225.53,refunded
b0166440-bfa8-412c-920f-e34aae204250,CUST0008,2026-02-10T09:16:00,2006.42,refunded
58ef0006-a1c9-488e-b07f-8d6a4507ff91,CUST0076,2026-02-10T09:23:00,1862.57,processing
2aacee3b-0d69-4253-bcc2-3890933ac4f5,CUST0384,2026-02-10T09:30:00,1476.59,processing
6c6a193b-6fae-458e-a8ff-ccd66b877808,CUST0492,2026-02-10T09:37:00,544.71,cancelled
f83329b8-d085-4805-a7a0-a75829626f8e,CUST0409,2026-02-10T09:44:00,3413.47,cancelled
96b8d4dc-6890-4bde-972c-354f4dd544cb,CUST0296,2026-02-10T09:51:00,3121.81,refunded
,,not-a-date,abc,
ae1d276f-1563-4445-81c1-95074499f574,CUST0293,2026-02-10T09:58:00,1293.16,cancelled
2a266b78-9271-42d4-85a5-71b3d0281d7f,CUST0304,2026-02-10T10:05:00,3042.84,cancelled
6dfab899-08ae-49af-8030-f1ff18b46bc6,CUST0145,2026-02-10T10:12:00,467.31,completed
1c2ad076-d878-4846-aa6f-06f62f1981c3,CUST0040,2026-02-10T10:19:00,2496.04,cancelled
bca03cf9-f78c-4e98-b2f8-0c9fa55462de,CUST0150,2026-02-10T10:26:00,514.96,completed
46325d83-62c4-4ecd-a20a-2d48b5d29f8e,CUST0255,2026-02-10T10:33:00,2631.82,completed
74c8792c-5330-4d9d-b827-eb9cfa43a89b,CUST0155,2026-02-10T10:40:00,3550.05,refunded
04fb311d-1877-4bdf-b0d7-79056ddea2a7,CUST0196,2026-02-10T10:47:00,855.33,completed
7f2e14c1-d402-4d7e-a761-33c502acc63c,CUST0453,2026-02-10T10:54:00,478.86,completed
46555ed9-54ee-41d6-a49d-e4ddf0a1e0fa,CUST0410,2026-02-10T11:01:00,547.8,pending
ffc6350e-53db-4f97-b643-c2343cfd77c1,CUST0355,2026-02-10T11:08:00,1127.57,cancelled
0b1abf10-3a37-41c2-9ffd-d640ff0e6dc9,CUST0371,2026-02-10T11:15:00,4958.67,cancelled
8d17c53c-a380-41dc-b9e3-126da48f6c3b,CUST0046,2026-02-10T11:22:00,2334.72,refunded
27fd8e65-a8c9-4a48-91bc-c4d3f3e436b2,CUST0159,2026-02-10T11:29:00,1999.75,processing
95e00ae2-4426-4d63-8777-57d064b5c6f6,CUST0420,2026-02-10T11:36:00,4054.9,completed
47ec0fce-070a-4d6a-bab0-b6f65ed94ad0,CUST0319,2026-02-10T11:43:00,369.81,processing
5ce3a71a-c914-4e7f-b060-67974a7c13df,CUST0487,2026-02-10T11:50:00,3732.66,processing
563babef-8f9b-4e8d-b345-f51b37b8a6ef,CUST0067,2026-02-10T11:57:00,1404.62,refunded
2081e4be-600e-47b4-ac59-a5863180e546,CUST0020,2026-02-10T12:04:00,4177.93,pending
db1bf8dc-0cc9-4eb2-934a-a71dae9cd975,CUST0423,2026-02-10T12:11:00,3622.29,completed
16e302d7-f0ef-44cd-b6bf-78d4b138eb40,CUST0093,2026-02-10T12:18:00,1953.82,completed
856d3eee-36aa-4a16-a6b1-09da299c11c8,CUST0190,2026-02-10T12:25:00,2849.95,processing
2b295c19-48d0-476b-8dce-221f14c6e708,CUST0045,2026-02-10T12:32:00,3334.64,refunded
e55ae5e0-aefa-4586-b941-6ab8d821ebfd,CUST0059,2026-02-10T12:39:00,294.74,processing
0eb3d3cc-f26f-4c51-b334-ddc8ee6717a5,CUST0130,2026-02-10T12:46:00,608.47,cancelled
90434ea3-5080-42d5-bf98-05c676d58096,CUST0182,2026-02-10T12:53:00,4869.11,completed
d4bb435f-98f1-48a9-a935-c176871e5f05,CUST0055,2026-02-10T13:00:00,3634.09,pending
f5391148-bc14-48ec-8ef7-6ac48ad79a8b,CUST0398,2026-02-10T13:07:00,3081.94,completed
59301d76-a49f-48db-8f89-d76cdc09b71b,CUST0045,2026-02-10T13:14:00,284.59,processing
5d3b2f0a-c2ed-40c6-9971-c84d88e15bd6,CUST0231,2026-02-10T13:21:00,3357.03,refunded
3cc60beb-f212-4c68-aabd-41cc34d80bfc,CUST0087,2026-02-10T13:28:00,3149.98,refunded
052a3d1f-8c7e-4327-9529-6c9f51afed6d,CUST0029,2026-02-10T13:35:00,2312.98,processing
a1c292e4-0841-4563-ac9a-cec7dc34868b,CUST0407,2026-02-10T13:42:00,3440.5,refunded
20f76813-648a-4dab-b991-ffb9792bbfd3,CUST0439,2026-02-10T13:49:00,4805.05,processing
96eef3b8-6281-4f50-a540-5801089b2745,CUST0419,2026-02-10T13:56:00,4229.28,cancelled
f313b35c-80c3-46b3-bc2c-e7a857c57be8,CUST0325,2026-02-10T14:03:00,3006.57,refunded
e254e078-5cc1-402b-895f-ac0e41357929,CUST0478,2026-02-10T14:10:00,1264.64,processing
343527fb-6674-4a36-9842-ef05c9bb19ce,CUST0368,2026-02-10T14:17:00,4056.35,pending
7f211b79-a85c-46f5-a1d1-5d0842759ad2,CUST0131,2026-02-10T14:24:00,1990.83,refunded
0428f278-ac61-4062-9f50-99ba1e7696ea,CUST0258,2026-02-10T14:31:00,1220.78,processing
1e49e9f5-827f-44ed-b11b-91c1bcc59d1d,CUST0366,2026-02-10T14:38:00,3464.13,completed
3d5d4792-4b95-4e86-9d72-98588f77ccb3,CUST0410,2026-02-10T14:45:00,864.86,completed
d814ccae-7bde-4656-b4ab-ea2624680f8c,CUST0316,2026-02-10T14:52:00,1452.99,completed
e296b5cb-0880-47a2-bb25-a77f7f8de3f2,CUST0011,2026-02-10T14:59:00,3532.25,pending
0549ea93-8f74-43e8-9f6d-fe0ccd36a5e8,CUST0086,2026-02-10T15:06:00,3940.23,cancelled
57a50fc5-bc80-453d-81d0-7a4c4277bbd9,CUST0107,2026-02-10T15:13:00,2118.81,processing
f845725a-ffb1-4843-af24-6782d6ba4262,CUST0371,2026-02-10T15:20:00,4025.21,pending
de9fca69-ec54-46c6-991b-321c7e98c106,CUST0246,2026-02-10T15:27:00,3580.21,cancelled
18fd8aba-c93f-4674-8bb7-cbd78f6948dd,CUST0011,2026-02-10T15:34:00,2645.41,processing
c7e2745b-bfe1-45fc-9c1e-6d3c4efa8a55,CUST0176,2026-02-10T15:41:00,4089.92,pending
98d5d066-5e74-4358-b2db-85f057fcf1e3,CUST0244,2026-02-10T15:48:00,4700.27,completed
93a4e001-e6ee-4b0a-a9dd-706e095b9976,CUST0059,2026-02-10T15:55:00,1475.92,pending
83cdedb4-57c8-455e-bf83-f84fd66b7729,CUST0058,2026-02-10T16:02:00,311.84,refunded
194d6c3d-109a-49fe-b0c6-f561cd7a8ed6,CUST0152,2026-02-10T16:09:00,4657.85,refunded
1376b29d-aac6-4be8-a53e-fe6a60c7e88f,CUST0243,2026-02-10T16:16:00,4732.86,completed
2f9d43b2-8f0c-4917-babc-0aabbdffa4da,CUST0302,2026-02-10T16:23:00,33.95,pending
d1a63019-e0bf-4240-b154-ea0937452fae,CUST0166,2026-02-10T16:30:00,4641.36,pending
f016684a-b322-4cdb-935a-848fd4e55878,CUST0489,2026-02-10T16:37:00,4291.34,pending
ac267ad3-68dc-4540-8987-5324f7bd229d,CUST0318,2026-02-10T16:44:00,821.95,pending
08a3bb10-a20a-4343-90ef-b915f7f1bd66,CUST0273,2026-02-10T16:51:00,19.73,completed
9f68e4d6-9450-4f0e-9e3f-96c748fb68aa,CUST0487,2026-02-10T16:58:00,2044.9,cancelled
7afd802c-f597-4bf8-9fe3-5dbce6f602e4,CUST0430,2026-02-10T17:05:00,13.13,processing
43711d80-3bee-4cc4-b9a3-42c3d69dccba,CUST0011,2026-02-10T17:12:00,4121.48,processing
c2302108-d285-47c7-96ee-366ae08ad96c,CUST0372,2026-02-10T17:19:00,2607.66,processing
a955434a-6a29-47e4-b33c-9b574688d490,CUST0256,2026-01-01T01:39:00,75.00,not_a_real_status
c9c7a540-cc82-4c4c-b8fe-306372433182,CUST0425,2026-02-10T17:26:00,4109.51,refunded
80168236-23bc-4656-b5ac-07e0863cc66d,CUST0289,2026-02-10T17:33:00,4069.23,refunded
a201969a-526c-4eed-9a01-56ef7ff263ae,CUST0278,2026-02-10T17:40:00,573.0,pending
727ab7db-c06f-4bb5-8eab-b044c87b328b,CUST0341,2026-02-10T17:47:00,2087.24,refunded
2d43cbf5-0ab1-4292-b948-d3b8e8680569,CUST0320,2026-02-10T17:54:00,1989.38,processing
f19fda87-3a37-4083-b6e9-d869e4f757f6,CUST0166,2026-02-10T18:01:00,1050.07,processing
65c62cb8-093c-49d1-85c0-89c1a6557a11,CUST0225,2026-02-10T18:08:00,4896.23,cancelled
2b7851c2-23a9-4f8e-ac47-7f67ff64dbf7,CUST0476,2026-02-10T18:15:00,2129.6,refunded
3766631e-0ace-4989-91da-bda522eb8677,CUST0451,2026-02-10T18:22:00,1045.87,pending
eeb47d69-746d-4528-82a9-774513481462,CUST0109,2026-02-10T18:29:00,3766.35,refunded
8cff76a9-dbdc-4321-b876-9a49e4bddd7a,CUST0092,2026-02-10T18:36:00,4444.75,processing
df294dbf-0bda-4231-8dbc-dcbc8197929e,CUST0377,2026-02-10T18:43:00,1839.7,cancelled
d45f0569-e257-44b8-9a1e-9f4ccc679b16,CUST0219,2026-02-10T18:50:00,2510.35,cancelled
d7a93ca2-f095-40b3-869a-c78aef413683,CUST0430,2026-02-10T18:57:00,3199.24,processing
88e7a5ba-6fb2-4ef1-9e04-3514e11bdc7e,CUST0083,2026-02-10T19:04:00,2512.23,cancelled
0b9e09a1-8c61-4ffe-9d06-608b6a5291ea,CUST0367,2026-02-10T19:11:00,883.74,processing
3c799e81-932b-4715-aa19-bf5ac9678bfd,CUST0400,2026-02-10T19:18:00,1433.35,refunded
ed53137e-6e42-4de4-8c10-5471bfc8f84d,CUST0179,2026-02-10T19:25:00,1902.38,cancelled
0d943b53-864c-4d06-8ab5-20de5dfd62c0,CUST0279,2026-01-01T00:47:00,75.00,not_a_real_status
0243db6f-07b1-4db8-9abe-e435993312c4,CUST0117,2026-02-10T19:32:00,1881.46,pending
c3697371-bc16-4783-8d5c-5ab54303e53d,CUST0494,2026-02-10T19:39:00,1113.44,refunded
e5d29d0d-7f90-4df4-a360-8fff3f17456d,CUST0349,2026-02-10T19:46:00,159.26,pending
32be03f0-8802-4418-95a8-d56a9ed1d762,CUST0267,2026-02-10T19:53:00,3549.42,pending
1cbaef10-4800-41c0-a727-d1a9f9e646f7,CUST0366,2026-02-10T20:00:00,3559.46,refunded
bb22432b-e83b-424c-802d-d622282db1cb,CUST0236,2026-02-10T20:07:00,376.29,processing
b5181006-9b1b-45d7-beaf-115b20cd3ab0,CUST0064,2026-02-10T20:14:00,4891.96,completed
e0c212bd-9b87-42f5-a578-50e038c60e4c,CUST0475,2026-02-10T20:21:00,896.7,pending
b0391d44-b5c6-4e48-b45a-3848693068f8,CUST0385,2026-02-10T20:28:00,1721.01,refunded
e54d65eb-1897-4378-8a16-9e21f9dc0874,CUST0491,2026-02-10T20:35:00,3214.37,refunded
499451fe-c33f-433d-9f81-1f706800da90,CUST0354,2026-02-10T20:42:00,4513.09,refunded
56f70cbe-4b79-4399-9012-91cedc4766f8,CUST0386,2026-02-10T20:49:00,3881.79,cancelled
3391f327-27fd-4f0f-855d-1c2b553fd02c,CUST0151,2026-02-10T20:56:00,667.29,refunded
610f0528-33a1-403f-b0ad-5906d3f159bd,CUST0229,2026-02-10T21:03:00,4272.39,refunded
82b2087f-0f9f-4638-8ccb-5203dd3bf590,CUST0478,2026-02-10T21:10:00,2383.55,completed
5e4d68e0-e818-4280-977f-00ae557774c0,CUST0448,2026-02-10T21:17:00,4844.95,cancelled
f034b55f-65bd-493c-b99d-7b1ff1386f19,CUST0309,2026-02-10T21:24:00,1785.01,pending
e5ad0e75-e212-4eb4-b5bb-33ac075b436d,CUST0231,2026-02-10T21:31:00,1188.08,processing
5666f990-0ea1-42c7-815d-d8f303005bec,CUST0059,2026-02-10T21:38:00,3944.52,pending
684e8625-1ead-44c6-94e5-d9c89c6f73e7,CUST0353,2026-02-10T21:45:00,130.04,processing
b38e0620-ce75-441d-9c28-98534a34a179,CUST0333,2026-13-45,99.99,completed
3783c0ce-da88-44e3-a504-eebe1dd0748c,CUST0049,2026-02-10T21:52:00,868.95,refunded
73fe7340-ca11-4278-8932-0577ad042004,CUST0176,2026-02-10T21:59:00,451.4,completed
83367094-aad3-4a17-ab80-3a720bd40fa9,CUST0313,2026-02-10T22:06:00,3866.08,refunded
ee3c3307-a929-426b-8fe6-9026b2a3acb3,CUST0408,2026-02-10T22:13:00,2665.57,refunded
4ea9cdb3-db23-454c-8c25-367061586181,CUST0025,2026-02-10T22:20:00,3292.29,pending
8bc7efc4-3f72-4971-a1c9-38af74c33c3a,CUST0004,2026-02-10T22:27:00,4093.55,processing
5ef5e062-3576-4ab5-a2b8-24377870320f,CUST0075,2026-02-10T22:34:00,370.99,cancelled
5aad77fa-dea1-4cc8-813a-71d3f60af894,CUST0214,2026-02-10T22:41:00,1614.74,pending
d070863e-9a0a-4b5f-8560-db70a85af095,CUST0271,2026-02-10T22:48:00,3798.8,pending
90e9c920-9781-4f34-84e3-160bccbcf12a,CUST0072,2026-02-10T22:55:00,4824.99,pending
374cded8-d7e9-429d-a8fa-7c1bc864815e,CUST0204,2026-02-10T23:02:00,3443.54,pending
1e527997-01a4-447b-b71f-e4a5e768232e,CUST0244,2026-02-10T23:09:00,2731.38,pending
7ce61b80-c434-4fe1-8d1a-adf530843d96,CUST0411,2026-02-10T23:16:00,2811.11,processing
ef8609f5-9092-4326-a1fb-9a94933a9da7,CUST0459,2026-02-10T23:23:00,3444.79,refunded
016db220-307a-4f0a-8c8a-ea68f8fb1b01,CUST0188,2026-02-10T23:30:00,4131.17,pending
38bc177f-bcf7-423c-a2e8-9fef1ed52e52,CUST0276,2026-02-10T23:37:00,1122.33,refunded
425e85ed-0c0c-4c6f-90fb-c70f6f4c77c5,CUST0389,2026-02-10T23:44:00,614.07,processing
6c815884-7f88-41d3-b838-0385e7af3a3a,CUST0335,2026-02-10T23:51:00,452.11,refunded
fa349fbd-e66b-48bd-ad20-0f5f437a055a,CUST0116,2026-02-10T23:58:00,934.54,completed
9814e141-4d02-4159-8194-ed67d46da4ec,CUST0248,2026-02-11T00:05:00,2458.29,pending
d1b658b3-c52f-4fc4-9d8b-3e54b9f9a905,CUST0483,2026-02-11T00:12:00,3256.03,pending
9543f5e1-148d-4a7b-abca-cd67695ef342,CUST0274,2026-02-11T00:19:00,4186.1,completed
42315d87-cca5-4c3d-a89d-475c7dae8729,CUST0190,2026-02-11T00:26:00,2748.19,processing
db5a3eab-ef03-4c7e-8091-c14e2213b522,CUST0031,2026-02-11T00:33:00,4514.7,processing
c444322f-e286-4581-941b-5f4204090cb9,CUST0217,2026-02-11T00:40:00,3093.64,processing
cedf4a74-0598-42b7-a6e6-99071061d5af,CUST0143,2026-02-11T00:47:00,2711.29,completed
74968f9c-7218-4e46-849a-28ef0bed9734,CUST0321,2026-02-11T00:54:00,4827.82,processing
d80fd073-7682-4a28-9fc6-f4b815475399,CUST0221,2026-02-11T01:01:00,3614.97,refunded
01d5e642-cba5-4f7e-9922-f94dc028f705,CUST0178,2026-02-11T01:08:00,2440.95,processing
dbc474c3-f12b-4a72-9a26-859dc71e3b1e,CUST0463,2026-02-11T01:15:00,3516.1,cancelled
0d86f49e-ff7b-44e3-b0d7-a15fc6d70380,CUST0181,2026-02-11T01:22:00,4505.67,processing
4fd5f224-2b7f-4845-827f-2127719bc7b0,CUST0125,2026-02-11T01:29:00,4919.19,refunded
ada3d0f1-8e10-4371-989c-2115da85b650,CUST0145,2026-02-11T01:36:00,3725.01,completed
d3ca1d20-2674-4f1e-bd6d-77ab3c7f8b09,CUST0267,2026-02-11T01:43:00,2981.18,refunded
23e3256c-de09-4cc7-af5a-42737ed54f6e,CUST0124,2026-02-11T01:50:00,4234.84,cancelled
a4fc5198-bbe2-422a-8596-105df77669ac,CUST0070,2026-02-11T01:57:00,234.34,pending
b8100642-5eb6-482b-a3fd-1e006d14ae6d,CUST0329,2026-02-11T02:04:00,1584.66,completed
bc8acc99-5b35-4dea-a2c8-4d89ad0eb36b,CUST0015,2026-02-11T02:11:00,3017.57,pending
09bb2dad-742d-459a-afa0-7a2c07a66221,CUST0102,2026-02-11T02:18:00,527.58,refunded
8cfbec28-2e77-49ca-b03a-03da8591b151,CUST0494,2026-02-11T02:25:00,512.21,processing
16efd5ad-e0b5-4212-a36f-d7cae9a6c9cb,CUST0020,2026-02-11T02:32:00,1786.23,processing
166b022e-29b7-456f-936a-98d53b324226,CUST0395,2026-02-11T02:39:00,3139.49,cancelled
b5c95f81-a2a0-4468-8876-b8dafeb1f1d6,CUST0388,2026-02-11T02:46:00,3236.25,cancelled
7ab17be0-ef07-4db7-a66e-6863412c10c0,CUST0444,2026-02-11T02:53:00,1633.19,cancelled
7d837c1c-578b-4e65-9d39-0d6c88a38567,CUST0136,2026-02-11T03:00:00,229.69,processing
c783b9e2-6a39-4bd4-8c39-c1dcd1c38e25,CUST0273,2026-02-11T03:07:00,3676.44,cancelled
bb2d4f3d-6427-40da-b516-71ebe7f5be7c,CUST0306,2026-02-11T03:14:00,4026.87,pending
2376d159-fe13-4ef4-8eac-f612ce8c07a5,CUST0268,2026-02-11T03:21:00,1188.3,completed
d04420d3-2800-484d-b750-58d276750900,CUST0458,2026-02-11T03:28:00,3607.54,cancelled
669f7209-28d9-42e6-b9f4-dda358af344c,CUST0093,2026-02-11T03:35:00,138.95,cancelled
cb2a4c6b-95a7-4677-aee6-af9eecce3608,CUST0413,2026-02-11T03:42:00,2673.14,cancelled
6d907ce7-116e-4b47-9e99-6b0223aa4122,CUST0290,2026-02-11T03:49:00,2031.15,pending
3af3e48e-bfdd-4cee-a370-cbe353893b61,CUST0350,2026-02-11T03:56:00,4939.33,pending
89b71047-f359-4778-8637-177d145fe9a6,CUST0155,2026-02-11T04:03:00,3711.49,processing
1c2cd35c-2e8d-466b-88f4-d52e5bdb1c2d,CUST0141,2026-02-11T04:10:00,645.63,processing
fbce29ef-3155-4976-8c04-6ca4b2fb8409,CUST0377,2026-02-11T04:17:00,4206.89,processing
a113452e-06a2-422c-8b3b-46fad70b1a57,CUST0460,2026-02-11T04:24:00,2491.44,pending
6e9026dd-3511-4cf2-a094-a096658f71fa,CUST0330,2026-02-11T04:31:00,3268.05,processing
,,not-a-date,abc,
866b9930-3938-43b5-ae2b-8d90b6bd5f95,CUST0462,2026-02-11T04:38:00,2016.32,pending
6beb31da-4d38-4ba2-928d-59e2836da25d,CUST0206,2026-02-11T04:45:00,2398.54,cancelled
70524964-e089-4f84-ae6b-acc01e907fb6,CUST0093,2026-02-11T04:52:00,735.7,pending
f6c81447-faf2-4548-811c-07fd85fe25d3,CUST0371,2026-02-11T04:59:00,985.89,refunded
1f028ca6-2a25-470a-945a-15d8251af83f,CUST0176,2026-02-11T05:06:00,3634.08,pending
e4eddb70-8fbb-4812-926f-d28ee77371bc,CUST0476,2026-02-11T05:13:00,4336.66,refunded
c02a1644-9a2b-4aa4-ad81-f6f717750e81,CUST0177,2026-02-11T05:20:00,969.47,pending
152b666a-e981-45a6-b3bc-74a45f5a05c3,CUST0272,2026-02-11T05:27:00,2504.57,processing
7b935546-c94a-4bad-89a6-7075ba861cde,CUST0191,2026-02-11T05:34:00,239.58,completed
29953fe4-c406-49b3-9bf2-ffcf84174f05,CUST0372,2026-02-11T05:41:00,352.73,pending
7638f91c-102d-48e6-969a-0b1bee4f559c,CUST0116,2026-02-11T05:48:00,261.66,cancelled
12514159-c525-4af3-940d-6bd7d6b5c1b3,CUST0102,2026-02-11T05:55:00,1103.39,completed
d3bc7c23-26a0-4c22-85d9-2e91f66ea4d3,CUST0339,2026-02-11T06:02:00,2540.76,processing
16d43b6f-965a-42fb-bcd6-6e79cfc7f56b,CUST0236,2026-02-11T06:09:00,2780.73,completed
502f03a5-be02-45e9-85ec-dcf4c569248a,CUST0122,2026-02-11T06:16:00,2304.81,pending
b35d30c7-c6c2-4caa-a5f4-7c212589321d,CUST0348,2026-02-11T06:23:00,4757.67,pending
5432d6af-da8d-4bb1-a3be-012b9772161f,CUST0313,2026-02-11T06:30:00,1257.72,refunded
354c68a1-357e-40fc-868a-c0e7c5b4531d,CUST0269,2026-02-11T06:37:00,2207.3,cancelled
b718751e-763d-4563-bc2a-d36adeb848dc,CUST0442,2026-02-11T06:44:00,4316.84,pending
5c3ba7a7-55c6-4244-b29a-708200058e45,CUST0321,2026-02-11T06:51:00,4299.42,processing
f7b7b514-7de4-4156-b0a7-544948897d4d,CUST0484,2026-02-11T06:58:00,1149.49,cancelled
28fcdf70-d640-41c7-8656-e1bf58e88c01,CUST0137,2026-02-11T07:05:00,1261.18,cancelled
41f17ee3-b5c0-4870-8127-96b8da88d899,CUST0209,2026-02-11T07:12:00,4615.21,refunded
ff0f2ad0-4b44-4d95-bc91-37d9d098f535,CUST0305,2026-02-11T07:19:00,4745.32,refunded
01a69a7a-79cf-433a-a355-a862049a55af,CUST0487,2026-02-11T07:26:00,3687.16,completed
f0f45019-35d5-4766-8015-6528e755fa61,CUST0199,2026-02-11T07:33:00,1147.04,completed
dcedaa3b-20b0-40af-8296-ce540f8d2a0c,CUST0269,2026-02-11T07:40:00,1194.94,processing
7d8c6268-5c57-4827-a6ec-329287f74c5f,CUST0284,2026-02-11T07:47:00,508.19,pending
c4b1a322-7a56-4a1f-95d6-6060120962f4,CUST0376,2026-02-11T07:54:00,3399.47,processing
00c98de1-53b8-4796-9bc2-46a78f440b44,CUST0077,2026-02-11T08:01:00,1820.43,refunded
1721a6c9-6791-4fee-b760-5b983160604d,CUST0118,2026-02-11T08:08:00,1879.53,completed
aa01226b-7f73-4922-9895-fe5765724371,CUST0069,2026-02-11T08:15:00,707.11,pending
8a764430-35ba-45e2-97a3-7152759acb01,CUST0122,2026-02-11T08:22:00,4112.87,cancelled
f501b48d-de7d-4e10-82ae-676a1d856287,CUST0014,2026-02-11T08:29:00,2556.09,processing
165a78d1-b816-4a3f-b6b9-ea24c4bcf345,CUST0413,2026-02-11T08:36:00,768.83,completed
c7f9b3c5-499f-4666-aa80-273e945e04e4,CUST0202,2026-02-11T08:43:00,4561.05,refunded
1561fcd2-0fbb-4f43-8f59-a2d391332a1b,CUST0370,2026-02-11T08:50:00,774.64,cancelled
fb040ea1-6ca2-4eb0-8d67-545029299bcf,CUST0172,2026-02-11T08:57:00,2220.81,completed
59215c5e-90e3-4799-b28d-8d5a4fc91ecd,CUST0279,2026-02-11T09:04:00,2130.29,pending
9a909277-ade9-4c8e-a856-f3ad4d108a93,CUST0260,2026-02-11T09:11:00,4517.58,refunded
21829a0b-a152-45e5-82d8-7632e015c8b3,CUST0344,2026-02-11T09:18:00,3039.04,completed
50c9d077-4bcb-4b87-9938-188d2ae0d686,CUST0293,2026-02-11T09:25:00,4825.22,pending
9fa515d6-3403-43c3-8dd3-7acd04c13a12,CUST0241,2026-02-11T09:32:00,4890.39,processing
5a2b9117-ad60-42bc-8bd5-d681c19b8570,CUST0494,2026-02-11T09:39:00,2219.55,processing
42fe4508-537c-49bb-be57-a77271bac212,CUST0109,2026-02-11T09:46:00,2469.97,completed
4e4a94d5-575b-48de-b676-defaeaac6812,CUST0048,2026-02-11T09:53:00,215.44,cancelled
cf008564-fe43-432e-a63c-db660fc804f2,CUST0270,2026-02-11T10:00:00,4065.34,refunded
9b736f8a-7617-4f74-af72-f15d621acc4b,CUST0246,2026-02-11T10:07:00,4460.16,processing
1f2b6b35-0742-429b-833d-feb99b88d2ae,CUST0026,2026-02-11T10:14:00,4307.8,processing
bb072947-e2fa-4c63-bfc7-b87613678b44,CUST0181,2026-02-11T10:21:00,3172.54,completed
e6d88fff-c221-41df-bcf8-e244e078cd89,CUST0026,2026-02-11T10:28:00,1197.0,refunded
de47c9e8-6b3f-4bd8-b981-73247df16b13,CUST0232,2026-02-11T10:35:00,4800.01,completed
cddbd9f6-ea88-498a-aa07-2704cd3c84cc,CUST0484,2026-02-11T10:42:00,3583.79,cancelled
e40127d0-91da-46c4-9aad-20dfcc4e839d,CUST0358,2026-02-11T10:49:00,4520.98,pending
9e0a9ed0-90af-461c-a63e-022e7261a9d8,CUST0438,2026-02-11T10:56:00,4460.1,pending
f82c72f1-aa37-4273-9841-5afcaccbc46d,CUST0255,2026-02-11T11:03:00,1783.05,cancelled
868b7994-63d1-48cd-8a64-52b961a00bd3,CUST0420,2026-02-11T11:10:00,2754.77,processing
654ba06c-ccd0-4878-981b-8f8ea8380444,CUST0247,2026-02-11T11:17:00,2209.88,processing
7d669d28-2a58-482f-b48d-8c271befefcf,CUST0174,2026-02-11T11:24:00,380.14,processing
cb4a0bd9-36e7-4763-97c8-b2ee11f1c784,CUST0227,2026-02-11T11:31:00,4889.02,cancelled
67b733df-ae51-4108-9ab6-32ea7d7f1414,CUST0163,2026-02-11T11:38:00,554.59,cancelled
5091d8f7-3746-4348-8501-efb5952f9e82,CUST0442,2026-02-11T11:45:00,819.95,refunded
29611115-1d9a-4833-ba2a-595c40a56f91,CUST0407,2026-02-11T11:52:00,3949.67,refunded
1194b3ae-9d3f-42bd-abc2-c4f35aa82957,CUST0106,2026-02-11T11:59:00,3302.3,refunded
3040a21d-0bc0-4f68-9d36-b2b927498b56,CUST0105,2026-02-11T12:06:00,966.35,refunded
4086548a-d7b8-46a1-84c5-67a981786803,CUST0248,2026-02-11T12:13:00,4211.42,pending
597ef5e4-1d32-4eec-b052-03dcc8f09bec,CUST0347,2026-02-11T12:20:00,224.72,processing
cf85a1c9-bf7a-43f3-8ca9-9124f4e7cac5,CUST0237,2026-02-11T12:27:00,3935.1,completed
c385a576-5fe2-4c6f-bc5a-4671a212918c,CUST0250,2026-02-11T12:34:00,1081.0,processing
45622c6e-e81e-478e-b4cb-ea8c450459d8,CUST0444,2026-02-11T12:41:00,2991.81,completed
9f654c18-cdd5-4d5a-b701-5c5729288170,CUST0365,2026-02-11T12:48:00,3496.88,cancelled
9ee4820b-f19b-425b-835b-d9d76a79055e,CUST0001,2026-02-11T12:55:00,4052.35,completed
4ddf9fc0-12b0-4355-a156-0d3a5002f99f,CUST0284,2026-02-11T13:02:00,3491.42,pending
e70dc66f-aaa6-4bf5-b2ee-161fb3aa5f30,CUST0421,2026-02-11T13:09:00,3678.55,processing
b86487d3-8139-4a5f-83ee-dab428801ac0,CUST0386,2026-02-11T13:16:00,1344.97,processing
1afe4e96-f4db-49e0-a5d7-5d03d1a17dec,CUST0374,2026-02-11T13:23:00,2216.53,pending
74f91f8e-4905-4038-986b-dfd752466923,CUST0075,2026-02-11T13:30:00,4182.14,pending
fba5ef17-50a9-4f38-9cd8-582a5e7a394b,CUST0174,2026-02-11T13:37:00,3882.27,pending
7b673299-92fd-4147-a9a8-453ede63e799,CUST0171,2026-02-11T13:44:00,1717.42,refunded
7b0e3677-81e4-4c88-a8fc-4481e3e0f4fe,CUST0461,2026-02-11T13:51:00,175.54,cancelled
b43183cd-9529-4a64-822b-76f036934312,CUST0016,2026-02-11T13:58:00,2010.56,cancelled
4ed80e3d-8c62-4ce0-a166-1e38e0e603ad,CUST0332,2026-02-11T14:05:00,1998.31,completed
7cee7b0b-5eac-4e4b-919d-849787646b56,CUST0469,2026-02-11T14:12:00,1898.09,processing
a5b1894f-60ad-41cc-83c5-4fabb1730ff3,CUST0339,2026-02-11T14:19:00,1939.73,cancelled
b15ccda9-10ff-4150-94d7-f162b53f6386,CUST0108,2026-02-11T14:26:00,4898.07,processing
d0b40571-d17a-48b5-acd8-5eccbab5aa48,CUST0394,2026-02-11T14:33:00,1011.73,pending
2f7de33a-3489-4065-9b98-004d21b30c21,CUST0002,2026-02-11T14:40:00,1315.43,refunded
d9b9aa04-0aec-48e2-80d6-12e428ef093f,CUST0033,2026-02-11T14:47:00,3822.35,completed
570ca005-dfd2-4895-84f1-652fee187f0a,CUST0081,2026-02-11T14:54:00,3199.26,processing
ec0f9feb-a482-410a-8ec8-436154a04505,CUST0029,2026-02-11T15:01:00,4315.96,refunded
13b8283d-4edf-4e82-a491-f62858a3eecd,CUST0374,2026-02-11T15:08:00,3855.25,cancelled
8939ff3c-8a1f-4a98-b831-281e6d723487,CUST0139,2026-02-11T15:15:00,3102.61,pending
23f07ce0-0e9e-44e6-a98c-4f8999b38adc,CUST0247,2026-02-11T15:22:00,4335.78,pending
2b7b2f3c-41ce-43e7-a4c0-4b096c839187,CUST0359,2026-02-11T15:29:00,4554.82,pending
163649ac-4b76-41cc-82e6-35caeb626734,CUST0500,2026-02-11T15:36:00,2275.89,pending
4b8169ce-f9fb-4a22-a3e3-394939976d91,CUST0001,2026-02-11T15:43:00,3317.5,completed
cb3b70db-5938-4490-969d-5abd13ada024,CUST0444,2026-02-11T15:50:00,1623.64,processing
be452bd0-f7cb-41a2-8e0c-71fd1eae5b66,CUST0435,2026-02-11T15:57:00,1991.04,processing
8ff8e3a6-004e-4095-8f97-092c236fcce7,CUST0098,2026-02-11T16:04:00,2714.48,pending
bc1cd8d0-dd74-437e-ac57-b4466fe5fbaf,CUST0337,2026-02-11T16:11:00,4882.41,processing
b6618590-afe9-47cc-a320-9c9fe1751479,CUST0426,2026-02-11T16:18:00,2549.92,pending
aec72a1e-8bba-4ac3-a127-a39527fea980,CUST0335,2026-02-11T16:25:00,4935.61,completed
8aa16c46-420b-43ea-9afb-cedbaf28e787,CUST0371,2026-02-11T16:32:00,3546.64,processing
6dc86ba5-5fe9-44c3-9b17-43635e2efb0d,CUST0484,2026-02-11T16:39:00,442.56,cancelled
9a0e26fc-3782-4479-82ce-082542e3bd46,CUST0360,2026-02-11T16:46:00,1054.72,refunded
4b65ba10-77ca-4996-b43e-c9aa4cfc3ccf,CUST0282,2026-02-11T16:53:00,2801.68,cancelled
4c761b8e-727a-419c-b1d9-a25c02ab653c,CUST0061,2026-02-11T17:00:00,973.16,processing
8c4cce4f-cc5a-4ee9-ace9-1cda2be19e70,CUST0390,2026-02-11T17:07:00,3390.03,refunded
34a0cd3b-66c3-41ab-bc8d-079187ba4645,CUST0291,2026-02-11T17:14:00,3321.74,processing
265ec061-d29d-458c-ac95-2aed88dca048,CUST0010,2026-02-11T17:21:00,4487.46,processing
b91ece67-c04d-48e6-bf1f-906b63b5d681,CUST0462,2026-02-11T17:28:00,3527.31,cancelled
1c5133ed-3a4b-476d-b5d0-ad4ef318761a,CUST0229,2026-02-11T17:35:00,4241.23,pending
4e864b29-1b98-4cab-b974-99d9297b56fd,CUST0340,2026-02-11T17:42:00,34.72,completed
40fe0202-8732-4862-9df4-3d6db0b69171,CUST0060,2026-02-11T17:49:00,383.22,refunded
52edc8ce-9718-45b5-a772-63f89156322a,CUST0105,2026-02-11T17:56:00,1473.82,pending
fc96d134-eac1-46e4-9f5b-7c32e0fd614a,CUST0226,2026-02-11T18:03:00,1806.09,cancelled
d6bb8498-b6f3-4365-892b-60ca10bc5569,CUST0184,2026-02-11T18:10:00,2675.57,pending
61b61d51-5419-4fc7-80f7-ffb37e9bbe67,CUST0235,2026-02-11T18:17:00,2516.85,pending
4549b056-466a-4e94-a261-a4992d7dbf3b,CUST0384,2026-02-11T18:24:00,3621.11,completed
91443964-18e9-431b-ba5e-b8ecc1def5c1,CUST0169,2026-02-11T18:31:00,163.89,processing
00e7a8e7-be3b-457a-8487-01e70da630eb,CUST0059,2026-02-11T18:38:00,3837.78,pending
124d112d-1e72-4a10-887b-60a0a7234c04,CUST0330,2026-02-11T18:45:00,2711.14,processing
d4522b7e-c3cc-41f3-bb5a-47b218528225,CUST0260,2026-02-11T18:52:00,687.2,refunded
63a64c22-f758-4e98-868d-26295e2cf297,CUST0384,2026-02-11T18:59:00,1852.54,pending
663527a4-914c-46da-b05a-2e97dd39c110,CUST0292,2026-02-11T19:06:00,665.08,completed
,,not-a-date,abc,
567dd693-249e-4edd-bc6c-f5908d7f3627,CUST0105,2026-02-11T19:13:00,4372.54,completed
18b4f3d5-aaa2-492e-8f0f-b8adc7cb9da8,CUST0431,2026-02-11T19:20:00,4571.73,completed
9bdb7e1f-964f-422a-9d66-4ffc4712f065,CUST0171,2026-02-11T19:27:00,3030.94,cancelled
ff2e0ba6-2415-4223-8551-cf6482b7c4fb,CUST0133,2026-02-11T19:34:00,1463.24,pending
bd974585-425a-4d3d-bb28-60bfb927698e,CUST0062,2026-02-11T19:41:00,4020.93,cancelled
aa233a66-b451-44d6-8a8a-85d928ded138,CUST0498,2026-02-11T19:48:00,3248.89,pending
9e9a61e0-8d14-4483-9c3c-c4959275910f,CUST0323,2026-02-11T19:55:00,1254.44,pending
c8845ec9-23c4-44a5-982d-88bd7277a541,CUST0211,2026-02-11T20:02:00,3672.75,processing
f49934b5-e637-460b-b17d-8b264dce7fc0,CUST0041,2026-02-11T20:09:00,2777.67,processing
956ecac9-38fc-4004-9a6a-5231569eef2f,CUST0093,2026-02-11T20:16:00,4377.7,processing
356d2b40-1e85-4e3a-8bb3-2654dbdbddbf,CUST0028,2026-02-11T20:23:00,918.99,processing
8ab2e1d1-3fea-40e9-afd8-6d2ed5554a5b,CUST0243,2026-02-11T20:30:00,3387.25,pending
9e25414d-07c4-49ec-a05d-25e4cb479c34,CUST0119,2026-02-11T20:37:00,281.6,completed
dd0d1c4c-f40d-415f-a6b3-f3c1a8c4f83a,CUST0455,2026-02-11T20:44:00,2377.56,processing
741ff9de-266f-42ba-a742-8094c83485af,CUST0494,2026-02-11T20:51:00,3868.4,processing
ce7fdf74-bbf5-4f4e-8cc1-94710b9d3952,CUST0438,2026-02-11T20:58:00,1304.18,refunded
15f0b59f-68c6-4284-82df-df51680a82b2,CUST0083,2026-02-11T21:05:00,4071.09,refunded
0feda140-9482-417f-a8f8-2afe53fbc9ea,CUST0326,2026-02-11T21:12:00,2592.32,pending
7180100e-f454-4c68-822f-3a74ee002073,CUST0329,2026-02-11T21:19:00,1054.36,completed
84bc0899-259f-4598-8a48-822eb16034da,CUST0190,2026-02-11T21:26:00,4100.52,cancelled
c823fa1d-c33c-435d-ab0e-0574999bf7bc,CUST0091,2026-02-11T21:33:00,4223.28,pending
5c1f5d61-981a-4233-b3ca-30c88736a410,CUST0037,2026-02-11T21:40:00,2927.33,processing
ef8591c7-5c37-4fbb-a5c2-23f9f5672566,CUST0039,2026-02-11T21:47:00,2871.43,refunded
f7817ce9-1d64-408b-9b39-7a5d0de7f23f,CUST0219,2026-02-11T21:54:00,2294.51,completed
eb05af47-2b90-4c86-8d5a-d75de706d2ac,CUST0200,2026-02-11T22:01:00,3923.08,completed
4ca4737c-9ccc-4f62-a9a8-f3e12c5e65fb,CUST0497,2026-02-11T22:08:00,699.05,processing
f00d982d-5283-4832-b18e-e22312a71f10,CUST0475,2026-02-11T22:15:00,1020.8,pending
c9c74135-f69e-4ebf-ad27-d8acb95f722e,CUST0320,2026-02-11T22:22:00,1700.46,refunded
27d65b7c-a10a-4fe3-97a2-c76003afcd63,CUST0301,2026-02-11T22:29:00,306.45,completed
9416efbd-c168-4465-98a9-0789ed6d4d05,CUST0008,2026-02-11T22:36:00,1912.45,pending
476940d4-3409-46a7-a681-fb047644697c,CUST0185,2026-02-11T22:43:00,2203.07,processing
db125493-8ab3-439c-8976-7601f8849fa7,CUST0036,2026-02-11T22:50:00,1202.52,completed
b3cae586-1ed4-40a1-962c-6c2ee2a1bbcc,CUST0376,2026-02-11T22:57:00,2577.9,completed
418756c5-ae6e-4e6d-8f63-8fff2d7dc885,CUST0451,2026-02-11T23:04:00,426.36,processing
87daa992-06d7-4114-a686-ffbc38ca9bb8,CUST0272,2026-02-11T23:11:00,753.88,refunded
19247db2-542d-4c38-93ae-2870bd496688,CUST0318,2026-02-11T23:18:00,2516.7,completed
06dc1613-94d6-4fe6-ab75-bc6139337952,CUST0057,2026-02-11T23:25:00,2337.49,completed
0b924aff-12dd-486f-b9ac-136db79e6c7d,CUST0356,2026-02-11T23:32:00,4656.16,pending
a77f10ff-3667-48d4-9cd8-5c26cf39b035,CUST0481,2026-02-11T23:39:00,4001.85,pending
9cc4c86f-1f53-419b-a64c-68199795966d,CUST0126,2026-02-11T23:46:00,4444.26,pending
f67ade1f-fe11-4ebb-95a5-4810077cd01a,CUST0026,2026-02-11T23:53:00,452.21,cancelled
ff7c2a56-f7f4-442d-913f-49927087d14d,CUST0436,2026-02-12T00:00:00,3095.03,refunded
598e2d89-79ae-450b-a4d4-7f6a9fa140a5,CUST0413,2026-02-12T00:07:00,20.97,processing
bec6bfce-295e-4b69-9692-e312a40d3268,CUST0465,2026-02-12T00:14:00,4525.62,cancelled
863a6099-2d10-40f5-b24a-50ac1dbf00d5,CUST0412,2026-02-12T00:21:00,2174.16,completed
8fdc95c8-66ed-4295-a6b3-714ff1e5fedf,CUST0186,2026-02-12T00:28:00,2124.57,completed
bf409341-6d1f-4733-8b2c-14e8a1ef72f9,CUST0368,2026-02-12T00:35:00,4437.05,refunded
9eb21066-669f-4a22-8d60-8c41bdf6d5cb,CUST0368,2026-02-12T00:42:00,3827.02,cancelled
6e503d26-f069-44bb-ad4c-145e8817092b,CUST0095,2026-02-12T00:49:00,2081.91,refunded
8df9704c-ebee-4d16-944d-c4b2e99f2388,CUST0380,2026-02-12T00:56:00,2019.69,refunded
2632b499-5bbb-46f9-8091-b07b8cb73b59,CUST0368,2026-02-12T01:03:00,1512.76,refunded
95915671-20b8-4295-8a9d-c53766317ce1,CUST0110,2026-02-12T01:10:00,2452.23,completed
f1f0a560-fc09-4dbb-9306-2f11e11ecdd3,CUST0298,2026-02-12T01:17:00,4002.96,pending
fe8aa00a-be43-4118-b03a-964cc77a48ff,CUST0478,2026-02-12T01:24:00,640.71,pending
95a23757-d456-43e8-8455-55fb92739848,CUST0148,2026-02-12T01:31:00,1946.76,pending
f21f6ccc-af0c-4478-8829-5445535998b3,CUST0237,2026-02-12T01:38:00,4802.41,cancelled
84078e27-1f2f-46fa-912a-d7f17c5bfe70,CUST0487,2026-02-12T01:45:00,3644.89,pending
243d4897-35c8-4cce-9759-74331f67e851,CUST0351,2026-02-12T01:52:00,3574.12,cancelled
e2470228-4454-4fdc-bbc0-419216a9a233,CUST0365,2026-02-12T01:59:00,366.32,completed
98727225-e716-4ba5-8f9d-159c00f53c7c,CUST0159,2026-02-12T02:06:00,217.72,refunded
4d6c69b4-02ec-4159-b31d-9d304f6a5a8d,CUST0215,2026-02-12T02:13:00,1594.26,completed
fe297bee-2bee-4dc3-9d29-d94928c549a6,CUST0264,2026-02-12T02:20:00,4407.04,pending
c3799478-0414-4334-bb15-623728cb40a6,CUST0419,2026-02-12T02:27:00,2012.23,processing
bbc72a86-d059-443d-8266-b70a0780a444,CUST0029,2026-02-12T02:34:00,1646.19,pending
1a4dd8cc-ca2e-4083-a1d3-99d122b55467,CUST0294,2026-02-12T02:41:00,1505.83,completed
99f4d553-d59d-4b01-b2b3-3343b05d318d,CUST0188,2026-02-12T02:48:00,4679.76,completed
6e0d8095-11d3-4683-a66b-3b793f6fe8fc,CUST0201,2026-02-12T02:55:00,4327.03,refunded
e61b617e-afc1-4f9a-8e05-85b9355c0671,CUST0469,2026-02-12T03:02:00,492.32,cancelled
ec8fc38a-bcc6-4cf3-91d6-ccabe7366f7a,CUST0005,2026-02-12T03:09:00,1541.15,cancelled
1e1f5b3d-b4a6-4d3c-b2d9-ad479c5a5ebb,CUST0314,2026-02-12T03:16:00,217.73,cancelled
1bc94e9f-3717-439b-88ae-5a416c522015,CUST0436,2026-02-12T03:23:00,1068.28,cancelled
ed8edc94-e32d-41ac-950d-5c46f656f928,CUST0392,2026-02-12T03:30:00,4738.21,completed
87c57249-28f3-49c1-815c-06387bd038eb,CUST0092,2026-02-12T03:37:00,4069.46,completed
51c3d07c-ce9b-4ee1-9588-bef694446170,CUST0375,2026-02-12T03:44:00,4921.03,pending
2bb103c5-4542-4d3e-992c-6fadd93dfd79,CUST0111,2026-02-12T03:51:00,3833.78,processing
03784d20-e13a-4324-96af-e18b5fcb566c,CUST0301,2026-02-12T03:58:00,4652.32,cancelled
ba4ba748-64e4-4d04-95ff-0188c6315d62,CUST0183,2026-02-12T04:05:00,2962.91,completed
17e82dbb-cd65-4462-8201-48c296793b5b,CUST0390,2026-02-12T04:12:00,2572.67,cancelled
b65adfcd-3911-493c-9b14-20d2eb575a57,CUST0398,2026-02-12T04:19:00,185.14,refunded
b1ae691d-1b61-401e-a89f-055d501cc6fd,CUST0021,2026-02-12T04:26:00,2491.94,pending
80cbde45-7798-4b16-b98c-81b6cc31dce1,CUST0113,2026-02-12T04:33:00,1578.91,pending
43502883-b890-4dcf-9c9d-3943fbeac3f1,CUST0270,2026-02-12T04:40:00,4624.57,completed
bf0abb7f-c3cf-45a1-94d0-a01da806f45f,CUST0429,2026-02-12T04:47:00,3413.16,processing
32740b72-8208-4291-8d1f-031affc4d721,CUST0385,2026-02-12T04:54:00,4765.58,cancelled
ff61ad8b-6ae9-4e14-91ef-ef1783dc4dd4,CUST0354,2026-02-12T05:01:00,2042.63,processing
e7093847-4446-4412-853a-0b33c9bdf296,CUST0099,2026-02-12T05:08:00,3341.32,refunded
0ec75f7b-c68c-4868-93d1-19c509d8c475,CUST0362,2026-02-12T05:15:00,4077.87,pending
a9320a99-e909-4c38-9531-a1730e222fbd,CUST0492,2026-02-12T05:22:00,3680.95,processing
e6198ccc-fd3f-4acf-804c-a29b86a2c8ab,CUST0360,2026-02-12T05:29:00,3764.63,processing
6167c8a5-11d4-4af6-b6e6-1128206abb34,CUST0096,2026-02-12T05:36:00,1449.61,cancelled
917eedef-a578-4e7f-afbb-25bc4069bbd6,CUST0270,2026-02-12T05:43:00,629.29,pending
3e88931b-dfe6-455d-a9d4-500da1475204,CUST0403,2026-02-12T05:50:00,2032.72,refunded
c22c08a6-f90d-43c6-bd6f-f7bae6c4ea0d,CUST0176,2026-02-12T05:57:00,47.63,completed
069cdf1e-353e-4a88-a395-1b46bbf256aa,CUST0045,2026-02-12T06:04:00,568.7,pending
e168951f-e4fa-4bdb-adf0-fdee56d1f075,CUST0340,2026-02-12T06:11:00,4513.97,cancelled
c1ad7e4c-08bf-4e77-a1c6-dcc9b4b8ec2b,CUST0080,2026-02-12T06:18:00,4621.15,refunded
e9f95db5-237e-4523-ace0-85afde079382,CUST0284,2026-02-12T06:25:00,3788.51,cancelled
fa7bee78-83e2-44d1-ab1e-9fdb879a067b,CUST0250,2026-02-12T06:32:00,254.39,refunded
e5ca46f8-d7d4-4fbf-8c23-b61a64ed618c,CUST0145,2026-02-12T06:39:00,2758.08,completed
4466f0a9-6577-4d93-868b-f8817e3b2cb5,CUST0220,2026-02-12T06:46:00,4260.25,processing
4b70964c-5163-4f92-853e-78f7d6c2df68,CUST0478,2026-02-12T06:53:00,1587.14,processing
67e579b6-3ce7-401a-9b72-8782e96b05f3,CUST0412,2026-02-12T07:00:00,4053.84,cancelled
9412362f-fe5d-46af-b83f-f587a3b25281,CUST0183,2026-02-12T07:07:00,4934.79,cancelled
8723852e-65d8-4b30-b263-2ee98997ea7b,CUST0207,2026-02-12T07:14:00,3263.52,completed
096b3117-5e64-40d4-9760-e9f55cd8bf40,CUST0007,2026-02-12T07:21:00,2895.95,processing
f048cdef-1d69-4a53-bf73-537c59b768d9,CUST0258,2026-02-12T07:28:00,1764.6,pending
af4ae7d6-e4f3-4ad0-8067-6502dd71c5e3,CUST0035,2026-02-12T07:35:00,1636.21,pending
c9095331-33db-487f-af9f-7c6828a936bc,CUST0109,2026-02-12T07:42:00,701.4,pending
6cfff6de-59e0-4911-be07-c75a5a21c08e,CUST0139,2026-02-12T07:49:00,4062.96,cancelled
e61707ce-bf79-461a-a58c-cfbf243811c6,CUST0496,2026-02-12T07:56:00,2928.22,pending
7abffb8b-ec3d-48a2-934d-c6918a99ced4,CUST0426,2026-02-12T08:03:00,4336.98,refunded
37d692ef-de50-46a8-bb1a-3227fa63a3fa,CUST0395,2026-02-12T08:10:00,1199.3,pending
01938d86-ba22-48f7-a4c6-4003f14072b9,CUST0372,2026-02-12T08:17:00,901.96,pending
13e70620-a034-4b35-b99e-0cad3aff7abe,CUST0207,2026-02-12T08:24:00,202.98,processing
9cf73096-8e8d-4477-ba0f-ad31ce509c0a,CUST0190,2026-02-12T08:31:00,1640.97,completed
11f74d89-8be1-45c6-be46-6ee7051b7703,CUST0455,2026-02-12T08:38:00,676.18,completed
6ccac2b8-c11c-42aa-9a35-a898e488858b,CUST0319,2026-02-12T08:45:00,1355.7,pending
bc1004c4-429f-408d-94f9-2a4fb1e98e3f,CUST0056,2026-02-12T08:52:00,3539.11,cancelled
b5e787e4-66f6-4dfc-9f1a-0c2f0c8e88dc,CUST0106,2026-02-12T08:59:00,1220.69,completed
9057c2f7-3e49-425c-a858-1930606a62a0,CUST0045,2026-02-12T09:06:00,4240.29,refunded
a1314a40-d9b4-4e5d-b308-b56369e8eba9,CUST0428,2026-02-12T09:13:00,124.54,pending
291fb0f0-75e3-4fae-9564-b3f4f862aa69,CUST0286,2026-02-12T09:20:00,4273.39,processing
a827fa8a-c7dd-4385-ac9a-0b333d0fdf13,CUST0366,2026-02-12T09:27:00,4568.99,refunded
875dfc6f-40d1-4d3b-8b45-4514d2c07b5e,CUST0101,2026-02-12T09:34:00,3949.96,completed
fbc2c4a3-9b9e-435f-8623-5416f7bf90d1,CUST0334,2026-02-12T09:41:00,2937.84,pending
d571a59c-203a-4a99-9076-d73f4ebaafaa,CUST0388,2026-02-12T09:48:00,4169.39,processing
d3eb32d6-bd7a-42a0-b7f2-f20e713284c0,CUST0297,2026-02-12T09:55:00,1122.36,completed
8a0a6c61-6c63-499e-a8a5-0ea5fd483989,CUST0305,2026-02-12T10:02:00,1779.7,refunded
13cf0379-87e4-400b-a4af-125fd8fae781,CUST0225,2026-02-12T10:09:00,745.53,cancelled
6ba039e5-125b-4495-8e4b-87f2d3877d99,CUST0429,2026-02-12T10:16:00,4897.99,refunded
b0976a5f-3298-4389-b3bf-1457486fa4f4,CUST0485,2026-02-12T10:23:00,1571.37,pending
bb76e5fc-5483-4d6f-a1d3-da27b4e233c2,CUST0280,2026-02-12T10:30:00,1372.16,pending
c6a95278-5173-4799-8a97-566eefc351bb,CUST0009,2026-02-12T10:37:00,2202.67,processing
e4def3bb-4513-4f7a-a8eb-b515b43e15d1,CUST0456,2026-02-12T10:44:00,211.97,processing
7597e39b-04c4-4f9c-860c-aa80b9c26c60,CUST0243,2026-02-12T10:51:00,4621.82,processing
0a83b408-bcdf-4c58-9c00-cf238c8ac67a,CUST0216,2026-02-12T10:58:00,4692.71,refunded
f0518f2f-e473-4142-8741-6ac2b9f7c5c5,CUST0486,2026-02-12T11:05:00,2263.93,refunded
1a6e2451-cb02-4971-8086-48d0fc9395d9,CUST0037,2026-02-12T11:12:00,4176.6,processing
bfcdb5be-6bfa-4806-bf24-4f208578fdbf,CUST0193,2026-02-12T11:19:00,1660.57,cancelled
d7f9eca2-dcb9-4e68-ab9a-e8b58e851ae6,CUST0264,2026-02-12T11:26:00,3801.03,processing
174e6ed0-85a5-4992-9ad4-af878b9368d4,CUST0492,2026-02-12T11:33:00,1333.15,refunded
16a6eabb-9d40-47c6-9fd4-03b7bfbe0ae7,CUST0136,2026-02-12T11:40:00,88.22,processing
962a3fd9-fb99-4c8a-866b-4fc18c3150ed,CUST0144,2026-02-12T11:47:00,3847.2,pending
52aa231a-1b82-4af7-8857-b237039ea8b5,CUST0257,2026-02-12T11:54:00,4131.56,refunded
e6a4f566-948c-4558-b9ab-b640e8945ad5,CUST0276,2026-02-12T12:01:00,107.62,pending
038f82fa-f749-4396-be93-33a295b8d777,CUST0269,2026-02-12T12:08:00,4866.62,processing
c75637b2-a03a-4851-a2f3-96a57c381807,CUST0208,2026-02-12T12:15:00,30.68,pending
10865650-c433-4456-9ded-0ffa21dcb24f,CUST0382,2026-02-12T12:22:00,1869.58,completed
809edc4c-d70d-4619-b3d3-391a111bc270,CUST0015,2026-02-12T12:29:00,373.17,refunded
3cea3d32-fe4c-4f1f-a0fa-71f2f0dc077a,CUST0289,2026-02-12T12:36:00,4022.12,pending
e998be3e-0e01-44a0-b864-f015363ad2a1,CUST0210,2026-02-12T12:43:00,2893.47,pending
56262624-6150-4c7a-bb47-7309bac884cb,CUST0392,2026-02-12T12:50:00,3346.92,completed
d7eaeb3a-cc04-44f4-9245-1e36f3b3c374,CUST0286,2026-02-12T12:57:00,1935.82,completed
7917477d-6dd2-42ed-8a9f-c623ecd7a94a,CUST0007,2026-02-12T13:04:00,2266.7,cancelled
cadda732-4bb6-42d4-9ca9-1b45c1c4e0b4,CUST0020,2026-02-12T13:11:00,4264.21,processing
f8a313ad-b06b-499e-a213-b12cf4a43cd9,CUST0227,2026-02-12T13:18:00,3544.12,completed
3ad2181b-cc6a-4b78-8c8a-3a99ea73d339,CUST0324,2026-02-12T13:25:00,4753.96,processing
0b0facb8-0ef9-45fb-9ea6-aca4ac689b40,CUST0008,2026-02-12T13:32:00,2885.95,refunded
7a8f6a87-09a2-422f-adc7-9c6eeb1c82af,CUST0455,2026-02-12T13:39:00,1462.76,cancelled
bc406c73-9d6a-4f44-afc5-921378bfb5f4,CUST0130,2026-02-12T13:46:00,1748.79,cancelled
b4e377ca-66b9-43d0-9e86-50bb68286e97,CUST0101,2026-02-12T13:53:00,4915.39,cancelled
9fbd18fd-be93-4ccb-bf6c-8ddf1f5f45d0,CUST0233,2026-02-12T14:00:00,2545.91,cancelled
3c3dc28a-b511-4acc-beec-2581dd1cf04c,CUST0282,2026-02-12T14:07:00,3119.79,refunded
8c160576-08ad-4124-a0ef-1f6f82bcafa2,CUST0064,2026-02-12T14:14:00,3623.69,cancelled
4907cff6-cf37-4f2f-bd8a-e8d04a276a90,CUST0139,2026-02-12T14:21:00,4295.06,completed
7370751f-2247-4fc3-8c93-bd7bad1b386e,CUST0028,2026-02-12T14:28:00,1109.81,processing
bc47047c-49d8-4deb-b04e-42fb99417907,CUST0164,2026-02-12T14:35:00,2723.31,pending
37a4c0b9-c653-4624-ad8c-b5662959813d,CUST0360,2026-02-12T14:42:00,3722.07,pending
8ece534d-046c-4dee-994b-bbb36ec5cafc,CUST0168,2026-02-12T14:49:00,1716.11,completed
e02dedbe-5426-4543-bfa6-08a80830be9e,CUST0415,2026-02-12T14:56:00,2089.8,completed
a7a01618-83f3-43e2-8129-311e7f90af42,CUST0227,2026-13-45,99.99,completed
5eeb06c9-d5e8-40a2-8b96-de51180c371d,CUST0427,2026-02-12T15:03:00,4770.24,refunded
796ec2c8-f7c6-44c9-8cb3-7fa2a6cc5ab8,CUST0065,2026-02-12T15:10:00,598.14,pending
d20466cc-f6ce-4b80-a68b-275b6f3fe218,CUST0054,2026-02-12T15:17:00,4955.21,completed
19d53b77-36fc-4a7c-a797-7bf2106ad4ad,CUST0299,2026-02-12T15:24:00,4861.76,cancelled
37f29aa2-5807-446d-a87b-22fb2b9f0394,CUST0497,2026-02-12T15:31:00,2572.03,pending
0fa0efce-6153-4f6a-a73f-6fe4e23974fe,CUST0140,2026-02-12T15:38:00,4167.81,cancelled
7f790f55-45c6-4e8c-b48b-a3f3bf454873,CUST0028,2026-02-12T15:45:00,2928.07,refunded
10aea193-e9b1-4bfb-b698-2bff138afce2,CUST0339,2026-02-12T15:52:00,2399.38,processing
a9a2f239-19b2-468c-bdb1-ade99c9dcf12,CUST0021,2026-02-12T15:59:00,2405.44,cancelled
5abddbac-a207-4924-ac02-4ed8fe74c81a,CUST0084,2026-02-12T16:06:00,1172.36,cancelled
7f6ba8af-5ce9-4f00-a194-090be5846d28,CUST0160,2026-02-12T16:13:00,2296.12,pending
4879d4ae-f600-4f99-9dcc-7957fdf69011,CUST0310,2026-02-12T16:20:00,3827.84,processing
b84e98cb-b061-44c3-9c29-beed8d27ba18,CUST0423,2026-02-12T16:27:00,567.08,completed
8c5175aa-5636-47ed-af8b-c364f991a989,CUST0246,2026-02-12T16:34:00,4215.69,pending
8383c520-9508-4478-82e7-6975fb62ebf2,CUST0415,2026-02-12T16:41:00,2664.03,processing
574e85b2-ff2b-46de-b049-4a5c2c2c55a6,CUST0488,2026-02-12T16:48:00,4934.84,cancelled
164c78f3-4fba-4a76-89ec-fa6f23d8bf9a,CUST0127,2026-02-12T16:55:00,1434.17,pending
0d312f9d-03ca-465e-b876-0857dcc8409a,CUST0135,2026-02-12T17:02:00,3706.0,cancelled
ae624e33-abfa-453a-82c2-3d21700478c0,CUST0182,2026-02-12T17:09:00,1944.74,processing
6a5ee766-9458-4104-bf61-f34cfff75f3b,CUST0123,2026-02-12T17:16:00,1844.83,processing
02590219-c893-49b5-b69f-fe5ad9d9ac10,CUST0447,2026-02-12T17:23:00,3125.43,processing
abf48152-c55b-4e5a-98a9-d32d4928c702,CUST0100,2026-02-12T17:30:00,1829.99,processing
f86409bf-0d67-4c7b-b05f-2b9a706b4e51,CUST0389,2026-02-12T17:37:00,4879.23,completed
6f9707b7-ebff-4900-9bba-1dd9c55600fa,CUST0365,2026-02-12T17:44:00,1220.58,completed
6b765bf0-5d2f-4552-9f80-9a4524cfd491,CUST0206,2026-02-12T17:51:00,4648.7,pending
57980dc7-585e-4853-97dc-32674cace29c,CUST0025,2026-02-12T17:58:00,4517.53,cancelled
34927b57-4a47-46dc-99d0-3296dbfba8c2,CUST0468,2026-02-12T18:05:00,1883.63,completed
8d78c7cb-d8b9-4cf5-b853-ff60254ca2ed,CUST0161,2026-02-12T18:12:00,2391.96,processing
0a00e294-3b7c-4f62-a592-f8bfbafc6ed8,CUST0175,2026-02-12T18:19:00,38.64,cancelled
6afac19d-c905-4e62-9347-e6b0f7ebe983,CUST0165,2026-02-12T18:26:00,1041.98,processing
760f0d8a-9b6a-44b8-8a6f-bdb47763fc8d,CUST0125,2026-02-12T18:33:00,3996.58,processing
124b6288-2ff2-4a3b-a0dd-4412134a91e5,CUST0221,2026-02-12T18:40:00,1856.33,pending
f9fc662c-7900-4a08-9028-beb85ee59dd4,CUST0186,2026-02-12T18:47:00,4955.85,completed
7bc0eae2-7a1d-4d8c-a7e6-ef06fc5ca426,CUST0426,2026-02-12T18:54:00,1064.98,refunded
32aef16b-acbd-401e-ba3d-dedfeedbe07f,CUST0226,2026-02-12T19:01:00,2094.26,completed
56b2d790-e7e4-40c6-a758-cd25510090c1,CUST0291,2026-02-12T19:08:00,4344.08,cancelled
75a8b3e6-270a-49db-99e4-cb86e6e46750,CUST0142,2026-02-12T19:15:00,842.14,completed
4e0223c7-8385-44bd-95c6-eb3186f32c84,CUST0374,2026-02-12T19:22:00,4687.64,cancelled
8d0f9414-c921-4a88-ad46-ba63866303ad,CUST0307,2026-02-12T19:29:00,2114.7,completed
29e7feb6-806d-4975-b144-f7dea5b2e95d,CUST0442,2026-02-12T19:36:00,3355.46,completed
b34fdc76-7565-4505-ad83-f69617285c17,CUST0182,2026-02-12T19:43:00,2007.4,refunded
bd4fb848-33c4-476b-a6a4-f364e7cb6325,CUST0151,2026-02-12T19:50:00,4960.83,completed
55e901ce-3c6a-4610-8e62-430505180b18,CUST0250,2026-02-12T19:57:00,2211.99,processing
5a366753-186d-4bab-9b75-a16f5e33e216,CUST0440,2026-02-12T20:04:00,743.33,processing
c3482e9e-7e01-4e51-8e3f-f127b87c910e,CUST0040,2026-02-12T20:11:00,1880.4,refunded
9617e424-d172-4734-ab8a-89f566ada0fb,CUST0227,2026-02-12T20:18:00,2830.79,refunded
9d79b682-59ee-491d-9780-337af3d386ab,CUST0436,2026-02-12T20:25:00,3060.87,completed
f57bb82d-297a-4da7-8f31-4052de1f9896,CUST0180,2026-02-12T20:32:00,703.26,completed
7ef44722-4dff-4bdc-8db0-8215b14b8f9c,CUST0465,2026-02-12T20:39:00,1823.89,cancelled
7f0d7de4-ebc0-4a95-9ab4-e4a283528a67,CUST0384,2026-02-12T20:46:00,4936.25,pending
09aa307a-46b1-4f3c-aa40-7e0f9f22a0a3,CUST0454,2026-02-12T20:53:00,1116.51,processing
a3ca718e-0915-4dba-b0ce-08e5912d60d6,CUST0406,2026-02-12T21:00:00,3807.96,processing
4459fec2-268b-4ea7-ac83-03c656e75a80,CUST0232,2026-02-12T21:07:00,4907.22,pending
6ddada5d-62a0-4afe-ab3f-3239114e8723,CUST0265,2026-02-12T21:14:00,3540.91,refunded
da92e08a-41d2-4683-a2fb-3969b4e896ec,CUST0249,2026-02-12T21:21:00,4887.3,pending
d467d2cb-b496-4c17-b579-6b49d0095551,CUST0056,2026-02-12T21:28:00,4352.12,completed
be7676b9-a8b5-4e4d-8b1a-0e565eb71a61,CUST0016,2026-02-12T21:35:00,1015.38,completed
e7d5fc20-05d2-4081-b9c3-4a3cb75c8e75,CUST0076,2026-02-12T21:42:00,3280.92,completed
b56bb151-2be5-4317-87dd-a8d19685d908,CUST0216,2026-02-12T21:49:00,1003.51,cancelled
850a9ec1-4ee8-4b95-b5e1-10335c1da16d,CUST0286,2026-02-12T21:56:00,2970.77,cancelled
041e6060-91df-49d0-a721-516afe228b74,CUST0395,2026-02-12T22:03:00,2711.16,pending
,,not-a-date,abc,
d60078df-bf96-40ba-84b4-a4a0721ffbdc,CUST0025,2026-02-12T22:10:00,4707.8,processing
2a9a8791-b827-4d48-a77f-829cd9a972cc,CUST0211,2026-02-12T22:17:00,3221.39,completed
61d253ac-5c19-42b8-ae56-2b8a00e70e2a,CUST0442,2026-02-12T22:24:00,2831.95,completed
08b556dc-812d-4c6a-9a7c-8d21dbc5fe00,CUST0083,2026-02-12T22:31:00,3709.59,cancelled
d24b3e09-7680-4267-8906-17f6ed2207a8,CUST0322,2026-02-12T22:38:00,2158.08,pending
8a109bed-f1d1-470c-9ba7-ae56f16940a0,CUST0203,2026-02-12T22:45:00,4932.64,completed
4da22913-1a39-4812-8d77-434348058161,CUST0434,2026-02-12T22:52:00,1479.96,refunded
6f06ce40-fc3c-4862-92db-2a2e4532bbcc,CUST0119,2026-02-12T22:59:00,3563.15,processing
fd8daccd-1962-468b-ba3f-2584ca103c67,CUST0421,2026-02-12T23:06:00,438.9,completed
cdb5a535-4a5a-475c-b3ee-29a7e654ed19,CUST0478,2026-02-12T23:13:00,3753.11,cancelled
78de3c22-98c7-4025-8943-32bfeeb2210d,CUST0071,2026-02-12T23:20:00,1161.22,completed
6f453f85-a5ce-4f93-bffe-c6a03ec8336e,CUST0295,2026-02-12T23:27:00,2842.26,cancelled
5220ef0c-723f-4a6a-9198-7f6242a6e723,CUST0354,2026-02-12T23:34:00,72.74,refunded
87dacbde-bc08-458f-a25b-2c22d4413e19,CUST0301,2026-02-12T23:41:00,4960.6,pending
53ca38f9-6850-42c2-b79a-8c051c7a5c16,CUST0214,2026-02-12T23:48:00,587.46,completed
dcd80050-8c90-4c1c-bbb3-cfc78ac64855,CUST0495,2026-02-12T23:55:00,2387.13,pending
3dfb412c-fe82-4acb-8cae-4e45be39d428,CUST0268,2026-02-13T00:02:00,3625.68,processing
168e304c-d917-40ea-a923-8d230520c838,CUST0139,2026-02-13T00:09:00,3791.49,processing
21e19799-b161-4fd3-84fd-c866956ff6fc,CUST0338,2026-02-13T00:16:00,3711.95,processing
e3c1dffe-81f9-4c33-8829-e6cae40e9618,CUST0010,2026-02-13T00:23:00,3249.69,refunded
78d32b65-d4d2-4ed9-921f-731cd904389e,CUST0416,2026-02-13T00:30:00,3472.86,cancelled
2bab88f7-f28c-47fe-ac80-d1114fa135f8,CUST0013,2026-02-13T00:37:00,678.61,processing
fca3eb0a-dd76-4f65-9736-08162367028e,CUST0389,2026-02-13T00:44:00,4411.94,pending
a5c333a1-4ecd-4321-8d8f-a759370fb579,CUST0333,2026-02-13T00:51:00,3505.85,cancelled
ac364f7c-60e7-4dd5-ab47-15edd3cc6f1f,CUST0007,2026-02-13T00:58:00,2051.1,pending
452572be-fca8-48b8-8918-657d3b9e708d,CUST0350,2026-02-13T01:05:00,2180.74,completed
3fa41d3c-dd4b-4476-81c7-01b039c41774,CUST0366,2026-02-13T01:12:00,3339.62,refunded
4e0c5300-dccd-4938-86f7-f7baed58c49d,CUST0480,2026-02-13T01:19:00,2536.94,processing
727cefba-15fc-422e-90f7-ce6f7932afbd,CUST0340,2026-02-13T01:26:00,3378.43,processing
e436b860-c556-4ab6-9bed-b7c147db459f,CUST0205,2026-02-13T01:33:00,1346.63,cancelled
3eb887ba-936f-41ee-a772-fb3469ffc431,CUST0431,2026-02-13T01:40:00,4870.85,pending
e3487b24-12d5-48d4-97b7-2eeb76abeb44,CUST0191,2026-02-13T01:47:00,4155.11,pending
f1274ff8-6034-430c-a3f3-ab25533ed734,CUST0362,2026-02-13T01:54:00,3202.39,processing
f50af8b3-198b-4363-b762-338fb8674619,CUST0494,2026-02-13T02:01:00,3908.53,pending
71b1e867-5ccb-47a8-8566-fdbaa1865b2d,CUST0418,2026-02-13T02:08:00,429.18,refunded
58e9aeab-bb4c-45c0-b153-b6201b8bdbe6,CUST0305,2026-02-13T02:15:00,1948.89,refunded
c67bb3da-b4e7-4980-ae7a-c647ac1e4e8d,CUST0338,2026-02-13T02:22:00,3312.8,pending
0fdc35fb-8275-4e05-90e5-21bbff504d2e,CUST0403,2026-02-13T02:29:00,807.81,processing
b9591e57-95cc-4a5b-8f5a-23afdbe5ae93,CUST0295,2026-02-13T02:36:00,1616.38,pending
229cbef0-3684-4d0f-bb53-007f51f51d72,CUST0487,2026-02-13T02:43:00,4074.26,completed
5296bfe0-143c-48ea-9c59-7c49d50215b5,CUST0080,2026-02-13T02:50:00,1355.13,pending
b76ecf57-d552-49f0-baab-3b59d3af0546,CUST0471,2026-02-13T02:57:00,417.19,processing
25f3281d-1566-426c-80f5-8ef5e9c99278,CUST0115,2026-02-13T03:04:00,3040.29,completed
ff5f53d9-036b-47cd-ae61-ee4f84ae111d,CUST0451,2026-02-13T03:11:00,3437.53,refunded
29f035ed-8843-4de3-bf14-aadc513c285c,CUST0443,2026-02-13T03:18:00,4658.68,cancelled
d176b5c6-4266-47dc-b166-f34648f1fff8,CUST0255,2026-02-13T03:25:00,3418.28,pending
70ff81c4-0e03-4f64-9722-52baecb69311,CUST0108,2026-02-13T03:32:00,2375.62,cancelled
bfeb853b-1145-47e2-a1fd-a81e6c8c5f4f,CUST0462,2026-02-13T03:39:00,2863.71,refunded
a02ddec5-d46b-4ef3-87e2-9ae982b3ffc7,CUST0384,2026-02-13T03:46:00,3685.75,pending
39e47767-55de-414e-846d-89e90694c106,CUST0413,2026-02-13T03:53:00,1014.01,processing
9cdd8158-5994-45eb-9378-499c2f41c55e,CUST0218,2026-02-13T04:00:00,91.58,refunded
fd80aa9d-06ac-41d6-9731-0810f5690f46,CUST0335,2026-02-13T04:07:00,2110.07,refunded
cfde4ce2-1c86-4dcd-bdca-8f8900f3143e,CUST0027,2026-02-13T04:14:00,1245.39,refunded
c0ac21d8-3b66-43fc-9e86-3a20686df7ba,CUST0112,2026-02-13T04:21:00,2934.77,processing
d733cb0d-dff4-4e5e-8a4d-8774001aa0df,CUST0336,2026-02-13T04:28:00,2993.95,cancelled
8a64a517-6f41-4e05-b6e9-6f5bb8087577,CUST0126,2026-02-13T04:35:00,776.17,cancelled
1c34341b-f340-4130-9bd3-2b5967b0d270,CUST0024,2026-02-13T04:42:00,1838.37,refunded
739e0f66-1ab2-4a28-bea3-bcc192d63ba3,CUST0254,2026-02-13T04:49:00,454.6,pending
10042fd5-d1c5-4d80-96cb-9a33c711abfc,CUST0098,2026-02-13T04:56:00,564.39,pending
3ee3331e-7ce3-4971-a0e7-774c89e0a05c,CUST0295,2026-02-13T05:03:00,2142.14,completed
9e89055b-abe2-454a-863f-b91b47fa5c05,CUST0024,2026-02-13T05:10:00,2439.16,refunded
550f2c46-dc1a-41b7-a6f2-a445c49fbc97,CUST0306,2026-02-13T05:17:00,621.18,cancelled
904960ee-f81e-4e03-b972-8bbf1852b67d,CUST0343,2026-02-13T05:24:00,4657.38,refunded
cef57fb4-6b81-425a-9d38-666c261fee85,CUST0374,2026-02-13T05:31:00,668.41,cancelled
7d3f2440-7035-4325-80a1-f4b0d27dcc3d,CUST0301,2026-02-13T05:38:00,4724.25,processing
6e765f1b-1a17-47a7-a42f-0ee3b98d0885,CUST0041,2026-02-13T05:45:00,219.88,completed
36f799b7-60c3-4f4a-a7f2-2a04f4f42ce9,CUST0279,2026-02-13T05:52:00,1733.83,pending
827165f7-3bd6-4055-a138-77805c3f9bb3,CUST0021,2026-02-13T05:59:00,4342.7,completed
da6ecdc3-4f84-4798-a8f5-f7d77258a8b2,CUST0214,2026-02-13T06:06:00,1616.05,cancelled
0fc7426f-12b6-494f-8252-44a04fc3c2fa,CUST0187,2026-02-13T06:13:00,722.21,pending
f8475263-9b05-49c3-a25a-e719c85118d9,CUST0373,2026-02-13T06:20:00,757.71,pending
297a710c-88a4-4a7b-a777-1f91268d5cf8,CUST0305,2026-02-13T06:27:00,3776.21,cancelled
467c4ea8-0e47-4482-bc74-8dccfd0ee9e8,CUST0052,2026-02-13T06:34:00,776.93,completed
df9c4f59-1edf-490f-9bb7-5b44fb8f59a8,CUST0261,2026-02-13T06:41:00,4444.85,cancelled
6b56a4b6-3dd1-4dcb-b0a6-f06bb01ddf1d,CUST0478,2026-02-13T06:48:00,3399.36,cancelled
224c6f1a-7fa2-407a-98ff-7416f3fd90df,CUST0476,2026-02-13T06:55:00,2801.17,processing
684d12b0-640f-4cbc-a623-aa148fe232a0,CUST0464,2026-02-13T07:02:00,3124.35,cancelled
03b5c80e-5233-4373-a991-575b5bf46e45,CUST0143,2026-02-13T07:09:00,3597.07,completed
a1b7f72f-5b49-40e0-a648-d7c33e6f3cec,CUST0388,2026-02-13T07:16:00,3584.48,refunded
58815b0c-bd8c-48ab-a7fa-1e3bfd9036c8,CUST0275,2026-02-13T07:23:00,737.28,cancelled
2565ef5f-b7f4-4153-a585-e9665710a1e8,CUST0442,2026-02-13T07:30:00,1426.02,pending
1987436a-3320-4dcd-bed7-c3f19d3f8e55,CUST0087,2026-02-13T07:37:00,1260.33,processing
3797c525-011c-4d06-8458-7e49f9736819,CUST0066,2026-02-13T07:44:00,3739.44,pending
f5958c04-9abf-482a-9ac5-b8bb8acf346f,CUST0368,2026-02-13T07:51:00,806.65,refunded
7a1e8836-d823-4a00-acb4-f58eb58f4f1d,CUST0336,2026-02-13T07:58:00,3421.85,completed
d049e912-e659-4668-b340-d3b85d11fc71,CUST0272,2026-02-13T08:05:00,2372.54,cancelled
d540e0ee-ac7e-41dc-b90b-29f26217ca0f,CUST0036,2026-02-13T08:12:00,519.3,completed
a42699ac-9b00-4757-ab10-799423c19e66,CUST0082,2026-02-13T08:19:00,4112.37,processing
d9fbc432-892f-4da5-aa5c-c2d1553da5ab,CUST0073,2026-02-13T08:26:00,1125.95,cancelled
d8a32d84-84b8-4cda-a474-1f975529e517,CUST0128,2026-02-13T08:33:00,4179.81,processing
de251948-6f69-49a4-8911-aae7a13b24bf,CUST0410,2026-02-13T08:40:00,4736.6,processing
2dbeb465-2bd2-41b0-aefd-60edaeed28c8,CUST0259,2026-02-13T08:47:00,4859.8,processing
15d9fb7d-3a68-4dcd-93c8-144b9615eefc,CUST0409,2026-02-13T08:54:00,2422.27,completed
dcacf400-0a41-41fd-9afb-dc0ec9ac3f82,CUST0366,2026-02-13T09:01:00,1316.47,cancelled
47e4c8d9-ecfd-43d9-93ee-8e8fa1f97775,CUST0325,2026-02-13T09:08:00,508.01,cancelled
98858a3f-5905-48dc-b6fd-d8c1aade8ecd,CUST0413,2026-02-13T09:15:00,4029.09,pending
e6c6bc1b-1a8e-4cc5-808c-09108b816c7c,CUST0343,2026-02-13T09:22:00,2578.46,pending
d4f817d7-49f8-4932-8e4d-a2aaee82ac86,CUST0204,2026-02-13T09:29:00,174.8,completed
bc30a920-d0a6-4f9c-a233-6ebe2452eac3,CUST0260,2026-02-13T09:36:00,3090.97,refunded
997e854e-bf2c-4874-b96a-8c57c48f804f,CUST0336,2026-02-13T09:43:00,4065.84,cancelled
02bcfe19-5cd5-4071-923b-73040765dbb9,CUST0429,2026-02-13T09:50:00,1181.89,refunded
a89205e9-b979-442b-83e1-b364b387adb1,CUST0456,2026-02-13T09:57:00,1948.11,cancelled
f8c7665c-0206-4736-adf6-69ef72ff58cd,CUST0364,2026-02-13T10:04:00,54.31,processing
59cd84bd-e0eb-4a72-86a3-e79771c68b59,CUST0474,2026-02-13T10:11:00,3396.69,refunded
1493c17f-b94d-4929-a470-7c5f09a6772d,CUST0454,2026-02-13T10:18:00,777.8,cancelled
b8bbdb35-386d-4d55-be42-8f5140128701,CUST0223,2026-02-13T10:25:00,314.15,completed
9dbcf677-0ae2-4bbe-b94c-065634b3de37,CUST0250,2026-02-13T10:32:00,313.85,completed
c1f32d53-ae68-4597-abbc-405ef4bac71b,CUST0407,2026-02-13T10:39:00,1091.57,pending
e6a36841-99c5-471e-8adf-6043fe3cf029,CUST0400,2026-02-13T10:46:00,663.34,processing
990ef929-500d-4300-9b6d-7e5b628c8eff,CUST0011,2026-02-13T10:53:00,234.71,pending
c48c6a2d-2825-49e0-aa71-be1de4e401ad,CUST0187,2026-02-13T11:00:00,3156.39,completed
44680327-bb27-4628-a35a-7b93dc131b7a,CUST0304,2026-02-13T11:07:00,1944.92,processing
dddc2b65-2e8d-40f5-a9b6-d2883216370b,CUST0018,2026-02-13T11:14:00,1906.48,cancelled
3be2f5b9-1f7a-49ff-9ee2-68dbf54b5995,CUST0295,2026-02-13T11:21:00,3200.55,completed
04d10613-91b5-4a7a-8336-2e6c36f39652,CUST0136,2026-02-13T11:28:00,2975.1,pending
ea131cf4-0927-4629-9dd9-9efdaa180046,CUST0117,2026-02-13T11:35:00,4128.3,completed
23e5f48d-b9ce-4247-baea-15e9a37c8121,CUST0254,2026-02-13T11:42:00,4003.95,refunded
90f23fb3-bd96-4387-8b8a-75f4dae8d623,CUST0315,2026-02-13T11:49:00,2259.12,pending
de934e90-b88f-48f8-b83a-b421ebee93ad,CUST0475,2026-02-13T11:56:00,3570.32,completed
437c5eda-47c5-41cd-a838-9898e3686019,CUST0460,2026-02-13T12:03:00,3984.04,refunded
73d84c21-2baf-420d-95e0-589a57d7acd6,CUST0073,2026-02-13T12:10:00,1876.92,cancelled
17f12b0d-a2f2-40a1-9f02-79dfd2f457f7,CUST0223,2026-02-13T12:17:00,1943.0,refunded
9ce441a3-f5f7-4d92-a1a0-4dcb2177859a,CUST0207,2026-02-13T12:24:00,2178.7,refunded
8904ffdb-1150-4046-a6d3-92ca14a9907c,CUST0023,2026-02-13T12:31:00,2997.95,pending
904aeed0-ec69-43d4-8794-e499b95b1923,CUST0114,2026-02-13T12:38:00,4313.31,pending
5efc5c3f-0df1-44b6-b623-1c5135eaaf74,CUST0160,2026-02-13T12:45:00,2163.58,pending
70e03075-91ea-4503-a0cd-705f78da8d8a,CUST0197,2026-02-13T12:52:00,4343.69,completed
07d0d3b7-6bdd-4f49-964e-a3eb374248f8,CUST0353,2026-02-13T12:59:00,1006.83,processing
791239a0-cb07-432e-9c3f-db20d8b66d22,CUST0366,2026-02-13T13:06:00,496.43,completed
78410548-24c2-4a92-85ce-c0a541146134,CUST0398,2026-02-13T13:13:00,1164.51,processing
4986c24f-5555-43a4-a52e-e53e69ebe362,CUST0460,2026-02-13T13:20:00,2601.08,processing
be42d494-dcb6-4eb0-88bf-e7d880c45013,CUST0134,2026-02-13T13:27:00,536.15,pending
e3008e80-eac9-42d2-ae93-a6b78fbd6bc5,CUST0453,2026-02-13T13:34:00,1434.33,refunded
13fd24ec-210c-4589-9a05-f85e97e9ea9b,CUST0248,2026-02-13T13:41:00,225.16,refunded
f7b103d0-ac40-4810-a213-0a3f5eab9e87,CUST0157,2026-02-13T13:48:00,500.94,processing
cb1148ff-e4a2-4701-aafa-a88ac970c03c,CUST0043,2026-02-13T13:55:00,1216.14,refunded
1984cf41-e026-4ff3-8023-e3bffc6fbd78,CUST0449,2026-02-13T14:02:00,70.95,completed
420a705e-1019-4b9c-aca2-2f94a06e7488,CUST0097,2026-02-13T14:09:00,2546.0,completed
5f921ef6-b885-4770-b515-5163e3fe5181,CUST0217,2026-02-13T14:16:00,4830.92,pending
fe0b51e1-99ee-48a1-9274-488c3f707150,CUST0445,2026-02-13T14:23:00,1458.21,processing
9f46e71e-05e7-4b97-b336-ad54b9bbb660,CUST0287,2026-02-13T14:30:00,59.2,pending
e7756ea8-2860-4e7d-8774-80cbb20c744a,CUST0158,2026-02-13T14:37:00,4519.51,refunded
8983699a-c228-4e5d-8ccb-00d0b0457826,CUST0166,2026-02-13T14:44:00,906.26,completed
1ffa14fe-089f-4720-b730-1e2384187c41,CUST0146,2026-02-13T14:51:00,4283.53,completed
3094c02c-c205-4dbb-8536-c12a24e30b60,CUST0344,2026-02-13T14:58:00,1625.5,processing
66711293-cb8c-48b0-b509-eec81caa6e7c,CUST0434,2026-02-13T15:05:00,4893.4,processing
1562dc38-43a6-49f3-bbfc-5648761922ba,CUST0131,2026-02-13T15:12:00,152.82,refunded
ed2be6e8-4c1e-469f-8442-71276db7a35a,CUST0462,2026-02-13T15:19:00,1202.68,cancelled
43db277c-675d-4ea8-8f44-432f8cb07323,CUST0103,2026-02-13T15:26:00,514.58,processing
88f95b52-dbcd-4e71-8e2c-ab35081532a0,CUST0080,2026-02-13T15:33:00,189.63,completed
34e2486b-3913-426b-90db-cc49cde96357,CUST0092,2026-02-13T15:40:00,4646.81,refunded
d69a2df1-a21b-4c2b-a846-e53a86952fff,CUST0310,2026-02-13T15:47:00,210.1,refunded
85f19121-1eb8-4901-ae9a-e7d5a65e5a43,CUST0090,2026-02-13T15:54:00,4312.35,pending
4aa4cd82-23be-4bbe-a78a-7b432b0a536b,CUST0479,2026-02-13T16:01:00,306.53,pending
69a9ca20-d62f-4d7a-9782-dd324e4d5a8e,CUST0452,2026-02-13T16:08:00,4312.86,processing
6c593849-81cf-4f67-8863-777b24a2ef3f,CUST0139,2026-02-13T16:15:00,19.59,completed
1d649460-e04c-4e48-bc73-cf4f946cc2bc,CUST0200,2026-02-13T16:22:00,2054.74,pending
ab2d1ed7-39e7-4a6a-a671-6cd705e28ddb,CUST0032,2026-02-13T16:29:00,3752.04,cancelled
1a6c20a3-fd04-41d2-92f4-80c9340e2854,CUST0081,2026-02-13T16:36:00,4667.28,pending
d256d114-82eb-43db-8a68-7a15f851a021,CUST0419,2026-02-13T16:43:00,2776.81,completed
64cfd99f-e0eb-4088-bcfa-6ebb4bfd7506,CUST0322,2026-02-13T16:50:00,2567.81,cancelled
aec5004e-7fb6-49d5-8004-a455f1fa081b,CUST0160,2026-02-13T16:57:00,3650.8,pending
0fe9bb76-0da5-4f78-8744-56f1a40c19ab,CUST0472,2026-02-13T17:04:00,3949.71,completed
86f06e23-c4cd-486b-bf0e-ac821f8541c3,CUST0318,2026-02-13T17:11:00,3949.54,pending
1b231d32-fc6c-4176-9ac5-1afce0b83ccd,CUST0350,2026-02-13T17:18:00,63.34,cancelled
c5b59bf6-1f1b-492b-b18c-ec71a4dcb54d,CUST0372,2026-02-13T17:25:00,1434.68,pending
c300549a-3d31-4fef-b809-d23548a41f26,CUST0132,2026-02-13T17:32:00,1030.47,cancelled
7932e881-5fee-4b82-aaea-c3fdae39d530,CUST0015,2026-02-13T17:39:00,4547.34,processing
e165f2b6-0ae3-4570-9924-7bb25b23e725,CUST0177,2026-02-13T17:46:00,1009.8,processing
e64dfbda-3b62-4758-b70f-988238313848,CUST0099,2026-02-13T17:53:00,162.11,processing
26a1e66e-ba52-4250-9454-0b02e05b2a09,CUST0126,2026-02-13T18:00:00,4518.82,refunded
fd8f32a1-fba1-4751-a743-57e5f626d117,CUST0489,2026-02-13T18:07:00,2964.02,refunded
a474b1f9-d10a-42bd-8b2b-4a199db1449c,CUST0247,2026-02-13T18:14:00,984.44,completed
e29d7775-ec0e-41cf-b211-631f8b4c3f5d,CUST0060,2026-02-13T18:21:00,4270.04,pending
4b7194fe-f302-4c1d-9979-b4b43a068275,CUST0332,2026-02-13T18:28:00,877.24,processing
1aadc4f3-89c3-4b75-adb1-3a551824a4c3,CUST0242,2026-02-13T18:35:00,840.57,completed
1f1d16e2-bde6-4d69-b715-6f101e4b8e71,CUST0350,2026-02-13T18:42:00,2680.68,refunded
a1cdc9d1-c09e-47c6-8fbf-29fad0408ece,CUST0255,2026-02-13T18:49:00,648.64,refunded
adfbeab0-46e8-49d9-9bd5-4d238232d22a,CUST0120,2026-02-13T18:56:00,3442.41,refunded
2e1cbffa-edb0-4c43-9e9e-3d6e3e7abd23,CUST0475,2026-02-13T19:03:00,4868.49,pending
92035a1d-2167-41b9-b21b-e51d4b50761a,CUST0216,2026-02-13T19:10:00,371.74,refunded
b17ada3e-c1d5-4aef-b30c-ced3e6f73777,CUST0107,2026-02-13T19:17:00,3934.6,refunded
0f5179b0-dcd2-491e-bc09-2f7011d00b85,CUST0313,2026-02-13T19:24:00,1843.05,pending
cf17cd5f-68d7-4420-8863-547c81b930e5,CUST0101,2026-02-13T19:31:00,921.84,completed
3ce2007d-4ec4-4c2f-8a8e-b40a86106bac,CUST0082,2026-02-13T19:38:00,2762.01,processing
e2daeadf-4c9a-4e0e-a513-61133c94c7d9,CUST0499,2026-02-13T19:45:00,2379.93,refunded
ed8cf43e-d51a-49c9-bc6d-220ae2cb11b5,CUST0136,2026-02-13T19:52:00,308.59,refunded
ae4fb516-04a5-4c6a-aeeb-a55e28fd605d,CUST0266,2026-02-13T19:59:00,4090.34,completed
f724c851-39dc-4dcb-be83-5d884f8b4f09,CUST0391,2026-02-13T20:06:00,1592.2,refunded
48ea254b-aa44-4b30-b572-34d0a17d2148,CUST0450,2026-02-13T20:13:00,218.4,completed
13983745-d5e9-41ad-8d94-e0d6ea02d80f,CUST0428,2026-02-13T20:20:00,2267.84,completed
cc3bd16a-532a-4292-9700-ac505298c535,CUST0212,2026-02-13T20:27:00,2241.61,pending
b0c5d9a7-e3f8-449b-b9f2-47100e54b149,CUST0315,2026-02-13T20:34:00,2970.11,cancelled
967fff94-6d88-4639-89ff-f18c2f3fc08a,CUST0484,2026-02-13T20:41:00,1345.45,processing
e07b228b-553e-413a-952d-2edb292f2367,CUST0296,2026-02-13T20:48:00,3306.29,pending
8dc300b0-2cbe-4a75-9e48-238729e20200,CUST0435,2026-02-13T20:55:00,3589.37,pending
820b2307-90fe-4f1d-85e2-dcfe82fcb369,CUST0483,2026-02-13T21:02:00,4499.07,processing
4ad296b4-66a6-44a6-805c-4cd021655892,CUST0490,2026-02-13T21:09:00,866.89,pending
c83759dc-6dc7-4a5c-9829-56f438f27ef6,CUST0094,2026-02-13T21:16:00,3927.69,cancelled
42c66fcd-bc42-4bc7-af38-9c4a597c85d4,CUST0055,2026-02-13T21:23:00,1764.99,completed
507d4899-4f57-47cd-8d10-822caa220ec4,CUST0471,2026-02-13T21:30:00,3027.13,refunded
69f292c6-f6e6-4ee6-80ce-90d5ead1d474,CUST0227,2026-02-13T21:37:00,3170.24,completed
0ed55340-6784-44c0-a27c-f16b694c49ae,CUST0352,2026-02-13T21:44:00,578.53,cancelled
10dd2ab7-2ba7-44b5-a90f-2eec6f8184ba,CUST0233,2026-02-13T21:51:00,3856.98,refunded
8decfbf5-153c-46b5-8107-f90e07799be3,CUST0114,2026-02-13T21:58:00,4965.78,processing
8d92cbce-7f00-4646-82cd-fa9fb65bb960,CUST0132,2026-02-13T22:05:00,1820.39,completed
b56d509f-c294-44c6-81d6-31923d2f576d,CUST0015,2026-02-13T22:12:00,3197.45,refunded
d7c0edd7-bf05-45b5-a19f-e47d5d858b31,CUST0281,2026-02-13T22:19:00,432.88,completed
0e3dd00e-e7cf-46cb-806e-460fdf914312,CUST0087,2026-02-13T22:26:00,1635.69,completed
d56ea325-262c-43fb-8a6d-b3c9df875e78,CUST0440,2026-02-13T22:33:00,4818.99,completed
99d1737e-65b0-4f82-bbc1-6a0ec2a6826d,CUST0337,2026-02-13T22:40:00,366.25,processing
6f60386c-e3ef-4737-b069-d2aafe7162e9,CUST0364,2026-02-13T22:47:00,1614.98,processing
35d18ff3-b80c-41ef-8b06-abb770add12a,CUST0149,2026-02-13T22:54:00,1507.16,processing
13b044bd-6de4-4b4d-ab6e-1b6240467463,CUST0329,2026-02-13T23:01:00,4150.47,processing
98a3e62d-0576-494c-8c62-3211913155d4,CUST0105,2026-02-13T23:08:00,2890.71,cancelled
94e0ab55-a7eb-4e42-b9dd-1f745d914dc0,CUST0355,2026-02-13T23:15:00,2627.73,cancelled
842a8f5d-8d0c-439c-a202-37e6c98d1b2f,CUST0075,2026-02-13T23:22:00,4267.13,pending
07798d69-1f16-4476-835b-d47c669b4605,CUST0112,2026-02-13T23:29:00,2338.95,completed
9b257686-413c-4720-aa08-147e66a5f47a,CUST0078,2026-02-13T23:36:00,1754.95,completed
c1030720-c10f-4812-85a1-bbac666897bf,CUST0353,2026-02-13T23:43:00,2741.43,refunded
131bfa71-a9c9-4cf0-bc4e-2a21103c9db0,CUST0302,2026-02-13T23:50:00,4036.32,processing
78f1f8f5-2cee-4dce-b169-a5c481e69a2e,CUST0258,2026-13-45,99.99,completed
240c0bbd-2431-4f87-8071-f71367f06f53,CUST0425,2026-02-13T23:57:00,91.92,cancelled
f3e0c24f-4820-4599-8dab-3a4f5f7b0622,CUST0098,2026-02-14T00:04:00,926.0,cancelled
26cbf160-588f-43b1-a193-f2aed466a9cc,CUST0223,2026-02-14T00:11:00,2798.62,processing
be40dc85-05da-43d1-ab30-8ce5562fc276,CUST0313,2026-02-14T00:18:00,3291.86,refunded
19cf7502-89fe-4745-bee4-aa69278da62a,CUST0423,2026-02-14T00:25:00,3688.86,cancelled
7e45641e-e2e0-4d3c-9bc1-f1c7216cb684,CUST0353,2026-02-14T00:32:00,1611.37,completed
6abec1b3-bc81-4b69-9eaa-bd968a32d456,CUST0030,2026-02-14T00:39:00,3266.92,completed
9270f025-e7da-4e5b-a2fe-de99fb2b81ae,CUST0133,2026-02-14T00:46:00,382.64,completed
39dabf64-345d-4e6d-a4bc-73b8933fc5e4,CUST0355,2026-02-14T00:53:00,4079.51,processing
9d45609d-8e11-47a1-adce-9479afff365a,CUST0395,2026-02-14T01:00:00,3350.98,processing
c9dc2737-d45c-4cb7-ae87-360fd2b4f46a,CUST0052,2026-02-14T01:07:00,4119.31,pending
bc0d48fe-5f8a-4b24-bad4-188f3bed9e68,CUST0174,2026-02-14T01:14:00,2622.83,refunded
0eb44c74-3484-4fc1-89a2-888e0454126b,CUST0359,2026-02-14T01:21:00,2795.5,pending
a74e0943-89fe-467a-89c9-ed28c9336e5a,CUST0422,2026-02-14T01:28:00,3971.98,pending
80211f7b-4cbf-427c-869f-3741f9df257e,CUST0483,2026-02-14T01:35:00,4224.25,completed
b946a99a-907a-49e5-b6ef-65480c96e462,CUST0367,2026-02-14T01:42:00,980.71,cancelled
23d95608-e645-4e1a-8a42-dfda333d8b01,CUST0467,2026-02-14T01:49:00,3804.05,processing
c47e4a6a-9334-4cd2-8b2d-ce6ce8080823,CUST0019,2026-02-14T01:56:00,1662.38,processing
63b7029e-3fff-4d50-9609-189a7389f867,CUST0440,2026-02-14T02:03:00,2268.98,completed
27e94a55-afad-4f7d-8ef6-2b10bce4705e,CUST0349,2026-02-14T02:10:00,4066.02,refunded
b5b06dfa-8b14-4e35-a273-ae2238c9d157,CUST0430,2026-02-14T02:17:00,3982.79,cancelled
5145a5c0-7285-48a2-b86f-2c7a43b8b560,CUST0074,2026-02-14T02:24:00,1479.32,processing
ec7e0e31-7d7e-4cd3-a034-b978b9866474,CUST0122,2026-02-14T02:31:00,352.76,pending
2dc6a2be-3036-4378-a245-4ea7bae5bfaa,CUST0039,2026-02-14T02:38:00,3500.49,completed
f6cf8e87-e473-4718-b7e0-769ad3d42702,CUST0184,2026-02-14T02:45:00,1726.99,pending
7434f7b7-2b3e-4f7a-ab34-aad6c383aa55,CUST0338,2026-02-14T02:52:00,2178.85,pending
e34d8c98-8c6c-47e6-a27c-e0124799e41a,CUST0019,2026-02-14T02:59:00,4651.49,completed
f1bc5609-1db1-4a93-9c63-186cb6b7ec2c,CUST0140,2026-02-14T03:06:00,2290.92,processing
b6cf68c2-f5b1-4ea7-9c37-8983bb525e4d,CUST0148,2026-02-14T03:13:00,2064.29,refunded
39ef59af-26ef-4529-a6b5-8122e38f97bc,CUST0235,2026-02-14T03:20:00,1822.26,pending
b42eb4b2-342a-490b-92d6-73371cf869f0,CUST0492,2026-02-14T03:27:00,3349.55,cancelled
e1d4fafd-fa97-49a4-9a7b-7b39689ebd76,CUST0340,2026-02-14T03:34:00,4668.1,refunded
16dc80c2-9b0f-4410-8ba4-068ceeff22f1,CUST0212,2026-02-14T03:41:00,806.64,processing
b45a7173-4152-47c5-91ba-f8faadb362bd,CUST0425,2026-02-14T03:48:00,2761.47,cancelled
98dc63da-5ac8-4c9f-becf-b1a262dd61d6,CUST0118,2026-02-14T03:55:00,1919.97,completed
6c9e7004-5080-491d-bdf7-23e0fb20a438,CUST0075,2026-02-14T04:02:00,4621.27,pending
825e0155-64b5-46bc-98d8-418b18df145f,CUST0258,2026-02-14T04:09:00,2755.7,refunded
38898c9c-4d86-4a01-8b56-13b9d95ba628,CUST0495,2026-02-14T04:16:00,4341.02,refunded
1578b66a-c9d8-43b5-8dc5-e624adc579f5,CUST0218,2026-02-14T04:23:00,1773.91,completed
6a93c606-747b-47e0-bcc6-74b8adbc461b,CUST0489,2026-02-14T04:30:00,4054.41,pending
205a7144-5562-4b1b-9404-76b512454d73,CUST0479,2026-02-14T04:37:00,1647.82,processing
174b012b-8005-48b1-8784-18141ae4e259,CUST0215,2026-02-14T04:44:00,3541.02,cancelled
642ed7d3-dc65-4264-a483-cfa543d6634b,CUST0237,2026-02-14T04:51:00,4357.54,cancelled
ac1b352d-f020-42ce-bd00-ef7a912db468,CUST0321,2026-02-14T04:58:00,4699.63,pending
29cb6c46-4405-4a27-a0d3-717f638ebeaa,CUST0267,2026-02-14T05:05:00,1368.36,refunded
d2e31dec-3ca0-4723-806f-b012e06a3dbd,CUST0128,2026-02-14T05:12:00,4412.51,refunded
d6ec23bd-fac1-4ce0-b31a-4b1576494d87,CUST0010,2026-02-14T05:19:00,1954.99,completed
c7a0eedf-ab01-4731-b8b5-8624b1de3e79,CUST0356,2026-02-14T05:26:00,402.07,processing
3f214590-d27c-462f-8ec6-0f98db88e57e,CUST0065,2026-02-14T05:33:00,847.55,processing
c1f5f1a0-7977-45d8-9033-56d19ba2e5f9,CUST0310,2026-02-14T05:40:00,2519.49,completed
5c955b2b-046e-4000-9df7-435a68e7d9ad,CUST0447,2026-02-14T05:47:00,324.43,pending
d0ae1298-b599-438c-8aab-d270fc703e79,CUST0316,2026-02-14T05:54:00,3937.85,cancelled
8cae9490-04cd-4d5c-a635-042ca4f68a64,CUST0434,2026-02-14T06:01:00,3026.81,cancelled
f97cc9d9-9208-44d3-a232-38b39f281ea0,CUST0011,2026-02-14T06:08:00,1418.3,refunded
6424b579-0a0a-47e7-8e4c-ba5ab020f9c5,CUST0078,2026-02-14T06:15:00,3980.6,completed
782c8417-fd88-458a-a323-c8f3566c75e3,CUST0039,2026-02-14T06:22:00,3558.47,completed
2470a3d1-d30e-49a6-ab94-bc012335af07,CUST0282,2026-02-14T06:29:00,4370.42,processing
c3a8bd78-bdf4-4c20-9ddb-c22b7546f59f,CUST0416,2026-02-14T06:36:00,3771.18,refunded
e2d9f5bd-8fe0-4cca-a6cb-dab4f4e17ae2,CUST0168,2026-02-14T06:43:00,3551.76,processing
15e77eba-d49c-4478-bd29-f2ccc263ac38,CUST0180,2026-02-14T06:50:00,2533.24,completed
aab78844-9d9a-43c3-9982-857eeb350189,CUST0265,2026-02-14T06:57:00,1968.41,cancelled
d7bf3cbb-a142-4578-9d99-55ee1e14da0b,CUST0225,2026-02-14T07:04:00,4931.91,processing
0c612fa5-def9-4e22-9bac-872fccaa8896,CUST0134,2026-02-14T07:11:00,1994.41,refunded
de1248f8-7d2a-4294-b0ac-1a5046336775,CUST0386,2026-02-14T07:18:00,4585.89,refunded
f9964f03-00a9-4b2b-8031-a8a02c432f91,CUST0242,2026-02-14T07:25:00,1206.8,cancelled
aeaf285e-7b7e-4842-99f8-104c695b6840,CUST0072,2026-02-14T07:32:00,3014.42,cancelled
d7b7f1fe-a70c-4514-8da3-528e3e029113,CUST0371,2026-02-14T07:39:00,3734.31,completed
e9d1c712-92d9-487d-a6ae-c5877123be52,CUST0033,2026-02-14T07:46:00,2388.1,refunded
855d41e9-5d8b-4cb5-97ac-a710218bf422,CUST0401,2026-02-14T07:53:00,4454.45,refunded
9c208423-7611-46b2-8b86-b1464a3fc2b2,CUST0257,2026-02-14T08:00:00,1005.96,refunded
c3cc6769-b707-4d1f-8b95-b67f781fc7cf,CUST0495,2026-02-14T08:07:00,4139.32,completed
f894a05e-efe4-48fc-b4f7-72dd31c3014d,CUST0422,2026-02-14T08:14:00,914.65,refunded
c17bfbdb-24c1-4215-b5eb-58b84201f529,CUST0421,2026-02-14T08:21:00,4298.41,pending
546ca36c-3ffc-4249-b200-bad2dc2c8a18,CUST0209,2026-02-14T08:28:00,211.25,cancelled
ee619dcf-ce73-4df8-bd91-253e827b2d0d,CUST0212,2026-02-14T08:35:00,2811.49,completed
8c102eb8-0a21-438d-a4d8-7c852acd5830,CUST0053,2026-02-14T08:42:00,4432.43,cancelled
8e7157c6-2961-4cb6-a808-f59f1286e9ec,CUST0254,2026-02-14T08:49:00,574.86,processing
0c9c1378-9c16-4184-b05e-4608cd45a0ce,CUST0108,2026-02-14T08:56:00,4562.17,refunded
39559bda-50f5-4944-8b76-ce381ac9fbe9,CUST0482,2026-02-14T09:03:00,1368.6,cancelled
10310377-74e1-46f0-88dc-212e2380e576,CUST0093,2026-02-14T09:10:00,2472.81,refunded
abaefacb-798e-4257-a06c-38614ff683a3,CUST0023,2026-02-14T09:17:00,3083.79,pending
673272eb-f07d-4fca-8dd5-7e91f89d99d3,CUST0085,2026-02-14T09:24:00,4559.57,cancelled
7ab13ed9-99aa-4c58-84ea-cf04fc9dcf91,CUST0001,2026-02-14T09:31:00,4826.23,refunded
916ab70e-9e1a-46d1-a6b7-7b5b919df1ac,CUST0350,2026-02-14T09:38:00,3786.82,refunded
0aec3764-d641-48b3-921e-571187ca5045,CUST0437,2026-02-14T09:45:00,4589.05,processing
b37c3bb0-62bd-4980-9667-48dd92d31529,CUST0111,2026-02-14T09:52:00,3616.96,completed
588477e4-cd80-4d6c-9a4f-88b8b758002b,CUST0454,2026-02-14T09:59:00,1641.03,cancelled
ca499e4e-5c0b-48ec-a7ad-0e48ce87e0bc,CUST0454,2026-02-14T10:06:00,3172.3,processing
bf6fe148-3eb3-414a-aef2-2b00c4054cb8,CUST0075,2026-02-14T10:13:00,1137.04,pending
5deb85eb-c42a-4d6b-a0b6-37d0c87b5e3d,CUST0419,2026-02-14T10:20:00,1850.33,processing
3b01fa08-aefd-48b7-a1ae-52b34c6de963,CUST0120,2026-02-14T10:27:00,3179.54,completed
d86aa536-cf2d-467c-a834-0b8617e2b562,CUST0376,2026-02-14T10:34:00,461.02,processing
5b6ec9d6-7491-472a-a968-5f9acf298058,CUST0247,2026-02-14T10:41:00,371.51,refunded
c05e4aa0-4d12-40c8-8243-2b360b922e0a,CUST0192,2026-02-14T10:48:00,4386.35,refunded
408df80c-a312-4408-9bd9-06ead7f93e28,CUST0131,2026-02-14T10:55:00,1166.3,cancelled
3595193e-f37f-413c-aa5a-940259bc128e,CUST0303,2026-02-14T11:02:00,925.08,completed
1fb730ad-8919-4ed9-91ca-a359095fb677,CUST0153,2026-02-14T11:09:00,1741.4,pending
f9183fb5-ad35-44fc-8449-4defc666d16b,CUST0166,2026-02-14T11:16:00,3531.33,completed
e6f2abe1-3a81-4df4-8e6f-fc3c7ce1b1c5,CUST0257,2026-02-14T11:23:00,4104.69,completed
caca2de9-3668-4ccf-a476-9e56f89955fb,CUST0388,2026-02-14T11:30:00,3135.37,refunded
2f81d219-a098-4e4c-bb20-dbf84034ed58,CUST0079,2026-02-14T11:37:00,2612.49,refunded
39e2690d-de9d-4664-b77f-8274d59764b9,CUST0265,2026-02-14T11:44:00,2903.6,cancelled
a5d9acfe-8ff9-4ed9-8ed6-7aa2eeb29fb8,CUST0392,2026-02-14T11:51:00,2617.37,cancelled
4d2c7925-13b7-4632-b290-d1ef9b1f06f4,CUST0064,2026-02-14T11:58:00,3422.61,cancelled
e2cc69c4-ccf0-4bc9-81a0-315a87ed4f6d,CUST0167,2026-02-14T12:05:00,2086.99,completed
def70304-8763-4972-b98a-c1f4a9ba6698,CUST0350,2026-02-14T12:12:00,3846.71,completed
750f07ca-895c-455d-ba95-71a4f773a3e3,CUST0148,2026-02-14T12:19:00,1835.31,completed
0fc5c485-7bb0-4fab-99c2-b96c3476687b,CUST0397,2026-02-14T12:26:00,2940.9,completed
81a82cc5-0a28-443d-b1ec-b2b5c29752fb,CUST0412,2026-02-14T12:33:00,4618.77,completed
46befbe7-d2c3-429d-a5c4-758e0e51d8c6,CUST0416,2026-02-14T12:40:00,3041.42,completed
26df41e7-8f71-4e08-98b1-7b84da537ca1,CUST0149,2026-02-14T12:47:00,12.27,pending
cd8dde38-e68a-40f4-b67d-bc111fb5fd51,CUST0495,2026-02-14T12:54:00,1057.54,cancelled
6028e347-d18d-4080-a31f-f893aaba39cc,CUST0399,2026-02-14T13:01:00,2679.26,cancelled
c10e8347-6a2e-476b-b0dd-7d5bcb2b82ff,CUST0497,2026-02-14T13:08:00,4030.71,pending
ed1e41b1-7c78-4c7a-809a-6afa255ab8db,CUST0219,2026-02-14T13:15:00,2434.86,refunded
c39e31ae-5140-450d-b685-a6db2ffd0a48,CUST0444,2026-02-14T13:22:00,2897.72,refunded
67618a63-f049-4344-87d3-0d90fe848769,CUST0234,2026-02-14T13:29:00,2209.29,processing
e25b8a49-5c97-41de-bbaa-99f42aaf7694,CUST0346,2026-02-14T13:36:00,2646.41,completed
47e31e20-ff37-4c40-b43f-e267652eb081,CUST0126,2026-02-14T13:43:00,1351.11,completed
f57e2f3a-48bb-440a-9686-947697fab1a4,CUST0246,2026-02-14T13:50:00,2381.36,pending
e6fc9b4d-042a-4db0-a37c-67171d3e49f0,CUST0077,2026-02-14T13:57:00,4632.25,completed
5316e8d1-453b-47a3-b31a-7fc16e280614,CUST0226,2026-02-14T14:04:00,265.19,processing
9ed3c563-5eb4-4b94-b424-e1bf422681ba,CUST0005,2026-02-14T14:11:00,4339.69,cancelled
03e34a9d-1e80-4ca5-a9e2-6014f7ad0447,CUST0474,2026-02-14T14:18:00,2343.82,processing
22abed73-7509-4d2d-9d2a-e650307d5038,CUST0361,2026-02-14T14:25:00,308.82,processing
0d355272-2156-4208-b640-ce59fb054262,CUST0369,2026-02-14T14:32:00,1833.07,refunded
f8633930-2635-44b7-a48c-246d1041e9be,CUST0374,2026-02-14T14:39:00,2082.52,refunded
65e944e0-96e8-4176-ae24-d39ddc378182,CUST0474,2026-02-14T14:46:00,2163.12,refunded
aa4539b9-818f-418b-a3f7-4e618c65c285,CUST0230,2026-02-14T14:53:00,113.32,refunded
f9dfc701-9a49-46ca-a28c-0238ceca6561,CUST0440,2026-02-14T15:00:00,1509.38,processing
cb2249a6-4d0a-46c4-8b0a-0ecc4d74a1e9,CUST0076,2026-02-14T15:07:00,4449.74,refunded
857a57ce-04cc-4598-8ec0-7f00d8d29ad6,CUST0488,2026-02-14T15:14:00,357.4,processing
f0127bb8-d0d3-489e-b568-459508124c77,CUST0264,2026-02-14T15:21:00,722.91,refunded
f828db1d-346e-49b7-b9fa-4ce88d40e81a,CUST0080,2026-02-14T15:28:00,3615.75,refunded
22291691-9a2f-4ca9-8b8b-efa03b697543,CUST0428,2026-02-14T15:35:00,4358.05,pending
79d038ea-fbf6-483c-85c8-b74732e228b2,CUST0010,2026-02-14T15:42:00,1434.5,refunded
bd466d0f-cfdb-4eef-8979-78990ec84f76,CUST0151,2026-02-14T15:49:00,3170.59,processing
3f23cd74-a19e-4943-a8ce-b0e77d2cc017,CUST0279,2026-02-14T15:56:00,2694.97,pending
17657881-c9e4-4a95-9bf4-ee27ba758775,CUST0116,2026-02-14T16:03:00,2341.85,completed
2f3c5a2f-dd55-401c-baed-17d8b17cb8e6,CUST0345,2026-02-14T16:10:00,2802.56,completed
814a4699-03f8-48b5-b557-4984cba5454d,CUST0258,2026-02-14T16:17:00,178.03,refunded
6ba6c86d-8f45-447b-ae4d-e5a54dbc5ca4,CUST0483,2026-02-14T16:24:00,4335.47,pending
19db813a-adfc-4199-986d-aba410c98a06,CUST0425,2026-02-14T16:31:00,791.53,cancelled
9b71895c-1e6e-40ba-9553-efc01f45e9a2,CUST0420,2026-02-14T16:38:00,1535.93,cancelled
df583065-b71c-4d15-9d78-5a75d0c1aced,CUST0024,2026-02-14T16:45:00,3607.09,refunded
b7370869-7549-4cdb-9491-73d3b87002f7,CUST0490,2026-02-14T16:52:00,4163.93,refunded
10240717-fe2f-4de6-8121-e0a6bcb1f6e7,CUST0222,2026-02-14T16:59:00,3491.39,refunded
9479739c-42c4-406c-8aa9-e60fe6ea171b,CUST0154,2026-02-14T17:06:00,3106.99,refunded
d1012573-787a-41ab-ac34-96ca50dd8260,CUST0490,2026-02-14T17:13:00,3232.23,completed
b9748864-982a-4fb8-bb2e-03d4c7c4e4f8,CUST0430,2026-02-14T17:20:00,3940.46,completed
e332f46e-cc6f-461e-b220-02011bbd015d,CUST0387,2026-02-14T17:27:00,4499.96,pending
3def3a40-3029-4659-a90e-34fdd2069c60,CUST0449,2026-02-14T17:34:00,3537.43,processing
933e95a9-7438-4ab4-8499-b3bc490c022a,CUST0475,2026-02-14T17:41:00,1558.55,completed
edfd5c10-090f-4064-a577-4e0eb609bf90,CUST0255,2026-02-14T17:48:00,793.9,refunded
bff94ac0-24d4-4860-8801-549acf99b229,CUST0359,2026-02-14T17:55:00,1284.05,refunded
1944ba42-aca9-4d0b-8632-821305a94579,CUST0268,2026-02-14T18:02:00,1031.5,refunded
1d76fc31-ac30-4f29-92e5-03061a84c087,CUST0033,2026-02-14T18:09:00,1907.81,cancelled
a9ec4149-768c-4101-8b1d-5da7b5bfc63e,CUST0351,2026-02-14T18:16:00,4865.58,pending
bc756791-c4f0-4ede-b180-9c6299ee98fd,CUST0132,2026-02-14T18:23:00,2463.12,cancelled
0d1d2afd-99a5-44c2-a6c1-fdd065876233,CUST0076,2026-02-14T18:30:00,2747.73,completed
6128f913-198b-4923-9671-6030ae4125a2,CUST0079,2026-02-14T18:37:00,529.16,cancelled
dd5784eb-8457-413b-9e93-973107d1fc21,CUST0075,2026-02-14T18:44:00,2062.47,processing
56ec9e96-d8a9-4ca6-8782-419d09e18305,CUST0271,2026-02-14T18:51:00,4269.56,processing
bdff5678-8859-4ede-b7ba-4b11a7810eac,CUST0462,2026-02-14T18:58:00,2144.08,refunded
492947b2-df09-4eca-a965-5afb95ac358e,CUST0074,2026-02-14T19:05:00,1126.91,pending
5dc5809a-98a1-45a2-b9ca-f1799293fd60,CUST0403,2026-02-14T19:12:00,2724.34,completed
ab0db7bd-87b9-435d-9d05-2f6a2f616f1e,CUST0495,2026-02-14T19:19:00,3230.82,processing
1683dbc9-95cc-45be-abd4-b95794161131,CUST0296,2026-02-14T19:26:00,3766.64,processing
234c48c2-3bd4-4ae5-9c7e-166b8d89cb8d,CUST0021,2026-02-14T19:33:00,3154.18,pending
70dedae5-bcef-4b2d-bf9c-7c83ce5494c2,CUST0034,2026-02-14T19:40:00,523.56,cancelled
1ae4def9-48f2-45e7-8a01-0467b2225bae,CUST0205,2026-02-14T19:47:00,2145.53,pending
509db0ad-db7f-4fb5-9907-278cfff49c6c,CUST0064,2026-02-14T19:54:00,3159.67,pending
9d121617-85c5-4716-977b-25680fc8fa2d,CUST0397,2026-02-14T20:01:00,428.02,pending
48ea56a7-a408-4458-bf64-7aabdc3697ea,CUST0290,2026-02-14T20:08:00,2194.72,refunded
e844fbf9-3cac-4b20-84fd-712d6b745bcd,CUST0460,2026-02-14T20:15:00,1532.83,cancelled
f9f65b6f-b523-4ede-96ae-4ac07bfee2b5,CUST0094,2026-02-14T20:22:00,3893.06,cancelled
f87eeb6b-cb9a-4a47-ae32-59e424ccf594,CUST0051,2026-02-14T20:29:00,4494.84,cancelled
1d7c0df4-81a7-432d-8fd4-4efa319a853b,CUST0086,2026-02-14T20:36:00,2171.2,pending
4c614f32-cee6-4675-b5e7-2075a6594db3,CUST0254,2026-02-14T20:43:00,3663.93,completed
e922a97e-e22b-404a-afe3-780a7d7f81b2,CUST0313,2026-02-14T20:50:00,4768.24,processing
73023274-83d0-4f1e-a5f3-3053e6b3b7f1,CUST0221,2026-02-14T20:57:00,2762.92,completed
4fa9cbf0-8ee2-4573-9d36-0e3e5da78948,CUST0481,2026-02-14T21:04:00,2234.67,completed
a778f4f2-4aa0-4742-98b9-acd8469f68aa,CUST0289,2026-02-14T21:11:00,3742.11,completed
b59d6f00-a06d-4a43-b131-6fa49105c6a6,CUST0176,2026-02-14T21:18:00,1479.0,pending
88588527-1646-4bab-88a0-ee538500c0a1,CUST0280,2026-02-14T21:25:00,1421.58,processing
766c7d5a-d78b-4ae6-b219-cf0ad087904c,CUST0421,2026-02-14T21:32:00,1691.69,completed
351b0cce-935e-49c8-ad80-3000a300b09b,CUST0252,2026-02-14T21:39:00,2723.34,refunded
a1ce5ccd-1881-43db-9657-176d00668496,CUST0289,2026-02-14T21:46:00,949.47,pending
b1ff636a-ad28-4bde-b427-bf880074b7b5,CUST0073,2026-02-14T21:53:00,2161.39,pending
6490116d-29d4-4cba-b26a-172515c977ff,CUST0475,2026-02-14T22:00:00,4273.79,cancelled
6237ef7e-6979-4026-aee1-9275d20e09b6,CUST0006,2026-02-14T22:07:00,1455.87,completed
3f5feb49-f813-4be0-aac9-e755c6dafce2,CUST0082,2026-02-14T22:14:00,4494.74,completed
310d3a02-9d65-4b44-8690-25d0f73fcf65,CUST0259,2026-02-14T22:21:00,4473.22,pending
cb59a65d-601d-4ecb-8d2b-4cd1b0a746de,CUST0243,2026-02-14T22:28:00,2768.65,refunded
32d28c7c-7b31-41d3-89f8-2f7adc505f93,CUST0284,2026-02-14T22:35:00,4870.35,completed
aeae6dd7-4447-4ee9-9c09-dd311fe78a22,CUST0056,2026-02-14T22:42:00,4296.22,processing
e4ed63e2-5e58-497e-a7e7-44a53322e81e,CUST0224,2026-02-14T22:49:00,110.8,processing
bcd9a092-6426-4428-9d6e-b793f2bbf402,CUST0345,2026-02-14T22:56:00,335.61,completed
dfd94228-b1fb-4980-9acb-40a957472c60,CUST0090,2026-02-14T23:03:00,4917.02,cancelled
a7c35595-2e34-47b9-bd38-beaf2e5e1cd6,CUST0069,2026-02-14T23:10:00,1928.65,processing
ac89dddb-64a3-49c3-bade-3c5c97daa315,CUST0394,2026-02-14T23:17:00,3874.47,cancelled
3d02c8b9-573c-454b-abcf-4db7d9d9308c,CUST0334,2026-02-14T23:24:00,1622.55,processing
39f1f750-bf5d-430b-a540-c80252102215,CUST0030,2026-02-14T23:31:00,3991.85,processing
ba58411e-40d2-43c5-8f92-fe22266772f4,CUST0350,2026-02-14T23:38:00,3260.43,cancelled
22209ace-4e65-4d02-9a4f-b6db64d9b5b3,CUST0337,2026-02-14T23:45:00,4642.36,completed
b270a8ca-6b14-46eb-915c-488dea16e73a,CUST0088,2026-02-14T23:52:00,1084.18,completed
66f22358-2e63-4b1e-ab83-333d614683be,CUST0160,2026-02-14T23:59:00,3729.93,completed
5aa4660b-0aae-4944-9914-c2d3311381cf,CUST0002,2026-02-15T00:06:00,2746.39,processing
e50c6cd7-b385-49a5-b2bb-c8fda1b750ce,CUST0223,2026-02-15T00:13:00,661.2,pending
57edbc85-2ac3-4517-bbfc-c57d55ca11eb,CUST0427,2026-02-15T00:20:00,233.44,cancelled
466421d8-c2dd-4da2-959e-84570ca83671,CUST0477,2026-02-15T00:27:00,1694.2,completed
ebc6e70c-dd98-4d79-859b-cd5686d6a014,CUST0395,2026-02-15T00:34:00,981.45,processing
7545c135-bcae-4aab-a357-1ef0f3ea2978,CUST0459,2026-02-15T00:41:00,667.15,processing
ac4c1a7b-fd52-4381-a9f3-f76461e6e681,CUST0373,2026-02-15T00:48:00,1820.6,processing
e4b11377-f8dc-4a69-bcc0-00bbb6777780,CUST0459,2026-02-15T00:55:00,1334.87,processing
1a1ec901-620f-4bfc-a7c5-9ffa6d3d2eaa,CUST0261,2026-02-15T01:02:00,3450.08,pending
738a81c2-9d61-4582-b199-9edf18c0874c,CUST0009,2026-02-15T01:09:00,4571.7,refunded
e225707d-7e41-4d61-b5c0-f8b271dbe05c,CUST0144,2026-02-15T01:16:00,1390.63,refunded
cb21938d-fb02-4f26-bc31-b902506129b0,CUST0169,2026-02-15T01:23:00,1083.38,pending
b6f110fe-3788-42c2-a2f8-a9145cf397e6,CUST0171,2026-02-15T01:30:00,353.56,cancelled
5d9b85d7-23e3-40f3-b306-b92f07318ee3,CUST0129,2026-02-15T01:37:00,3394.4,pending
c7c5da71-37a2-4925-bc8e-7efeb8f4b032,CUST0251,2026-02-15T01:44:00,3525.78,pending
5aad8203-92b3-42a8-96ec-5cc72bd0a79b,CUST0452,2026-02-15T01:51:00,2102.29,completed
d4e0cc72-675d-434c-a760-87d96c6e6f06,CUST0356,2026-02-15T01:58:00,1097.69,processing
a28f081e-7e58-431d-9409-a5dc764fdd65,CUST0276,2026-02-15T02:05:00,4255.84,processing
e747d69e-6793-4813-9609-ed23e797ef32,CUST0225,2026-02-15T02:12:00,1593.01,processing
a6b7efd5-003f-4617-bdd1-035170057e83,CUST0248,2026-02-15T02:19:00,1953.2,refunded
f33d9690-89c0-4ff3-b42f-07f0c73337ed,CUST0020,2026-02-15T02:26:00,3180.39,pending
c9511266-369c-4b60-81f9-4956c6229519,CUST0001,2026-02-15T02:33:00,4429.92,refunded
51c3250f-ab3e-471e-ac15-ca23654a93c8,CUST0129,2026-02-15T02:40:00,262.01,refunded
78644a21-1cfb-44a1-9273-25ec4d1e90ab,CUST0247,2026-02-15T02:47:00,659.72,completed
65344b2c-4c58-4a3b-8346-21b12290d5b0,CUST0435,2026-02-15T02:54:00,52.85,cancelled
aeb849e2-219d-4f3d-b30a-947edf1dccbe,CUST0384,2026-02-15T03:01:00,134.18,completed
e49d8ec8-f2ee-4938-b145-a2e1330e1c32,CUST0476,2026-02-15T03:08:00,77.17,cancelled
52951a3e-fef3-4d21-8866-3f1138f272c9,CUST0170,2026-02-15T03:15:00,4749.59,pending
2125bac3-37f7-44be-890e-93348ccc9bfc,CUST0419,2026-02-15T03:22:00,2337.87,cancelled
e475b6a0-e005-4fbc-97af-e5fb936d61a1,CUST0226,2026-02-15T03:29:00,4586.19,completed
9aecf6a8-b43b-4c28-bba6-aea5bb50430b,CUST0441,2026-02-15T03:36:00,668.48,pending
6ce7301e-5174-4bea-866d-664b2be1fd22,CUST0452,2026-02-15T03:43:00,2884.98,cancelled
5ac637a7-6907-482a-a3de-c9f0994c6611,CUST0496,2026-02-15T03:50:00,1340.44,completed
a91e74a0-2fbf-4c42-b65b-215715f0bbb2,CUST0414,2026-02-15T03:57:00,2301.45,processing
4a5a9cf0-4dd8-40ff-8e6c-dc95c51bca8e,CUST0455,2026-02-15T04:04:00,3132.67,completed
e0f490b8-472b-4272-83a0-bf7feedff720,CUST0218,2026-02-15T04:11:00,1477.22,pending
7e84b8e3-4ebb-4a68-9e6b-4e8a09ff3329,CUST0452,2026-02-15T04:18:00,3396.04,cancelled
eec11065-f71c-41a8-995f-be2dfcab6edd,CUST0163,2026-02-15T04:25:00,3397.21,pending
d24c6031-cbc6-48c8-8f76-56ff08be6d56,CUST0396,2026-02-15T04:32:00,578.14,processing
de8083fb-4252-47bf-8a21-969e4f09bf10,CUST0273,2026-02-15T04:39:00,4033.32,completed
71a837b4-0589-4396-974e-7b48df9775f4,CUST0265,2026-02-15T04:46:00,2212.05,completed
617989c6-7294-4a7e-9a6c-b7adf80bc83d,CUST0357,2026-02-15T04:53:00,4501.22,processing
aab38abc-2790-4581-9876-bd62ceb37923,CUST0285,2026-02-15T05:00:00,4199.66,completed
2b1d0bc1-116a-4b37-aa1f-430442bf2780,CUST0097,2026-02-15T05:07:00,2214.73,cancelled
3a79710a-ec91-46cb-bdc5-7df74e7a0b1c,CUST0416,2026-02-15T05:14:00,2804.32,processing
568a6052-2e07-4e2c-9193-1ac536b24410,CUST0282,2026-02-15T05:21:00,3814.22,refunded
18277387-6268-4d68-9ff8-f93f3478e1bc,CUST0436,2026-02-15T05:28:00,4973.09,pending
4ba52617-98a1-40d3-9938-2ad68259059c,CUST0420,2026-02-15T05:35:00,3890.02,pending
6e83e8eb-48cb-44d9-b729-9ab9afb02cfc,CUST0202,2026-02-15T05:42:00,2209.84,cancelled
560e1107-3dc3-4ed5-8ac7-8f9093f77869,CUST0191,2026-02-15T05:49:00,64.69,pending
67c6e770-80ae-4fa8-9f0b-9cb1d52f8c25,CUST0176,2026-02-15T05:56:00,1357.49,refunded
c480b551-a1e1-44c2-a14b-5523f6420777,CUST0346,2026-02-15T06:03:00,3589.99,processing
aeb091be-f2d7-41dd-ada7-39b4e2e4da88,CUST0088,2026-02-15T06:10:00,4543.84,processing
d38abe2d-a761-43b8-af83-99cc38028f46,CUST0209,2026-02-15T06:17:00,3431.21,pending
1683da20-121f-4638-9d1a-95ea242f2f22,CUST0255,2026-02-15T06:24:00,3449.37,cancelled
dd445ba8-505d-45ea-9ede-f7a7087cdd1a,CUST0387,2026-02-15T06:31:00,825.86,processing
303ea9a7-c21f-4c26-acaf-a738104c1106,CUST0124,2026-02-15T06:38:00,2845.99,pending
8dfdd02a-ecc9-48cc-90cd-be2de510ceb0,CUST0154,2026-02-15T06:45:00,4422.43,refunded
cdd65804-64a6-491f-8211-5136ae6c71f7,CUST0144,2026-02-15T06:52:00,341.81,cancelled
13e6f045-26da-4af7-93b8-5b562858e1ff,CUST0091,2026-02-15T06:59:00,4224.61,refunded
66744784-52e9-4adb-a1ec-056713714aee,CUST0047,2026-02-15T07:06:00,2017.12,pending
17ca2dcd-48aa-4861-aba0-388e391a1d51,CUST0181,2026-02-15T07:13:00,951.39,refunded
264c9a7a-7d5c-44d8-81b0-bcd7c4e18062,CUST0348,2026-02-15T07:20:00,514.12,cancelled
ab27d532-a400-4dd0-a2a9-5f0bf60f81b2,CUST0313,2026-02-15T07:27:00,1000.31,cancelled
ab39fd3c-d053-414f-9d83-30355dec2eff,CUST0112,2026-02-15T07:34:00,2131.33,completed
f8e3054c-a7b3-4d3c-be58-16037cdc83b9,CUST0500,2026-02-15T07:41:00,4200.77,refunded
9bc7ed06-eeb4-4f1b-bcb0-3598b2966d31,CUST0464,2026-02-15T07:48:00,3220.77,refunded
fca0ce37-0724-410b-bb14-c15286a9ea76,CUST0205,2026-02-15T07:55:00,4615.3,pending
10dab6be-24cd-4f70-8663-ff45767d8f20,CUST0125,2026-02-15T08:02:00,1345.55,refunded
9248d45e-cfa7-4a24-b793-c4c3b908c172,CUST0113,2026-02-15T08:09:00,2251.93,pending
bd865357-f0c2-415a-8190-5cca5a17459b,CUST0303,2026-02-15T08:16:00,1535.21,processing
e8cdbd83-2189-4920-a912-12d7e71566a1,CUST0029,2026-02-15T08:23:00,4306.08,refunded
f7340e3a-adfd-432c-9a2b-aebbba578441,CUST0032,2026-02-15T08:30:00,2905.7,pending
862cc6ca-367f-46e2-ad87-c8d7f9ce5fda,CUST0217,2026-02-15T08:37:00,2741.35,pending
b1b65533-14dd-400b-abf7-81a31781f3cb,CUST0158,2026-02-15T08:44:00,3551.61,cancelled
3c3da5ae-215e-447c-a40a-5c78d897f557,CUST0182,2026-02-15T08:51:00,4184.41,completed
d5a157ca-9a9d-4b2a-afa8-d2f094023cc5,CUST0034,2026-02-15T08:58:00,2873.19,cancelled
4d7be741-f37d-4237-a630-d9b1956e903a,CUST0074,2026-02-15T09:05:00,247.37,refunded
2e9115c1-0ed1-4ed9-bfbb-796169a174b5,CUST0130,2026-02-15T09:12:00,4856.61,pending
9f3c2100-d9b4-4ba4-bed2-b77b9181c5db,CUST0257,2026-02-15T09:19:00,4075.66,completed
872f9ce8-8bb8-4c99-83cd-6a85561ace7c,CUST0478,2026-02-15T09:26:00,3009.83,cancelled
24a73825-f3b4-4515-8057-81a51a5a368c,CUST0313,2026-02-15T09:33:00,1423.65,cancelled
4e0b5b4a-b42d-41b8-a74e-0e0a6d1c6247,CUST0106,2026-02-15T09:40:00,4295.91,completed
b4402df5-a447-4ae3-be77-e5abd301e9b5,CUST0047,2026-02-15T09:47:00,2811.62,pending
b398ecfb-49fd-41e7-8979-117e64fbf17c,CUST0130,2026-02-15T09:54:00,4494.22,processing
8efa290c-7354-4bdb-88d7-f03361283e54,CUST0434,2026-02-15T10:01:00,418.52,refunded
2b90b5b6-48f0-4dd7-8d14-64cdf03a4be9,CUST0417,2026-02-15T10:08:00,568.6,completed
e81615b3-1e8d-4339-8b6f-4a1024aec518,CUST0439,2026-02-15T10:15:00,3589.58,refunded
411a9e8c-5d30-47f5-a919-a214aa9e940a,CUST0073,2026-02-15T10:22:00,2450.17,cancelled
a4ceee9c-8d60-46cc-8541-98b34f0edfb7,CUST0381,2026-02-15T10:29:00,2175.0,processing
6c8f12f2-cd20-44e8-8137-25cb7b6684b7,CUST0206,2026-02-15T10:36:00,3540.99,processing
e29bac29-b2e1-4ef6-a16f-a09046754139,CUST0288,2026-02-15T10:43:00,1738.76,completed
00cdcd71-836a-42af-923d-83778cc5c0b1,CUST0470,2026-02-15T10:50:00,134.38,processing
f7706de5-cdf9-4b88-932d-c645a3153931,CUST0277,2026-02-15T10:57:00,3097.59,processing
5c65c31a-a7f5-4beb-a5c5-f2b05895f6b7,CUST0496,2026-02-15T11:04:00,1814.76,processing
30f113f2-1559-407f-b653-5bef9eb229e5,CUST0415,2026-02-15T11:11:00,36.9,pending
c00e8ec9-2632-4208-883b-ebb37a6ba71c,CUST0483,2026-02-15T11:18:00,4614.61,pending
c3fcbb5b-2215-49de-a087-0cb71f3e3c17,CUST0008,2026-02-15T11:25:00,4440.38,cancelled
2a9458d0-3b58-4b71-8ef9-e836771b0d12,CUST0341,2026-02-15T11:32:00,3609.01,refunded
74d42307-ed6d-4687-9caa-fd86904bfa9b,CUST0420,2026-02-15T11:39:00,3361.38,cancelled
c2cbb177-d834-492b-8ffe-a807c18a1928,CUST0287,2026-02-15T11:46:00,1730.94,processing
fb9244e9-0990-4aa6-a7d8-a73258cd4763,CUST0409,2026-02-15T11:53:00,1594.53,cancelled
da1b6673-4c95-444a-a7c9-69b5f241bb94,CUST0435,2026-02-15T12:00:00,3055.44,completed
ef6bdb33-2814-4fe0-b564-62a51e5a8ac9,CUST0011,2026-02-15T12:07:00,4727.56,pending
9e5867ec-af9b-4115-99a1-51a202d5017e,CUST0269,2026-02-15T12:14:00,3666.03,refunded
cff17f4c-3832-4749-a4e9-d0419cfb2af7,CUST0403,2026-02-15T12:21:00,2741.27,completed
c50eb4ee-8b32-43fc-b78c-126602e2de43,CUST0151,2026-02-15T12:28:00,4687.78,cancelled
28b533ea-5cef-406d-b3a4-1e514f0f3eca,CUST0393,2026-02-15T12:35:00,1786.43,pending
86f8396f-c2d0-499a-96c9-e12ffea7df52,CUST0279,2026-02-15T12:42:00,1338.97,completed
d1a00f71-d803-48bb-a326-ba43a724e92e,CUST0456,2026-02-15T12:49:00,3024.76,refunded
5807d308-3e6a-4af4-9236-8315655289fa,CUST0340,2026-02-15T12:56:00,3852.25,pending
ddde2d6e-3564-45f6-8de8-deae12cb7490,CUST0101,2026-02-15T13:03:00,770.42,completed
fbdbe2ff-b6ef-4ecf-9e40-d021d449140c,CUST0274,2026-02-15T13:10:00,349.36,completed
8c71113a-a33f-4122-bd9a-1d19095b8206,CUST0022,2026-02-15T13:17:00,2664.42,completed
5261a706-f581-41f5-aa7d-bdbd19cb17e2,CUST0398,2026-02-15T13:24:00,2135.64,refunded
942fb938-b01b-4494-b508-bb47722fe2fd,CUST0125,2026-02-15T13:31:00,2055.72,pending
2a91a106-50f9-4620-8691-abfe02f1081e,CUST0275,2026-02-15T13:38:00,122.57,processing
043b83b6-7ba2-49e6-9373-f7b26542c341,CUST0120,2026-02-15T13:45:00,2159.49,completed
6d9f4976-9131-4d78-a9ab-d831109411d2,CUST0273,2026-02-15T13:52:00,4816.04,processing
80514848-aaf0-4dca-a0c9-a38263c2520a,CUST0365,2026-02-15T13:59:00,583.92,pending
d6e16229-7c11-4bb7-902f-f710744e50f3,CUST0188,2026-02-15T14:06:00,996.56,processing
440b0db8-566e-4dda-a1ce-622b03d58e3b,CUST0312,2026-02-15T14:13:00,2763.75,processing
ef77af79-df88-4b2e-a970-2057a84520d9,CUST0417,2026-02-15T14:20:00,4213.38,refunded
f510e6d9-6552-44db-acc3-5c90b13bd005,CUST0267,2026-02-15T14:27:00,2005.11,cancelled
6aee0839-1ba4-441a-bade-1ff83c78a662,CUST0136,2026-02-15T14:34:00,2553.37,completed
349c7bd0-0af1-4a6b-85fd-79b5e5ee33f3,CUST0267,2026-02-15T14:41:00,3253.65,refunded
450505b0-d7cb-4b2f-8f63-b84942d2ef7d,CUST0494,2026-02-15T14:48:00,4390.49,completed
f1981a9f-29b6-4761-b106-4c3f9d9d8e34,CUST0313,2026-02-15T14:55:00,2177.07,pending
f3d5a191-25da-4845-b0b2-1a1a5ae44e5a,CUST0019,2026-02-15T15:02:00,68.64,processing
c4372ef0-bfad-4eb6-93f7-7e456f8935da,CUST0247,2026-02-15T15:09:00,1181.27,processing
62cf13c3-1c64-46c3-9a82-c036613eacdf,CUST0064,2026-02-15T15:16:00,2250.67,pending
2f6d5503-c5de-4010-b44d-f0ee0a4b77c5,CUST0457,2026-02-15T15:23:00,3761.5,refunded
c0f09ace-a298-4dfc-9350-f89ad0c89b68,CUST0390,2026-02-15T15:30:00,559.7,pending
be6de665-f05a-4b5a-9d51-515c3ab1440e,CUST0370,2026-02-15T15:37:00,2673.9,processing
791c5cba-3af2-4804-9add-d569906bbdd5,CUST0234,2026-02-15T15:44:00,3936.33,pending
9a034aad-b1bb-4ec4-9c9c-f7a813815359,CUST0061,2026-02-15T15:51:00,523.26,refunded
b9fdb14f-f91c-4fd6-9fe1-911bf9151192,CUST0035,2026-02-15T15:58:00,3761.11,cancelled
49bbb160-b1ab-4bb2-a257-d8a56a0245b9,CUST0258,2026-02-15T16:05:00,4222.78,cancelled
a4f8631e-bb50-4d29-85df-e38901bdc8fc,CUST0253,2026-02-15T16:12:00,3449.39,cancelled
2fccdf79-3233-4c39-8b97-89f7ac6354cf,CUST0323,2026-02-15T16:19:00,3630.17,cancelled
da2fa415-0c13-4caa-b3fb-ad5012a96de6,CUST0098,2026-02-15T16:26:00,4059.42,refunded
76ff8278-f1a9-471b-896a-d7e0c3f40b36,CUST0116,2026-02-15T16:33:00,2011.91,refunded
cf813fce-1576-45d1-a7c9-6337225ace07,CUST0257,2026-02-15T16:40:00,25.39,refunded
1f33fb47-6216-40d4-bad5-a0a46819b31f,CUST0215,2026-02-15T16:47:00,714.89,refunded
720a6789-f4c8-4c70-8e17-b3a6010b7334,CUST0163,2026-02-15T16:54:00,2324.27,pending
5afc81af-e23e-42e8-8552-e8f16f8f30e1,CUST0396,2026-02-15T17:01:00,2881.11,refunded
17188966-ba0b-45c4-a60b-389d4284270a,CUST0036,2026-02-15T17:08:00,1673.97,refunded
58efc4a7-8e17-45aa-8d7b-6eb7f01555bc,CUST0329,2026-02-15T17:15:00,2566.02,completed
c984a007-4c90-48d3-83a1-46046f296273,CUST0063,2026-02-15T17:22:00,3581.25,processing
575a5a04-8dd1-45ca-81a0-ce84320938a3,CUST0478,2026-02-15T17:29:00,2829.73,processing
0896aa75-533f-4c01-b02d-532169640302,CUST0350,2026-02-15T17:36:00,1268.4,completed
880b0ff2-f2cf-449c-9efc-08fb563c2eca,CUST0146,2026-02-15T17:43:00,1066.71,processing
dbc5485e-4f16-4aa1-a6fd-d0e36c2a44a2,CUST0016,2026-02-15T17:50:00,1938.21,processing
48f7071c-c37c-4a2a-a99e-4cf853389866,CUST0037,2026-02-15T17:57:00,3990.92,cancelled
4ef7dece-4578-4339-b636-616745f22fb5,CUST0281,2026-02-15T18:04:00,2983.56,pending
63b91337-087d-4f0b-b9f2-c75a54332f4a,CUST0398,2026-02-15T18:11:00,4210.71,pending
f355d1b9-32a6-4115-896e-18429f70f916,CUST0419,2026-02-15T18:18:00,4495.64,pending
97a33392-d853-421f-acd6-c502ee796e09,CUST0383,2026-02-15T18:25:00,1543.78,processing
96011a01-75ad-4cc6-bc7c-2400768d4427,CUST0204,2026-02-15T18:32:00,564.06,processing
ef95bf12-f1cb-422d-9fa0-877a3ca21139,CUST0188,2026-02-15T18:39:00,258.58,refunded
de1d77e5-631a-46ea-8472-dcd61abfb4c4,CUST0326,2026-02-15T18:46:00,4142.29,cancelled
dcb234ba-5c9b-49c5-b34b-5425a773dcec,CUST0098,2026-02-15T18:53:00,221.52,processing
d8fb214c-8817-4091-9954-172f3198834c,CUST0297,2026-02-15T19:00:00,4114.12,cancelled
51aaac9f-1ba4-47d5-b648-8059dd0ee11d,CUST0411,2026-02-15T19:07:00,330.35,completed
07c036f1-00f7-46be-ae7d-13733d5a56f2,CUST0477,2026-02-15T19:14:00,1323.31,completed
b9501c76-1776-4e93-8aab-997d28b6bede,CUST0393,2026-02-15T19:21:00,3815.0,completed
2251902b-69b9-4251-8696-d6e3d27157f8,CUST0191,2026-02-15T19:28:00,2203.23,processing
1dbb0a66-ba5e-4d41-86b5-58ab83fdb13d,CUST0402,2026-02-15T19:35:00,240.1,refunded
411f9409-2935-4606-8703-c1d47402312c,CUST0484,2026-02-15T19:42:00,3466.24,cancelled
b713ba6a-f13d-4d45-b3b3-2deb0dd2b55b,CUST0397,2026-02-15T19:49:00,2369.51,refunded
afa5080d-76d8-4301-9b33-2d5089f28d29,CUST0380,2026-02-15T19:56:00,311.32,refunded
58701fbc-7485-44bc-b501-07374a4fb985,CUST0427,2026-02-15T20:03:00,1307.04,pending
33b1bd6f-b2b5-4d75-b5d4-793ccf8af87a,CUST0208,2026-02-15T20:10:00,4763.45,processing
812a9a99-6934-45cb-a6c6-96e977e9e2ef,CUST0039,2026-02-15T20:17:00,1787.12,cancelled
3a2f26b0-5857-41c5-b4b5-f2ea1b7b4a57,CUST0357,2026-02-15T20:24:00,3778.88,cancelled
02e117c1-897b-490a-8176-c0b804ab260e,CUST0396,2026-02-15T20:31:00,3356.15,pending
ee288979-ea89-43b2-b054-f20365db1cd1,CUST0410,2026-02-15T20:38:00,3486.03,cancelled
d9ba2541-7387-4d9d-9092-42d25a952781,CUST0462,2026-02-15T20:45:00,4930.36,completed
2c7370b4-fced-42e9-850f-6e3172276585,CUST0195,2026-02-15T20:52:00,3714.69,completed
41682d8e-8b9b-4b09-a6bd-323f68434356,CUST0233,2026-02-15T20:59:00,4452.18,pending
976e8e29-9cee-4dfd-8460-fd03078e1187,CUST0403,2026-02-15T21:06:00,4034.77,completed
219c4af9-8963-48f6-9fc5-652f5945201c,CUST0186,2026-02-15T21:13:00,103.77,cancelled
89ddf950-5ef8-4abc-97ad-df418a5cea1b,CUST0213,2026-02-15T21:20:00,665.94,completed
0bf99889-516f-491f-a247-61681517b435,CUST0466,2026-02-15T21:27:00,100.57,pending
700b07d2-15ed-4581-b9a3-67525b89c7b5,CUST0402,2026-02-15T21:34:00,3191.16,pending
2ac6a938-e7ce-4d29-b862-a9f50d3a6a71,CUST0042,2026-02-15T21:41:00,409.91,pending
178c5acc-b8ea-4857-bd16-a5d786f9d4b9,CUST0213,2026-02-15T21:48:00,3610.14,processing
6e3ad25e-e205-46f0-b0d8-7843b44bc4f1,CUST0018,2026-02-15T21:55:00,4312.82,cancelled
a33545de-2469-4297-924d-9bf2805857ec,CUST0097,2026-02-15T22:02:00,3811.86,pending
130f0edd-413c-4b47-9536-ff9b027dd947,CUST0187,2026-02-15T22:09:00,3703.75,refunded
54d7e3cd-ffa7-45b8-91e9-0e42f0bd1bd1,CUST0174,2026-02-15T22:16:00,3833.87,processing
200bda5d-0182-4570-a56e-ff91a80aa716,CUST0025,2026-02-15T22:23:00,1005.45,pending
25c01a6b-5038-466f-ad81-785a62834043,CUST0287,2026-02-15T22:30:00,3374.34,pending
02f90283-4fd6-4726-8d4a-19e4fd6a0bbf,CUST0354,2026-02-15T22:37:00,2111.48,processing
9f7535eb-9fce-4c1a-9002-258eb81521f1,CUST0204,2026-02-15T22:44:00,3695.82,cancelled
605df6c7-c206-4408-8c8d-04363ba91228,CUST0333,2026-02-15T22:51:00,4381.9,pending
b4113e7b-7999-461c-bc48-6309cb7a2511,CUST0075,2026-02-15T22:58:00,939.96,refunded
78674c46-9994-47f0-80e4-e0e464740cf3,CUST0017,2026-02-15T23:05:00,2616.42,pending
1c3b486f-257a-4e3a-8e6e-bf6b7f2fc31b,CUST0395,2026-02-15T23:12:00,4915.16,cancelled
08f78162-a3c6-4fa3-9271-0c1864cd5529,CUST0140,2026-02-15T23:19:00,3115.06,refunded
67da8417-f03e-4a62-9651-6a32708c2a1d,CUST0455,2026-02-15T23:26:00,675.65,refunded
b2a6305f-bfad-4956-a39d-068c6564a049,CUST0416,2026-02-15T23:33:00,269.62,cancelled
949ff183-bf6e-40ac-aa19-fa5431e5cbaf,CUST0379,2026-02-15T23:40:00,2493.95,completed
6d7bf8ae-c456-4654-835a-993c343e517f,CUST0210,2026-02-15T23:47:00,4327.86,completed
72986929-f97f-4cd1-b6b0-c3c25f2a7d48,CUST0083,2026-02-15T23:54:00,835.26,cancelled
0eb87cf3-0b55-4617-917e-b5ddee283148,CUST0387,2026-02-16T00:01:00,4841.7,completed
d3199a65-aa08-4cdf-be70-5e547066cfaa,CUST0238,2026-02-16T00:08:00,285.06,cancelled
f6140e84-880f-4415-a8db-80947552d7a9,CUST0012,2026-02-16T00:15:00,3843.13,processing
61ff4ab9-ba6f-4192-a70d-a389a7f4d269,CUST0132,2026-02-16T00:22:00,2838.89,completed
bdc4d230-d9fd-4fed-aa83-461f671fdc1f,CUST0225,2026-02-16T00:29:00,4625.77,processing
e8dfb7a8-9cb1-4064-afa8-4eb0df442baf,CUST0273,2026-02-16T00:36:00,1559.73,completed
a4744631-bd2f-45c2-9303-beeb831b4536,CUST0484,2026-02-16T00:43:00,4776.04,cancelled
7af7689f-6409-4712-b767-cd85006691ff,CUST0483,2026-02-16T00:50:00,24.26,pending
db7bfca0-026c-46ac-b315-b7bad908ee70,CUST0080,2026-02-16T00:57:00,2085.88,pending
7f55dcbc-03e0-430f-b055-80aa8f842bae,CUST0448,2026-02-16T01:04:00,1079.29,refunded
173b7bfe-6e5d-486e-bdbe-7cfc849d7e4e,CUST0263,2026-02-16T01:11:00,3850.46,pending
e92c6909-7fc6-447e-b8f2-dfa463a270f5,CUST0144,2026-02-16T01:18:00,4314.99,pending
e34ec8fa-4b91-429f-a248-46945823b7e5,CUST0357,2026-02-16T01:25:00,2553.29,processing
c8d207aa-a435-472f-9f40-55fa0972602f,CUST0304,2026-02-16T01:32:00,4373.66,cancelled
412ace3d-5327-4eed-be0c-7e291430f8b3,CUST0052,2026-02-16T01:39:00,2921.06,cancelled
bb6ff133-8503-4099-aea4-568fdaa9c5be,CUST0279,2026-02-16T01:46:00,348.04,processing
e9bab31f-7da2-4f0c-8f93-7c75813e00fd,CUST0054,2026-02-16T01:53:00,2295.17,processing
9319d088-eb0b-4b2c-be9b-f9fefa747931,CUST0246,2026-02-16T02:00:00,3641.77,refunded
41d056a2-5294-4b3a-a9b3-7e73d56aded3,CUST0363,2026-02-16T02:07:00,3072.31,refunded
7e3891cb-e7ad-4d94-b818-eec84f4dc142,CUST0190,2026-02-16T02:14:00,4404.05,processing
ae71cd5b-bcb0-418f-ad70-a21d9f821cf5,CUST0394,2026-02-16T02:21:00,2674.27,pending
3e0e9e48-2be2-4e57-ba62-ed75891d0fd8,CUST0288,2026-02-16T02:28:00,836.5,pending
de7b6e12-bf97-48e5-8775-a834fe5fcb23,CUST0488,2026-02-16T02:35:00,528.78,processing
9478f8d7-12f1-4d0e-b94e-ae8ef14ca5af,CUST0260,2026-02-16T02:42:00,1162.05,completed
61b6609a-9188-49ed-b4c5-f03892457a32,CUST0482,2026-02-16T02:49:00,3285.88,completed
ee534069-8aca-42c2-8fcb-ce454a562e26,CUST0045,2026-02-16T02:56:00,2799.4,completed
0cbd1290-3cd7-441a-8f3d-26b03bf52cc7,CUST0448,2026-02-16T03:03:00,3607.52,completed
7f6858f8-7193-46cc-9242-aa7c2b73c2a0,CUST0209,2026-02-16T03:10:00,3495.6,cancelled
96d165b4-aea7-4a1b-9e1c-3b6ac6c27141,CUST0216,2026-02-16T03:17:00,2805.47,refunded
94dd7f0c-ccfb-4fcf-8b57-0d1300aeeb5c,CUST0079,2026-02-16T03:24:00,1402.94,pending
4e7d0986-4c55-41d1-88e1-749fda39ce78,CUST0139,2026-02-16T03:31:00,2185.16,processing
5a5c9c1b-8230-4975-931e-825778dea9aa,CUST0279,2026-02-16T03:38:00,1043.77,cancelled
c155c3b9-059f-4aba-be6f-d45ce3b511c6,CUST0404,2026-02-16T03:45:00,844.95,processing
83b4b4ee-ac7c-4629-bc3b-ca0a64f15fa2,CUST0088,2026-02-16T03:52:00,423.54,refunded
72d0c575-783d-4326-bfd3-89e0f3d46418,CUST0239,2026-02-16T03:59:00,861.31,pending
a7de1978-d462-4140-b4df-b93c960d54ed,CUST0368,2026-02-16T04:06:00,4104.87,refunded
ae5615dc-4cd2-4166-beb9-c73acd93f390,CUST0002,2026-02-16T04:13:00,4444.35,pending
46a9b5ad-d4a3-482b-900b-476b8be2cfa9,CUST0467,2026-02-16T04:20:00,22.51,completed
0af6f32f-7ec1-4fcb-9b13-9b438bef754c,CUST0043,2026-02-16T04:27:00,1927.22,refunded
8a9daf2a-772c-46c2-986b-e7b06767dd7d,CUST0419,2026-02-16T04:34:00,354.21,refunded
36b90179-cd57-4ed0-ac27-c387f0158525,CUST0317,2026-02-16T04:41:00,2228.49,cancelled
b98215ba-4b77-4aa1-91e2-be51d0c67c4c,CUST0228,2026-02-16T04:48:00,960.1,cancelled
aac69c05-af86-4e11-9387-f78cf935dab7,CUST0422,2026-02-16T04:55:00,312.72,processing
ea984c12-b39e-4de1-8687-44fbcb6afabb,CUST0185,2026-02-16T05:02:00,1789.69,cancelled
50fa8bd5-95cd-4bf6-a55a-68896b83c4bf,CUST0493,2026-02-16T05:09:00,3269.07,processing
20289f30-79f6-4d5a-bce5-3f2d08dc767b,CUST0429,2026-02-16T05:16:00,4985.56,cancelled
12b436b5-b221-487f-8594-84ce80752cc5,CUST0052,2026-02-16T05:23:00,2546.59,pending
e14aab93-7447-4e24-b384-1ff32c5c88d5,CUST0407,2026-02-16T05:30:00,1121.04,refunded
9c74b81f-ad37-4fbb-b625-2d2c3d938a9f,CUST0441,2026-02-16T05:37:00,133.42,pending
33f0fb3a-2fd1-4cee-8cb7-3649f0500113,CUST0455,2026-02-16T05:44:00,4777.0,pending
17c24e2e-1f00-4905-9633-d898f091043c,CUST0029,2026-02-16T05:51:00,1538.67,pending
3a188549-c545-49a8-bc84-7f64c497c54e,CUST0094,2026-02-16T05:58:00,1305.24,completed
0933e7e0-9662-4f05-a04f-14af16baa2e2,CUST0172,2026-02-16T06:05:00,4390.46,processing
925aa907-3fb2-4e88-b0e5-5103a12ba3e4,CUST0008,2026-02-16T06:12:00,633.56,completed
634d6ee7-3ea3-4233-8469-5d4671e7674e,CUST0397,2026-02-16T06:19:00,4514.73,pending
321688bd-df6b-47cf-9066-357a7b00e7cc,CUST0241,2026-02-16T06:26:00,3060.12,completed
8c695ec6-5a11-45a8-a4b1-cb98833ae9b5,CUST0168,2026-02-16T06:33:00,3185.4,cancelled
a2aa094e-db6f-4210-ad47-b79a56293424,CUST0161,2026-02-16T06:40:00,4853.78,completed
96dcaa5e-32bc-44f3-846c-8ad3c597aecd,CUST0124,2026-13-45,99.99,completed
452e6d9d-3ac3-4a62-a066-2639908669df,CUST0244,2026-02-16T06:47:00,1676.14,processing
147351b9-9712-4ede-9a81-22d54aa95d93,CUST0066,2026-02-16T06:54:00,1022.59,processing
34db3dfe-d63f-47ad-b264-2e5b452c663f,CUST0145,2026-01-01T00:42:00,-50,pending
26d3309d-122c-479c-b18d-245debb5928e,CUST0218,2026-02-16T07:01:00,3621.92,refunded
29fe17d9-9cff-4d14-8fee-4218e7fb768e,CUST0009,2026-02-16T07:08:00,31.45,refunded
104ec298-47b8-4529-b9e4-7a5bab920d27,CUST0186,2026-02-16T07:15:00,2365.07,refunded
8337aee4-6b9e-4935-bef1-b93bdb6d6de4,CUST0430,2026-02-16T07:22:00,1559.4,refunded
6d35a849-a283-4727-bb83-f18c4bf72f04,CUST0054,2026-02-16T07:29:00,3847.14,processing
7d0a8cc1-10ee-4230-a499-bae846e51384,CUST0493,2026-02-16T07:36:00,590.88,processing
5568aef4-3ecc-441a-a1a9-c1c4087e2504,CUST0457,2026-02-16T07:43:00,3738.24,completed
259c62d6-cd6a-4322-8d6e-9d0e0d0a9675,CUST0318,2026-02-16T07:50:00,1519.81,processing
f74b205c-4065-425c-8a49-4e9b0982a0ca,CUST0414,2026-02-16T07:57:00,2762.04,refunded
43ce33cd-87c3-4475-b2d6-c03ab1d219aa,CUST0433,2026-02-16T08:04:00,3241.26,refunded
437a5830-f761-410d-8a50-2986e413e9f8,CUST0343,2026-02-16T08:11:00,1336.47,completed
8971dabb-9727-4e67-b7b8-9f02379458c6,CUST0117,2026-02-16T08:18:00,1313.19,pending
1f30efae-d2a5-463d-9a2a-008fc4f26be8,CUST0417,2026-02-16T08:25:00,1601.47,completed
4796c3b0-f5b0-4cf1-b725-d33a95650134,CUST0039,2026-02-16T08:32:00,1735.94,cancelled
f25ee4c9-2ba0-4f1b-abb2-63de2337199c,CUST0398,2026-02-16T08:39:00,4674.77,cancelled
bf5a76b3-7df6-4682-838b-97c772843b57,CUST0210,2026-02-16T08:46:00,4603.21,completed
a606828d-3c8f-45c9-ab86-83af670a7d26,CUST0397,2026-02-16T08:53:00,1478.72,cancelled
9bbf09f5-38b6-46d8-bcf3-0e94ee2b9f02,CUST0109,2026-02-16T09:00:00,1844.01,processing
a0607197-53c0-4a1b-bacb-ca455fdf87b5,CUST0193,2026-02-16T09:07:00,276.17,refunded
c713b741-0d0a-4644-bff7-a0794ba5234a,CUST0465,2026-02-16T09:14:00,2979.62,completed
592141b4-9a4c-4b83-9492-64cbed677d39,CUST0082,2026-02-16T09:21:00,3565.82,completed
2ed455ea-9c69-4a82-9508-4a93687b0483,CUST0151,2026-02-16T09:28:00,3659.99,completed
9bc050fb-315d-48e0-81bf-0d8380f0f3cb,CUST0172,2026-02-16T09:35:00,4836.13,cancelled
44fc8307-2587-444d-8459-f4ad3496ae69,CUST0077,2026-02-16T09:42:00,310.99,processing
e3839a12-b2d1-44b4-b6fc-b2602d2dc844,CUST0047,2026-02-16T09:49:00,3415.61,pending
28fc63f2-60d0-40b3-9b5c-f0ad7d7c8f92,CUST0269,2026-02-16T09:56:00,4449.49,completed
5b5129bc-5ad0-4804-a04a-951973907e0f,CUST0105,2026-02-16T10:03:00,2232.24,processing
3cc36f08-01d9-4e6b-9be0-7c67f15a1990,CUST0080,2026-02-16T10:10:00,4456.38,refunded
0d0ac9d1-039c-4af7-941e-641e8647e956,CUST0261,2026-02-16T10:17:00,2490.24,cancelled
96f9dea6-c963-4284-bfc7-8c799f290a0f,CUST0362,2026-02-16T10:24:00,1705.86,pending
1050340a-521c-4ace-abd5-33126767b13c,CUST0114,2026-02-16T10:31:00,826.4,completed
cd5b66c6-8a5b-4be7-ad1f-83c6681229e2,CUST0391,2026-02-16T10:38:00,616.09,pending
ef512ea4-3c55-477d-91ae-37fa29463c78,CUST0219,2026-02-16T10:45:00,2209.69,processing
b5eddbf5-a815-4db9-a197-84d0e7ae0c64,CUST0337,2026-02-16T10:52:00,218.5,processing
c90ccf82-3814-4d7f-97fc-3e997fe4687a,CUST0315,2026-02-16T10:59:00,3636.2,processing
bd407538-11cc-483f-b6f7-a0ee642e0329,CUST0205,2026-02-16T11:06:00,3702.24,cancelled
2b5bcab3-a34d-410e-90f1-4a2d8972fcda,CUST0255,2026-02-16T11:13:00,1556.76,refunded
1d72cdd2-87ab-465c-af56-3730489b8f9c,CUST0279,2026-02-16T11:20:00,2287.54,pending
cd0f6876-23ab-4803-895c-9a70216368f2,CUST0140,2026-02-16T11:27:00,3807.31,processing
70407999-c3bf-449f-b4d5-4f4134d7bb2d,CUST0128,2026-02-16T11:34:00,2668.03,refunded
b8858f06-a274-44fe-ae4a-79a014153343,CUST0004,2026-02-16T11:41:00,1202.4,processing
0423dcde-90f3-4b62-90c8-e9d3a3d36a3e,CUST0385,2026-02-16T11:48:00,4626.08,cancelled
f0d51874-f2a4-4881-8aa1-69f18b5f8947,CUST0047,2026-02-16T11:55:00,1996.3,completed
598ca114-27e1-4c4f-9deb-7a4111fbaf77,CUST0357,2026-02-16T12:02:00,3928.76,refunded
03e09ceb-2a75-4c74-9321-a6d5b080ca0b,CUST0239,2026-02-16T12:09:00,2124.48,processing
d1aa0759-4573-4fcf-bdaa-857509d4e0de,CUST0486,2026-02-16T12:16:00,4188.52,completed
9f909a0e-35f7-4bc3-8052-709d29996caa,CUST0149,2026-02-16T12:23:00,4633.08,processing
0695d72b-1994-42fa-bf8a-ec6525530602,CUST0189,2026-02-16T12:30:00,530.48,pending
bf941866-29fd-4acb-98f0-5042234a1d23,CUST0078,2026-02-16T12:37:00,862.8,processing
743174e2-4ee2-43cd-bd3f-a7f2683fcf4a,CUST0011,2026-02-16T12:44:00,1334.59,cancelled
5c61ff89-f438-4bde-af03-a032df05300a,CUST0329,2026-02-16T12:51:00,522.21,cancelled
c6ae999e-c58b-4a67-97bb-97d066ff1d45,CUST0221,2026-02-16T12:58:00,1220.13,refunded
e0d9c06d-2664-4171-843f-ea423188deb0,CUST0211,2026-02-16T13:05:00,1755.85,cancelled
f16b86ac-aae5-4012-a461-6ca38d3ca44a,CUST0022,2026-02-16T13:12:00,3443.05,refunded
66071f10-3f85-4be3-8dab-d753ea506b13,CUST0052,2026-02-16T13:19:00,2864.89,pending
2302dea7-1f33-4290-b6f9-a467ffbb3de8,CUST0103,2026-02-16T13:26:00,4641.74,processing
077b8b2e-0a1e-4287-b452-0d32e72773f2,CUST0343,2026-02-16T13:33:00,4713.3,cancelled
5bcfeb8c-8b35-4af8-9a0b-3fdf619719e0,CUST0093,2026-02-16T13:40:00,4637.89,cancelled
08b1677f-5bdf-4e51-af5f-24afad6704d4,CUST0368,2026-02-16T13:47:00,3204.16,pending
bf2589e4-c613-42da-b56a-0b349379422c,CUST0190,2026-02-16T13:54:00,2809.95,completed
42b23e38-ba00-4909-a17c-fda02615fd30,CUST0274,2026-02-16T14:01:00,113.88,completed
69414712-416f-479f-b901-b97ac7372ff1,CUST0409,2026-02-16T14:08:00,984.22,pending
2edba965-8b9c-4479-9a85-f0c2c02d4aaa,CUST0338,2026-02-16T14:15:00,1254.36,processing
b5e84847-c240-4f64-ae09-f160676d50e5,CUST0175,2026-02-16T14:22:00,1454.81,refunded
607cdf4c-06e5-422a-b7da-5a6664ffb4fe,CUST0332,2026-02-16T14:29:00,20.83,processing
359c62c9-b7e4-4f98-b78a-4be5aba7f998,CUST0282,2026-02-16T14:36:00,4303.65,processing
a35d8db7-49b5-4b20-82f1-075916d7721a,CUST0113,2026-02-16T14:43:00,4208.18,completed
e1ffe1d7-beb6-444a-b726-51edf3cf6a88,CUST0412,2026-02-16T14:50:00,3855.77,completed
08fc47c8-3867-48b6-b699-37f3c460bdcf,CUST0466,2026-02-16T14:57:00,708.93,pending
c0253dcb-3ae4-480b-8b76-e61b816bb9ce,CUST0034,2026-02-16T15:04:00,1269.16,completed
d1e98f0b-5d18-4b28-a376-8160d4b5533d,CUST0346,2026-02-16T15:11:00,905.35,pending
dd6ea277-b291-4aca-a932-c3cb4c4af64d,CUST0192,2026-02-16T15:18:00,4105.0,completed
2300a77d-f75b-4cad-bb53-6f09bff1b437,CUST0211,2026-02-16T15:25:00,3904.5,completed
3723e88c-4469-4f6e-8757-933d7a79d33d,CUST0032,2026-02-16T15:32:00,53.19,pending
33e2b843-012a-4659-a12a-b3e9b0c20a54,CUST0058,2026-02-16T15:39:00,3691.53,pending
beb90e95-d672-4dd2-9dec-18e4ae10ddc9,CUST0249,2026-02-16T15:46:00,2769.66,pending
e9ae8cb3-b289-44a7-abbc-3973f3fd6f50,CUST0325,2026-02-16T15:53:00,91.63,completed
47e50af5-cf62-42f7-a9ec-8a4ac5da686b,CUST0308,2026-02-16T16:00:00,1423.65,cancelled
5a204ef7-b92b-4f62-98aa-fea2a5f13f10,CUST0163,2026-02-16T16:07:00,4134.36,processing
3007d594-4858-452b-9541-37ebcf1c919e,CUST0483,2026-02-16T16:14:00,2108.34,completed
a02728d1-ec8a-4aee-8a21-d00f8751cffb,CUST0463,2026-02-16T16:21:00,2367.28,cancelled
86f76a15-3109-4581-980f-749dc39fcc47,CUST0064,2026-02-16T16:28:00,4217.31,refunded
03f867ea-a551-431c-a271-685afb324e59,CUST0024,2026-02-16T16:35:00,1404.05,pending
24451bd5-fbbf-49b1-9373-bfd4fabde010,CUST0486,2026-02-16T16:42:00,4175.68,processing
2cc8636f-d0cc-465b-b4e8-dec8d6494304,CUST0471,2026-02-16T16:49:00,3765.48,processing
d90351c7-8362-4c8b-959f-432722bd3269,CUST0277,2026-02-16T16:56:00,2210.29,processing
ae71a424-8d5a-4072-946e-f422227c5970,CUST0100,2026-02-16T17:03:00,3140.38,refunded
447c5f0a-f9d1-481c-97fd-466e16c9c8cf,CUST0190,2026-02-16T17:10:00,1001.59,completed
646d318c-35bc-47b6-9f77-341705436f80,CUST0492,2026-02-16T17:17:00,2866.85,pending
45765fb0-e4b8-4164-89fa-b593d138dbc3,CUST0067,2026-02-16T17:24:00,3862.46,pending
6203dbd9-55ac-4d73-ba66-fef20cd46f1a,CUST0206,2026-02-16T17:31:00,1654.45,pending
40dab177-19bc-49ea-aa4d-eacd59f98da0,CUST0160,2026-02-16T17:38:00,4047.24,cancelled
a51f44f4-ed14-4e0a-b279-955ecc3ab31b,CUST0382,2026-02-16T17:45:00,698.0,processing
d0ae25a1-94bd-430a-a54f-ecffa72c7669,CUST0033,2026-02-16T17:52:00,689.3,pending
d1d7a383-f6d3-4d2b-b2a7-936c808713b8,CUST0488,2026-02-16T17:59:00,3600.75,cancelled
b7d8c80c-18e9-4750-82cb-7e97adb975c8,CUST0148,2026-02-16T18:06:00,1598.37,pending
a672731c-f138-4934-8195-1c17853291a2,CUST0092,2026-02-16T18:13:00,2453.63,cancelled
9c0685bc-731f-4996-8986-3b43b4950fd9,CUST0261,2026-02-16T18:20:00,3379.51,refunded
f033a099-5d1c-477f-96a8-daa184bc0e61,CUST0181,2026-02-16T18:27:00,2390.63,cancelled
16933e45-a115-49b3-891b-c83c1214942c,CUST0314,2026-02-16T18:34:00,290.29,cancelled
d3753f99-bfe8-4ae5-9fc1-bfaaaa63339a,CUST0423,2026-02-16T18:41:00,1383.45,completed
17882e5f-cc5d-46c6-9482-7a72fcf33c4b,CUST0051,2026-02-16T18:48:00,3974.29,completed
8a2d2cdd-7621-404a-a4ef-68a5408de4b2,CUST0069,2026-02-16T18:55:00,4392.87,completed
b79d19f3-f3b1-418f-9727-e48ce7bdfaf5,CUST0382,2026-02-16T19:02:00,3330.5,cancelled
06f72c22-34f7-436a-9ab0-3af01882c28d,CUST0332,2026-02-16T19:09:00,1359.94,refunded
9f4d7c2e-c342-403c-8c80-20b84f01e0ca,CUST0450,2026-02-16T19:16:00,2176.2,processing
a4364c6c-3654-4a90-8b2a-eff415aa75f1,CUST0208,2026-02-16T19:23:00,1174.18,pending
473fabbe-ae85-45aa-9916-02e83a03c239,CUST0252,2026-02-16T19:30:00,3811.37,refunded
97666ed0-475e-45a0-bed4-0e97bd680d70,CUST0070,2026-02-16T19:37:00,3179.55,completed
461aa40a-de07-4505-9365-34df280d64c5,CUST0200,2026-02-16T19:44:00,1311.27,pending
b4227f07-f040-4371-b2d6-8d3c963079eb,CUST0137,2026-02-16T19:51:00,378.92,cancelled
4ea7e598-2843-4d38-b776-6678242cda07,CUST0134,2026-02-16T19:58:00,3190.18,processing
ffe34e4b-6927-4966-bd7f-cb58788d8049,CUST0093,2026-02-16T20:05:00,4143.83,cancelled
c192be84-baa8-460f-b1f8-d66c6763c22f,CUST0178,2026-02-16T20:12:00,1036.55,processing
4efa72da-9c7d-48c1-89e5-bf1ae935a7f5,CUST0317,2026-02-16T20:19:00,4650.72,completed
57993927-f66a-4e16-a87c-9dafbb740921,CUST0255,2026-02-16T20:26:00,887.52,pending
dd3bc847-d4a7-4cd1-8ebe-e7475f0019a3,CUST0070,2026-02-16T20:33:00,2925.0,pending
b64741d6-228d-4538-9ada-94b103e468cd,CUST0193,2026-02-16T20:40:00,3181.42,refunded
3c48761c-6a11-45f6-bcc9-36b88d629f65,CUST0398,2026-02-16T20:47:00,3474.69,cancelled
5860c7c2-e53b-4c6b-ac9b-8c428d5ecabd,CUST0252,2026-02-16T20:54:00,3575.11,completed
5b054dd5-de4d-4ea6-a562-c6825f9fafea,CUST0299,2026-02-16T21:01:00,1306.19,completed
4cff676b-a5d5-4edb-be42-c052e8a20cee,CUST0404,2026-02-16T21:08:00,4617.25,processing
524fce1a-2071-4676-bda1-e65ef92acf52,CUST0465,2026-02-16T21:15:00,1950.21,processing
e9e19a4a-d4a6-43e4-9b09-8d860a312967,CUST0453,2026-02-16T21:22:00,3350.57,completed
15e2b3c5-82eb-4f99-9b3c-a39c6c85f8f8,CUST0102,2026-02-16T21:29:00,243.41,cancelled
280be1e8-2e99-4e3e-9bc8-9af400487679,CUST0415,2026-02-16T21:36:00,706.86,completed
2de05757-198b-4e2e-a69e-7948caa747c5,CUST0366,2026-02-16T21:43:00,3589.51,completed
47724f65-762b-4ccb-8550-97a54877754b,CUST0380,2026-02-16T21:50:00,221.83,cancelled
94b73d17-ef55-4338-97ee-ab4716e65082,CUST0205,2026-02-16T21:57:00,2649.27,refunded
a76fe210-553f-410e-a98f-40c23dc4d687,CUST0153,2026-02-16T22:04:00,318.96,pending
b8cbf2f0-461c-4db7-8f4f-053f13be04dc,CUST0157,2026-02-16T22:11:00,1836.93,pending
7cbcfbeb-c682-4df1-8b4b-04fee545ac26,CUST0380,2026-02-16T22:18:00,4857.74,pending
20f90e4a-04dd-4b53-82a8-0da57c226797,CUST0465,2026-02-16T22:25:00,3731.56,cancelled
7f54fcef-5a3b-4551-be7a-efb6bb65d1b2,CUST0021,2026-02-16T22:32:00,3835.83,completed
472ce35a-c0d5-466f-9e98-678e40e8d6d5,CUST0070,2026-02-16T22:39:00,598.07,completed
e962a04b-873d-4fcf-8756-07c30b87e77b,CUST0374,2026-02-16T22:46:00,3703.43,completed
f0193bd9-b640-4d36-b1a5-02fc415ed28e,CUST0073,2026-02-16T22:53:00,3370.37,processing
4e7b97ba-e5cf-46d9-b7d9-ab937a7ee591,CUST0326,2026-02-16T23:00:00,1091.92,completed
fa915abb-184d-4c10-9436-b195d8627a3c,CUST0389,2026-02-16T23:07:00,3833.9,cancelled
ec2eb012-58f9-4b13-9884-2bfe7639add7,CUST0410,2026-02-16T23:14:00,3659.21,processing
a7053427-a937-43fe-adc8-aa280320ee96,CUST0401,2026-02-16T23:21:00,1472.37,cancelled
b1b21a97-3335-4259-8879-e8587d878fc3,CUST0387,2026-02-16T23:28:00,1120.84,cancelled
4466c2e0-7ef8-42cf-a610-d3045876567d,CUST0271,2026-02-16T23:35:00,1659.77,processing
e4f70fec-093e-49f9-b310-3d9f08a9f145,CUST0220,2026-02-16T23:42:00,1811.49,processing
99d0f62b-326c-41c7-93ee-0f6d4fde21c5,CUST0102,2026-02-16T23:49:00,4339.71,completed
b195a256-cca3-4c1a-b268-9ae8094d8d7a,CUST0221,2026-02-16T23:56:00,4020.78,processing
ac1da5e9-fd0c-4435-9381-0d1268f1f06e,CUST0469,2026-02-17T00:03:00,2672.42,completed
91e65d9e-285f-4908-acf6-4074ceab828b,CUST0335,2026-02-17T00:10:00,269.21,processing
8d33a689-df14-4b6e-a07c-06d634955813,CUST0108,2026-02-17T00:17:00,2680.82,processing
9969292b-b7c1-4e5d-bac6-ff19703e21a0,CUST0017,2026-02-17T00:24:00,3428.94,cancelled
5be82537-fb61-4cc7-9a49-bfbf1637b8cd,CUST0258,2026-02-17T00:31:00,4853.59,completed
2b4436d4-0ae1-43e3-923f-81964530b0ce,CUST0177,2026-02-17T00:38:00,981.89,cancelled
ba023409-a447-4fbf-bc25-0a924bf4fa97,CUST0108,2026-02-17T00:45:00,3090.35,processing
2bd31661-ad7a-49eb-9b3e-2daf5b189989,CUST0327,2026-02-17T00:52:00,925.82,processing
a46a9146-b756-468d-9081-2ecf14021008,CUST0019,2026-02-17T00:59:00,4993.27,refunded
b70ef04d-973a-49cf-8403-31882ecb946b,CUST0276,2026-02-17T01:06:00,3178.94,cancelled
4f253d9d-261b-4530-b478-c988c1246cca,CUST0084,2026-02-17T01:13:00,2793.7,refunded
e15bd16a-28b7-4963-93ee-88a095220028,CUST0141,2026-02-17T01:20:00,2213.59,pending
36985404-2789-4b5c-9bbd-ba8aec04ddd9,CUST0111,2026-02-17T01:27:00,3274.66,refunded
e2195633-3f71-4643-8c5e-3fcc5aab9e0d,CUST0049,2026-02-17T01:34:00,3903.96,processing
07597162-97a0-4cce-86af-5d06f9010376,CUST0372,2026-02-17T01:41:00,814.36,completed
c900e355-76c9-4119-b67b-52e8249f753f,CUST0370,2026-02-17T01:48:00,495.61,pending
3d1e135b-ddf5-49bc-b599-8e511c333d56,CUST0087,2026-02-17T01:55:00,3204.48,cancelled
ba49fc28-cb28-4cdb-b7c1-9cdb22317c5e,CUST0306,2026-02-17T02:02:00,2854.15,refunded
b2f99d19-71a9-4d74-8934-c17ed7a988e9,CUST0251,2026-02-17T02:09:00,2275.72,processing
85cf93bc-b40c-42f1-953d-5e9943abbdbf,CUST0356,2026-02-17T02:16:00,3789.55,completed
eaaad330-de0f-42c0-b86c-7d3fb5f3027e,CUST0301,2026-02-17T02:23:00,3370.06,refunded
563134ac-5f45-4cb2-88ad-ae041895cf69,CUST0071,2026-02-17T02:30:00,3421.63,completed
5ccbfb5a-60ea-4e4c-8a6d-85cd5e330e3a,CUST0079,2026-02-17T02:37:00,3946.01,pending
e08bb1ee-d557-4859-8d36-4561ffbefb89,CUST0047,2026-02-17T02:44:00,1141.86,completed
99ae5569-be63-43a0-9ad6-a0851393dbc9,CUST0489,2026-02-17T02:51:00,3548.56,completed
9cbd0e71-c318-4334-ae00-58a821a29a8f,CUST0357,2026-02-17T02:58:00,368.28,refunded
29fbe3ac-f04d-4860-8828-2993e2858bf2,CUST0173,2026-02-17T03:05:00,1789.45,pending
0e3d6fd1-5b35-4fd6-8ee4-1880c7a2baee,CUST0065,2026-02-17T03:12:00,78.7,completed
4ae33936-a730-4883-b85f-32d348703444,CUST0450,2026-02-17T03:19:00,4694.28,cancelled
5d688bbf-b524-4a4e-b1e2-6c66211a62ad,CUST0399,2026-02-17T03:26:00,974.36,refunded
dde58425-7858-4c4d-8adb-66431789c3c1,CUST0118,2026-02-17T03:33:00,3478.88,refunded
5cbd1b8c-223d-4d2e-9eb5-18fc85940f11,CUST0410,2026-02-17T03:40:00,4949.34,completed
43672d78-4d46-42e8-8794-277131644471,CUST0311,2026-02-17T03:47:00,4044.74,cancelled
d5731045-403b-4bcf-b8c2-a0e0687d9eee,CUST0328,2026-02-17T03:54:00,1802.95,pending
a049befb-e1ee-4fa5-ab09-944a53159827,CUST0173,2026-02-17T04:01:00,2689.35,pending
1bc3f83d-c58f-419e-bc65-7ed45ffb487e,CUST0460,2026-02-17T04:08:00,2285.96,completed
8d436f8a-0ba0-4810-8072-c6792350439a,CUST0350,2026-02-17T04:15:00,687.29,pending
1cad8a1a-e69e-41fa-801e-9599747fae0b,CUST0032,2026-02-17T04:22:00,1445.85,pending
ecf24f11-b4b7-465b-a59f-01a83b01f2a4,CUST0055,2026-02-17T04:29:00,1215.3,refunded
815f38c3-7719-43cd-836d-b8a4df308d8a,CUST0484,2026-02-17T04:36:00,3241.08,cancelled
40bc72be-c7b5-4cca-80cb-a4a11bb75672,CUST0396,2026-02-17T04:43:00,1030.01,processing
ff7066cb-eefc-4f6e-8cad-bdd242f07053,CUST0410,2026-02-17T04:50:00,4826.94,refunded
d361b331-74aa-4bed-a2d7-fb6ad164c524,CUST0336,2026-02-17T04:57:00,3842.57,completed
c46098ae-539e-434a-b5d3-e79cb442add6,CUST0207,2026-02-17T05:04:00,19.77,pending
cb41a530-4fc9-408b-89aa-5bf10953262d,CUST0409,2026-02-17T05:11:00,553.8,completed
5b769324-36a2-4a27-9c25-23aa3040754a,CUST0300,2026-02-17T05:18:00,2709.98,pending
d14a2cb8-4278-4e81-bbc3-67db748ad467,CUST0381,2026-02-17T05:25:00,1062.99,refunded
33cde799-5f42-41c3-bf0d-3301c7ecdaf9,CUST0131,2026-02-17T05:32:00,1438.95,refunded
722d6742-20f5-4aa2-a126-caf80cce1739,CUST0126,2026-02-17T05:39:00,1042.24,refunded
57627816-3776-4527-ab4a-7591077381e7,CUST0288,2026-02-17T05:46:00,2277.53,refunded
fc741125-5306-49b8-8e8f-66ba4b5e840b,CUST0101,2026-02-17T05:53:00,2188.3,pending
ad801a6e-0ef9-426a-ad55-1e900b615309,CUST0380,2026-02-17T06:00:00,3572.16,cancelled
8181db24-7bec-439c-8823-a9e996c03360,CUST0288,2026-02-17T06:07:00,1044.29,cancelled
e06b852f-9189-474b-9139-845840dea1bb,CUST0495,2026-02-17T06:14:00,1569.37,cancelled
64a69326-79d7-4a2f-9725-5e36f9eb8aa7,CUST0178,2026-02-17T06:21:00,4170.17,cancelled
336e34ba-3a79-49ec-bee6-c9ed4875b3f4,CUST0204,2026-02-17T06:28:00,332.82,completed
baa8bf09-b781-479e-9647-dfdac24aa4ae,CUST0345,2026-02-17T06:35:00,1781.16,refunded
eccf2eb9-2722-4c7a-8528-cfba98ec7b06,CUST0383,2026-02-17T06:42:00,328.0,completed
c5baaba7-0590-4eba-8b41-955643758404,CUST0243,2026-02-17T06:49:00,184.91,cancelled
89b0adb6-4b98-4b20-abf1-e7f5de38d034,CUST0383,2026-02-17T06:56:00,2524.78,completed
68a98a91-c719-4680-a3bb-283e2da83c02,CUST0428,2026-02-17T07:03:00,420.23,processing
8ad10d8d-1a77-4aa1-a588-891af74dbf7f,CUST0464,2026-02-17T07:10:00,2645.73,completed
474cd9d8-e145-4420-b2af-63da61691f66,CUST0132,2026-02-17T07:17:00,1266.45,processing
62d6fd01-d384-477f-94c6-2834cabfed7b,CUST0414,2026-02-17T07:24:00,104.86,cancelled
0d5e9aef-81e6-4fb7-a0c2-5b6f0417da8c,CUST0228,2026-02-17T07:31:00,1842.13,refunded
3e2614d5-2dad-43d2-a9eb-88e9ad7d431c,CUST0397,2026-02-17T07:38:00,2927.91,cancelled
fca6c93f-40d3-4a9a-be8a-e941407b9300,CUST0021,2026-02-17T07:45:00,867.08,refunded
abe50c8a-d175-4745-9f70-2254021ccbd5,CUST0333,2026-02-17T07:52:00,473.09,cancelled
8b05f239-0677-4b60-bce6-ed182165eec9,CUST0412,2026-02-17T07:59:00,1224.8,completed
9270ba99-4101-4781-9622-4e1424bfbb44,CUST0215,2026-02-17T08:06:00,918.3,pending
3aea11ca-de2d-471b-92fb-8d9e74da546c,CUST0105,2026-02-17T08:13:00,1370.24,cancelled
0e36fa4d-0f14-454c-8ec1-a25dfd665477,CUST0028,2026-02-17T08:20:00,3515.11,processing
f3768e47-da2b-47ec-a5e7-23f6259c26c4,CUST0335,2026-02-17T08:27:00,4392.63,pending
2d33b804-a211-4c5c-b82f-cac804f1aebd,CUST0244,2026-02-17T08:34:00,697.77,completed
0c52d3e1-2982-4499-9195-332e205d4c72,CUST0283,2026-02-17T08:41:00,4366.33,cancelled
d550d206-1f2b-45b6-82ac-e32ceed79d4d,CUST0397,2026-02-17T08:48:00,3560.75,cancelled
ffb600d1-b205-48cc-8e76-30eac33e2190,CUST0424,2026-02-17T08:55:00,235.7,pending
b7b252f0-5842-44e5-8ca4-28e79c4a25db,CUST0270,2026-02-17T09:02:00,2672.18,pending
d7b8ba23-b792-4cf1-8ffb-7357dbecddf5,CUST0025,2026-02-17T09:09:00,4443.94,pending
5f673d97-987b-48ac-9c25-c6c48132239e,CUST0155,2026-02-17T09:16:00,3661.42,processing
5e06a716-0ad0-48c1-a32f-5e251dc50714,CUST0068,2026-02-17T09:23:00,1668.06,completed
f15bd3f0-5347-43cd-bec1-7d788151552f,CUST0293,2026-02-17T09:30:00,1462.75,processing
150afd9c-ad09-40ca-acfe-7f776ca11836,CUST0190,2026-02-17T09:37:00,1118.32,completed
3856dc69-a6ab-4f7b-91da-1933ffee0270,CUST0333,2026-02-17T09:44:00,1056.25,pending
47c0a0eb-82fe-4f1a-aee7-e2a2a4604ce7,CUST0019,2026-02-17T09:51:00,3360.68,pending
ad98a829-6cf6-4621-9121-bee47c704e54,CUST0345,2026-02-17T09:58:00,4573.56,pending
02bca08c-a3f2-4fa9-86f8-9bc3dfe4d6d4,CUST0183,2026-02-17T10:05:00,4855.5,cancelled
5d87a672-0690-49e3-9b71-8cb6fd6489e6,CUST0321,2026-02-17T10:12:00,4191.62,processing
ba0b75b1-686a-451e-91f8-0adcf6eca8a0,CUST0260,2026-02-17T10:19:00,372.63,completed
56e7fd62-c091-4eec-8510-b37243788e5d,CUST0098,2026-02-17T10:26:00,51.35,pending
9186f1e2-2bd5-49cb-9128-fa3582691569,CUST0494,2026-02-17T10:33:00,918.79,refunded
40fa5859-b3db-4ab6-9b6f-17d685d76f04,CUST0048,2026-02-17T10:40:00,2823.86,cancelled
739e9ad9-b0fb-4235-bfcf-3757ac0cc766,CUST0476,2026-02-17T10:47:00,4691.82,processing
eef938cd-43a2-4d8e-ae7a-7afaac44d40b,CUST0310,2026-02-17T10:54:00,3524.44,pending
5019604b-d91b-4554-909e-e45caed45770,CUST0145,2026-02-17T11:01:00,1679.98,cancelled
5788f9af-58d7-4ec2-b174-f59d664d53d4,CUST0301,2026-02-17T11:08:00,4193.44,completed
462dced4-2b3a-4e23-adb6-8d30bf8f34d0,CUST0149,2026-02-17T11:15:00,3521.7,cancelled
62670332-697e-4a87-81ce-ce723b5df5c7,CUST0162,2026-02-17T11:22:00,3003.01,pending
7aff2a49-13a0-49f4-93d7-2ad0a06b9393,CUST0423,2026-02-17T11:29:00,4617.58,refunded
1bf96c1b-c6aa-4121-9c37-117d684f7e40,CUST0276,2026-02-17T11:36:00,1910.45,pending
a639efc4-2602-45fa-849a-e0a6dbcfbd3d,CUST0101,2026-02-17T11:43:00,546.79,refunded
e0955318-1c2f-4eca-b4b3-f57ade3a398a,CUST0269,2026-02-17T11:50:00,1481.62,cancelled
316936fc-4be4-4b7d-95be-ddfd37c58c97,CUST0064,2026-02-17T11:57:00,875.95,processing
1f84129f-0fb9-4639-be1a-9757c00b8ddc,CUST0077,2026-02-17T12:04:00,4002.73,cancelled
598d51c2-18f0-47ab-9fba-10b5456841f7,CUST0023,2026-02-17T12:11:00,357.29,pending
94cf19a9-9a5a-41a2-b433-ba4cf2aae637,CUST0373,2026-02-17T12:18:00,4462.13,pending
604ac9b5-4ebb-4e56-a63f-4b13f705e70d,CUST0220,2026-02-17T12:25:00,3278.46,refunded
3d864dbc-c227-46f7-85ce-c93fccfaeb3e,CUST0044,2026-02-17T12:32:00,252.25,processing
e5f309f5-68df-47a4-a40f-289256519c05,CUST0206,2026-02-17T12:39:00,1750.58,refunded
b4157041-4a9a-4479-88e5-4651ef54fcb6,CUST0099,2026-02-17T12:46:00,1648.47,pending
f92356c2-87bc-4cfb-936d-6ada1ecb572b,CUST0161,2026-02-17T12:53:00,2928.06,refunded
792549f7-9b8f-4f24-8404-9a82fc73d7e2,CUST0432,2026-02-17T13:00:00,2372.92,completed
f6bab4d9-1728-4ca8-87af-ecd99f75753f,CUST0217,2026-02-17T13:07:00,3245.38,completed
bfe32db7-9b0e-4ea4-a6d6-fc0ee8ed7196,CUST0272,2026-02-17T13:14:00,2570.32,completed
a21b76e2-9bcb-4942-a6c4-2e83f1aa8542,CUST0463,2026-02-17T13:21:00,1718.86,completed
e243e73a-11d0-498b-9fc6-aabd2c5edbb9,CUST0162,2026-02-17T13:28:00,4015.63,cancelled
e87fb75b-66e8-45ed-a75e-0e42e924bf8f,CUST0471,2026-02-17T13:35:00,3481.22,refunded
8fdbc54e-af59-4ea8-8ba5-8d9e6f2eeaa7,CUST0081,2026-02-17T13:42:00,1709.19,completed
5260d1c2-9ad5-4dc6-9cda-c449c3278f6b,CUST0320,2026-02-17T13:49:00,483.89,processing
2c3e7be4-9089-4eef-8bcc-267e456e13e4,CUST0154,2026-02-17T13:56:00,1506.21,completed
5d1cbc31-b690-4334-9d03-b1626dbe1435,CUST0249,2026-02-17T14:03:00,2894.12,cancelled
93719711-d95e-4869-a96d-3081d1a31e99,CUST0331,2026-02-17T14:10:00,2331.59,completed
4bfa693c-893a-4b31-99bf-cb10653fd6e2,CUST0250,2026-02-17T14:17:00,3068.81,pending
c0c84a53-2d43-4b60-a3e3-f98de279c4e9,CUST0447,2026-02-17T14:24:00,3539.03,processing
9914b745-7dc8-4354-b6a9-b79bafb36306,CUST0068,2026-02-17T14:31:00,1819.27,pending
35d17b7d-0b8a-45bd-a404-3e8d0084b815,CUST0225,2026-02-17T14:38:00,2249.79,completed
d11277fb-0a68-4e01-b793-340c2209c8ac,CUST0455,2026-02-17T14:45:00,4273.18,refunded
f8fb1bc3-86e2-414b-ad09-df33ffc93e9a,CUST0239,2026-02-17T14:52:00,3120.81,cancelled
bdd27616-84ef-4914-b3df-cf863a438a39,CUST0259,2026-02-17T14:59:00,3915.08,pending
0fccc82d-a137-4c2c-95b4-5c55f8d855b7,CUST0034,2026-02-17T15:06:00,4027.1,processing
e4301114-f419-428d-bde6-203df639ac5d,CUST0358,2026-02-17T15:13:00,3220.53,completed
d8418a54-9a41-4bde-8da9-e710b86238fe,CUST0204,2026-02-17T15:20:00,639.53,pending
586cf6b0-ba23-4b3a-8013-edb4e28ce261,CUST0084,2026-02-17T15:27:00,1970.62,pending
3020b8c9-fc0d-431c-9df7-ab53b73aeb82,CUST0185,2026-02-17T15:34:00,2828.1,completed
5b7e8e3f-5ed6-4a71-b3de-1cacbc334993,CUST0110,2026-02-17T15:41:00,537.95,refunded
e3b18f09-a031-48f1-af43-33c2fddc606c,CUST0108,2026-02-17T15:48:00,4690.44,cancelled
247d6f31-cc6c-4444-aa9f-cf9daeb1b2a5,CUST0186,2026-02-17T15:55:00,1705.31,pending
4f8c2537-aa14-4157-a7df-c8afb9e8bf7e,CUST0228,2026-02-17T16:02:00,1852.05,processing
fefca9f4-5981-46e0-af0e-fdadd7b77fbc,CUST0414,2026-02-17T16:09:00,2485.26,refunded
1b556142-554c-4068-bf51-0430dd37b599,CUST0450,2026-02-17T16:16:00,1415.72,completed
db774cc4-7b2a-4974-89bd-33b5db0c69b6,CUST0250,2026-02-17T16:23:00,3613.14,processing
70912686-44dc-4c70-bc1f-23d898d454d0,CUST0322,2026-02-17T16:30:00,4368.0,processing
2ea5a15f-c213-47b7-8a70-a606d1aa344c,CUST0478,2026-02-17T16:37:00,2736.95,pending
a62cc689-ffd9-4f7d-8ec8-7a86d61057bf,CUST0443,2026-02-17T16:44:00,204.69,cancelled
b50ac16c-4349-4f9a-9b96-7d3a523ebf23,CUST0001,2026-02-17T16:51:00,3544.07,cancelled
539614bb-85fd-46ec-bf60-60050c52b0f5,CUST0127,2026-02-17T16:58:00,4817.21,pending
9ec7a1f4-31aa-471b-9c67-5e9d09f4e2ee,CUST0352,2026-02-17T17:05:00,3071.85,completed
f36c800d-f15f-4162-92f1-5d14ea5bea25,CUST0122,2026-02-17T17:12:00,3748.49,completed
432b6c20-62a1-4366-89ca-135463c6a70d,CUST0039,2026-02-17T17:19:00,3931.3,cancelled
d8c9f7b1-4172-47d5-b429-23de1a06e56e,CUST0380,2026-02-17T17:26:00,2439.48,pending
fefac124-fb09-49ee-8eb7-ba83ca11bc79,CUST0261,2026-02-17T17:33:00,1049.83,completed
f035bb84-ff78-498f-8131-ceb8ec0fcd26,CUST0157,2026-02-17T17:40:00,4868.32,pending
550be14e-2c8a-4fdf-9b01-37503bf9f9e5,CUST0322,2026-02-17T17:47:00,4053.95,refunded
82715887-6b5b-4884-b105-7689ce0f26bf,CUST0364,2026-02-17T17:54:00,1013.01,completed
1ebe8e8f-d010-479f-9ba8-26b5f4fba8c6,CUST0411,2026-02-17T18:01:00,1737.67,processing
198534ba-9479-4e4b-b355-76687616fd91,CUST0201,2026-02-17T18:08:00,2253.34,pending
793f0e01-afd5-4ed0-bbb0-241bff5bf5ee,CUST0339,2026-02-17T18:15:00,3059.67,completed
675f4266-5f3f-473a-8a71-08d064e50d8a,CUST0163,2026-02-17T18:22:00,2029.04,pending
8969a97e-53a5-49c5-b3ee-e5e73dbef55f,CUST0148,2026-02-17T18:29:00,1030.42,completed
3def52aa-0737-48f4-b6f9-9cce0828c8b9,CUST0307,2026-02-17T18:36:00,69.66,cancelled
9ba1a0f8-558e-4e32-8cb7-8038a313e178,CUST0011,2026-02-17T18:43:00,3931.96,completed
9e711ae2-0300-44d1-80d2-1fd56edd4962,CUST0275,2026-02-17T18:50:00,157.58,cancelled
aa8d0291-c62d-4a50-80e4-45fd771af618,CUST0412,2026-02-17T18:57:00,778.03,pending
8d8f4808-9a90-48e0-9822-6f1d984d7095,CUST0171,2026-02-17T19:04:00,3797.35,cancelled
63f7f089-f198-46f5-bd11-bcd5f3a2a230,CUST0016,2026-02-17T19:11:00,3026.25,cancelled
40417003-65a5-497c-9457-bc63e2cb5c67,CUST0481,2026-02-17T19:18:00,1762.74,pending
32a7d50c-2105-4753-86d6-72a322d1359a,CUST0079,2026-02-17T19:25:00,1436.79,pending
91a6a64c-c98c-4cc8-b626-d157ee10c191,CUST0415,2026-02-17T19:32:00,3366.37,completed
cca6aa55-e857-4bd1-8453-43704dc56aed,CUST0208,2026-02-17T19:39:00,4461.37,pending
d4dcb08d-0b5e-4d8f-bade-640745e31346,CUST0291,2026-02-17T19:46:00,3450.87,refunded
31c88ca3-2e0c-4bee-8f34-49bb9e489e9b,CUST0160,2026-02-17T19:53:00,1468.58,completed
abcf4a52-676f-48a4-9771-73db2680af5d,CUST0429,2026-02-17T20:00:00,848.37,completed
a2d20677-85a4-49c9-95ed-68052e4409f1,CUST0228,2026-02-17T20:07:00,637.38,cancelled
3ffe7bc9-b00f-423a-8a63-a0e880f6d017,CUST0361,2026-02-17T20:14:00,3752.63,processing
a967f77d-0441-433e-9cf1-69ede54c918e,CUST0049,2026-02-17T20:21:00,4216.39,cancelled
f63f960b-2e71-4cce-a051-a31d68f1e77a,CUST0292,2026-02-17T20:28:00,4383.19,processing
0282c86d-3119-4d61-a3fd-2a3b89afbabf,CUST0443,2026-02-17T20:35:00,2351.69,completed
b7c24104-c4be-4879-aab5-cee058f74351,CUST0497,2026-02-17T20:42:00,3285.53,completed
41ee7c0a-1548-4aee-808d-ca9f41c9309b,CUST0101,2026-02-17T20:49:00,3226.52,processing
5da2fd4e-8eeb-4c9c-89c3-f2c6c00e7587,CUST0353,2026-02-17T20:56:00,3536.33,refunded
8c1242ac-ceb4-4d71-ad8e-65f4e27f5d91,CUST0044,2026-02-17T21:03:00,3027.85,completed
b65da925-b35c-4c94-9fa2-d416169320b9,CUST0220,2026-02-17T21:10:00,4886.17,refunded
06850d48-dba0-4b00-935a-da97803d82fb,CUST0202,2026-02-17T21:17:00,2471.43,cancelled
ef3f6bba-0f2f-4fc3-81e1-036a2c8e421c,CUST0467,2026-02-17T21:24:00,338.36,processing
c33eeacb-c1aa-422f-8c63-910e7a38a3dd,CUST0052,2026-02-17T21:31:00,3051.65,refunded
20decc32-6f2d-4387-92df-f3eebb3a7ba5,CUST0110,2026-02-17T21:38:00,3778.7,processing
8d774f63-3609-44ab-b28b-61f2b147e1c3,CUST0015,2026-02-17T21:45:00,4793.55,refunded
4308cf0b-6665-486c-9cc5-67abfe2c40fa,CUST0306,2026-02-17T21:52:00,3177.64,cancelled
5bacd104-b306-4020-8fb2-7f0037ff42b2,CUST0269,2026-02-17T21:59:00,147.21,completed
d117cec6-3d92-4723-9549-f3d8c94ef5ba,CUST0303,2026-02-17T22:06:00,1590.06,refunded
47a34aa5-ebbe-4f57-960f-3ecbd83b9f0e,CUST0035,2026-02-17T22:13:00,3353.2,processing
365c78a0-8bfc-40f3-87d0-099624e31ffc,CUST0104,2026-02-17T22:20:00,3114.02,pending
f2f3c2b7-3549-4851-8a50-4a628245c27d,CUST0100,2026-02-17T22:27:00,739.37,cancelled
05b5a32e-8c33-4c21-9c6d-1bb8b3516ff6,CUST0283,2026-02-17T22:34:00,1045.2,cancelled
aaa057ab-a304-4cf3-a294-4b95c734ea3e,CUST0108,2026-02-17T22:41:00,199.68,processing
7d2b5782-edd1-4ce6-903b-5339d2711abc,CUST0019,2026-02-17T22:48:00,1934.16,pending
6cf6077d-ed6d-43aa-8880-219248e6ae33,CUST0209,2026-02-17T22:55:00,1821.79,pending
8407cdc9-d1b7-48e4-803f-2d4e02a6f9e8,CUST0222,2026-02-17T23:02:00,4243.4,pending
7e779488-c328-4a4a-bc32-3828229acaf7,CUST0385,2026-02-17T23:09:00,4415.25,processing
e0d072da-7a51-4998-844b-5dc779d9dafc,CUST0244,2026-02-17T23:16:00,2961.26,processing
86ebbbeb-4151-41b3-a917-ccfd15aa8424,CUST0015,2026-02-17T23:23:00,1289.7,cancelled
44e7ab78-e16c-4448-b17c-74942e56c304,CUST0360,2026-02-17T23:30:00,4812.98,processing
0d5ed1c8-23d4-4e6c-82c1-f5ce614febd4,CUST0132,2026-02-17T23:37:00,581.62,refunded
102221d8-f3a3-4355-a650-f6d15446f470,CUST0470,2026-02-17T23:44:00,3343.59,completed
23ac8c7e-778c-4b26-a135-967ac2dce364,CUST0138,2026-02-17T23:51:00,3098.87,processing
784b2ec4-0f18-45e6-8f5a-68e75a9ad955,CUST0110,2026-02-17T23:58:00,1796.86,pending
f9fff33b-5a64-47c2-8580-5271819cb4d4,CUST0226,2026-02-18T00:05:00,3911.43,completed
3a16cf57-0966-4396-9ab9-bc4408dddadb,CUST0278,2026-02-18T00:12:00,3366.61,completed
b8731174-0a72-4f47-9a45-fdcad92e0179,CUST0200,2026-02-18T00:19:00,2264.99,completed
6080dad1-ed1f-407f-a7ce-af1fda5e1906,CUST0448,2026-02-18T00:26:00,2195.49,processing
698d3f9e-ca7a-4693-acbc-6d00e13e79ad,CUST0355,2026-02-18T00:33:00,434.38,pending
b5292e54-86c2-43cd-b8cc-948d801c3505,CUST0244,2026-02-18T00:40:00,3105.03,completed
600ac310-81f5-47e4-9ef5-52613dacc773,CUST0316,2026-02-18T00:47:00,4891.86,completed
3f088554-b6fa-4038-aa57-68dd764145a6,CUST0308,2026-02-18T00:54:00,2894.14,completed
e7a017c3-1aa0-42ec-a5ce-162aa093b8f2,CUST0478,2026-02-18T01:01:00,3163.98,completed
45d8d726-5a28-4cc3-a238-75f1b25f73bb,CUST0278,2026-02-18T01:08:00,3662.68,pending
173161e6-7ab0-46ae-9c37-06e4c3ee194e,CUST0315,2026-02-18T01:15:00,168.67,refunded
5ae8b1a8-9afc-4127-821f-39b103df158b,CUST0163,2026-02-18T01:22:00,2840.19,cancelled
131226f2-aa0b-48be-b7d7-cd3debf59962,CUST0260,2026-02-18T01:29:00,740.99,refunded
196493b5-f07c-423b-b6ce-6bffe8714a8a,CUST0047,2026-02-18T01:36:00,1604.58,completed
ee3448f9-2634-46a7-b01e-66bc9a4adad0,CUST0127,2026-02-18T01:43:00,2171.24,cancelled
17e61f11-5ea5-4bd6-b8e3-32122f7f63f7,CUST0007,2026-02-18T01:50:00,1943.58,refunded
6f8414a2-c0a7-4024-9066-91654c3ba28e,CUST0234,2026-02-18T01:57:00,1497.85,pending
f34780bd-a4b3-4faa-8107-52dc1b5c5abb,CUST0396,2026-02-18T02:04:00,2776.45,completed
a41e4fdf-b390-4fe6-bf8f-806d5f839b78,CUST0351,2026-02-18T02:11:00,229.32,cancelled
c20f995c-9066-4326-b53d-a488913b759c,CUST0123,2026-02-18T02:18:00,4588.19,cancelled
210b2cc4-4059-4898-bcfc-8872f6bfe88d,CUST0482,2026-02-18T02:25:00,1241.03,refunded
945341de-fb85-439e-bbee-00ed8aa60b4d,CUST0229,2026-02-18T02:32:00,3294.47,completed
6b67b976-3bc0-4822-b088-60e2e20baae7,CUST0133,2026-02-18T02:39:00,3848.36,refunded
c43d1a62-a2dc-4cc5-be5f-147b71a6e7ad,CUST0406,2026-02-18T02:46:00,386.18,completed
9c3079d9-52eb-4707-a5cf-4e0e61d5e684,CUST0339,2026-02-18T02:53:00,2073.7,completed
f2619349-70b3-4023-b6e9-ad8b8ae6e658,CUST0296,2026-02-18T03:00:00,2439.75,cancelled
6303b97a-be1f-4354-a8a0-bab284fab66a,CUST0068,2026-02-18T03:07:00,669.67,refunded
69bd0cb8-00f1-483f-bdeb-e8ce0f0a1467,CUST0401,2026-02-18T03:14:00,3318.06,cancelled
1744b5b2-9550-46e6-84f2-917eb4937b31,CUST0156,2026-02-18T03:21:00,1834.21,refunded
1408c729-fe27-4c19-a2ef-69291b6bb9aa,CUST0112,2026-02-18T03:28:00,3716.58,refunded
7d364d89-272c-4ed9-8799-4f27b6b3f28f,CUST0264,2026-02-18T03:35:00,1554.91,refunded
37625b08-74e9-4a2e-8889-d85d3cfd4aa7,CUST0329,2026-02-18T03:42:00,4419.19,completed
b59dd550-e3a9-47a5-acaf-c7901a949ec4,CUST0239,2026-02-18T03:49:00,4477.62,processing
958e216b-16ad-48a1-942a-92da089318a2,CUST0229,2026-02-18T03:56:00,1734.62,completed
0af747ec-89bb-4578-b0c4-35899d58009b,CUST0454,2026-02-18T04:03:00,3426.47,completed
c96fe776-8b73-4d2a-a22b-15b83e4acf08,CUST0120,2026-02-18T04:10:00,444.03,refunded
5b09ebfb-a7ca-44f8-91cd-7bc3b27137ed,CUST0365,2026-02-18T04:17:00,419.26,processing
4e702415-828b-4c5f-9ddd-c1df1d19e98f,CUST0236,2026-02-18T04:24:00,60.1,pending
5724c89a-8dfe-4bc4-83f5-d806fb428082,CUST0033,2026-02-18T04:31:00,445.11,pending
dc0858a3-2c1d-4736-afe2-7595a4763c20,CUST0271,2026-02-18T04:38:00,3639.62,pending
591b6df5-c563-405c-a438-c6343f37d361,CUST0147,2026-02-18T04:45:00,1359.35,completed
9cdb0fd8-50e4-4073-ac71-817f0b652682,CUST0398,2026-02-18T04:52:00,194.62,cancelled
a81f5816-3efd-40c4-93b5-ba6fa051b229,CUST0245,2026-02-18T04:59:00,639.55,pending
4877ce1f-87f7-4ec9-b928-e4d3850d140f,CUST0313,2026-02-18T05:06:00,1966.57,completed
750c7fce-f90c-4d96-9fab-f96ee24917c2,CUST0291,2026-02-18T05:13:00,4033.69,processing
53168c9b-6d97-4d1d-b8d6-a1e37f813e2f,CUST0434,2026-02-18T05:20:00,3111.86,refunded
6af3e762-1911-4160-84fb-2dd44adbeb7c,CUST0094,2026-02-18T05:27:00,1219.97,processing
88484a75-a57a-4d2a-943c-222d22fbddc4,CUST0478,2026-02-18T05:34:00,4028.59,cancelled
b5a2a156-438a-4e03-a4f5-ce8c1abee71f,CUST0452,2026-02-18T05:41:00,1031.3,completed
a872a56d-3b40-4eca-9814-e243f40ca017,CUST0049,2026-02-18T05:48:00,3322.91,pending
7ebaddb0-b0d8-45e8-81dd-113dffaefbe9,CUST0060,2026-02-18T05:55:00,2983.25,completed
a8b4b40b-9048-434c-890a-37d59efd41a4,CUST0346,2026-02-18T06:02:00,3626.12,refunded
4c354088-c182-46be-a520-a3e40411eee1,CUST0110,2026-02-18T06:09:00,1906.7,refunded
001ae894-65b4-4117-9b07-39b827b89b35,CUST0020,2026-02-18T06:16:00,4664.22,cancelled
729fc202-e220-4aa5-ba99-b7a5548e45fd,CUST0146,2026-02-18T06:23:00,3257.72,completed
8678cf95-a646-4b8f-bc49-0f501ee06ccd,CUST0386,2026-02-18T06:30:00,2746.42,refunded
c6f324cd-7eb7-4aa1-bfdb-83349abef770,CUST0233,2026-02-18T06:37:00,2494.83,pending
78d52687-f979-4e8a-af35-136542ac44c9,CUST0338,2026-02-18T06:44:00,1948.87,cancelled
b9ad1438-2f89-4e76-a830-c4623d779de1,CUST0426,2026-02-18T06:51:00,1599.94,processing
998587a7-8cc5-4d3f-a9fd-1c81ad4af163,CUST0229,2026-02-18T06:58:00,1233.59,cancelled
1f331c64-b554-4fd4-a7d5-d098d47471e2,CUST0064,2026-02-18T07:05:00,1115.5,pending
fcec98b4-28a7-4c75-8b0c-9360c047a6fa,CUST0313,2026-02-18T07:12:00,1913.08,refunded
2d6e419f-2be2-46ad-8e3a-d64f36b96d49,CUST0288,2026-02-18T07:19:00,4328.71,completed
1562d295-7e6a-4611-adfd-45f984b0308c,CUST0353,2026-02-18T07:26:00,2090.87,pending
2fcf8cb2-c5b1-4343-a74f-02ded095c2cd,CUST0415,2026-02-18T07:33:00,237.54,processing
2b66cca1-dcc8-4d50-8b32-d53e4fa7347a,CUST0464,2026-02-18T07:40:00,2149.71,cancelled
0158458b-08e5-43bd-bb62-e1d605f180d8,CUST0448,2026-02-18T07:47:00,2546.92,refunded
1a644c4f-f69c-4ee7-8b60-4db1c67da34d,CUST0094,2026-02-18T07:54:00,232.68,refunded
bdacef6d-20b2-4903-86be-addc8c9d0e29,CUST0330,2026-02-18T08:01:00,4614.8,refunded
25098867-5b70-433f-9632-06ad0cf06ace,CUST0456,2026-02-18T08:08:00,1207.07,pending
da057f83-f3ee-4bd0-9442-8c28dc4d07c6,CUST0023,2026-02-18T08:15:00,3113.17,refunded
b9aade32-c269-4f46-b987-9ea41c396cda,CUST0196,2026-02-18T08:22:00,128.4,processing
df805106-a8c6-4c34-9a21-d7c2adab3ad1,CUST0306,2026-02-18T08:29:00,474.06,refunded
91d3e863-c9da-48b1-a4a8-659c610b2228,CUST0286,2026-02-18T08:36:00,2175.31,cancelled
ca561386-96fb-4ecd-b0e6-333198ca9683,CUST0464,2026-02-18T08:43:00,896.97,pending
a15608b5-bded-44c2-972e-63de5a7976dc,CUST0284,2026-02-18T08:50:00,614.5,cancelled
214ae055-9586-4b6e-b624-1e43fff55b49,CUST0214,2026-02-18T08:57:00,1962.22,processing
18cb74e7-9107-4a18-876d-dc64e46b3e38,CUST0195,2026-02-18T09:04:00,1324.69,pending
10938805-c5b3-4a49-b1fe-a71c89f81895,CUST0478,2026-02-18T09:11:00,34.49,processing
2129dfb6-9eaa-4eb7-a6bc-ab31006ed873,CUST0408,2026-02-18T09:18:00,4692.51,refunded
7b8bef88-80f8-4aec-ba18-9c690cc5e6d7,CUST0382,2026-02-18T09:25:00,995.74,pending
b3485015-0f0b-4990-a462-97cdb7713cd0,CUST0345,2026-02-18T09:32:00,3870.79,pending
fd57211f-6726-4e7e-a077-9ec6c70f92ad,CUST0237,2026-02-18T09:39:00,3260.05,completed
d97b12e5-f9b4-47d7-b5ba-e01e7478b6d3,CUST0299,2026-02-18T09:46:00,4667.24,processing
c0882d4c-2208-43f7-b37c-e5fe8237b797,CUST0065,2026-02-18T09:53:00,3316.92,completed
31627a1f-9208-4146-b9f0-d4e09e3d92e7,CUST0451,2026-02-18T10:00:00,4531.71,refunded
2df52a08-950e-4d5a-8552-42f27e0380c4,CUST0217,2026-02-18T10:07:00,174.49,completed
30c4be34-aa8a-4cc5-8e7c-52a8608cedf7,CUST0395,2026-02-18T10:14:00,3283.99,refunded
23cea09d-49b1-48e2-927e-61c017592741,CUST0352,2026-02-18T10:21:00,4760.32,refunded
db14439e-3fe2-48fe-8039-de7c0db172c4,CUST0185,2026-02-18T10:28:00,1217.27,completed
c2253a62-3e15-4813-b1d7-95e736b23318,CUST0052,2026-02-18T10:35:00,4598.29,processing
c610be59-78fd-46b5-876f-9c33138e9f14,CUST0289,2026-02-18T10:42:00,2545.95,pending
bf2794d4-dad6-4186-aee3-d733e00afb00,CUST0497,2026-02-18T10:49:00,3168.81,refunded
d0857b11-e79e-4d6c-bf84-97d8d5bd20a6,CUST0038,2026-02-18T10:56:00,348.41,completed
74996f75-d10c-45fe-9e20-06b7ba059925,CUST0095,2026-02-18T11:03:00,975.04,processing
f9078d6c-068a-41f8-b506-46fd0315b94c,CUST0105,2026-02-18T11:10:00,3917.51,refunded
3361dd51-8290-4841-8be4-7b1e60594c4f,CUST0244,2026-02-18T11:17:00,35.02,completed
1fc40102-70f3-4f68-b6f4-f4f350f5a602,CUST0220,2026-02-18T11:24:00,3601.01,refunded
3765734d-ccf8-452f-912f-8b978b6a13cf,CUST0075,2026-02-18T11:31:00,4035.34,completed
730a3316-b295-42bb-a8fa-8d8e9bc53388,CUST0192,2026-02-18T11:38:00,4102.79,completed
3e78dea6-dbb2-4024-bf7b-403afad49502,CUST0361,2026-02-18T11:45:00,3721.0,processing
75bf64d1-5d0f-4264-90c2-9a6ba7324da5,CUST0076,2026-02-18T11:52:00,585.79,processing
6fe7c2be-1ae2-4091-bf0d-6e15726895f4,CUST0242,2026-02-18T11:59:00,1790.64,completed
74ea9458-e193-4121-b856-06be429583a7,CUST0305,2026-02-18T12:06:00,443.69,pending
b398d3e2-fecd-4afd-9b13-68cf4a82ff5f,CUST0151,2026-02-18T12:13:00,1850.91,refunded
19eca90f-3a44-4ffd-b02e-e4676afd952f,CUST0292,2026-02-18T12:20:00,1414.8,pending
d816f6b2-cba0-4f5e-9043-a38aeae5f8f5,CUST0134,2026-02-18T12:27:00,4842.63,pending
112e8cae-2369-4157-bdc5-fa1c76d788bf,CUST0183,2026-02-18T12:34:00,1692.2,processing
238c994b-8196-444f-85fe-f8e6fdbaa9a3,CUST0306,2026-02-18T12:41:00,4301.11,refunded
861b4b80-261c-401a-88b6-a6a9f155c0d8,CUST0490,2026-02-18T12:48:00,3953.9,completed
b8c1ff3c-e2a0-4410-9c62-6cea7f0003d8,CUST0199,2026-01-01T00:50:00,-50,pending
2616c745-d9cd-406a-97c8-c5ab674a0389,CUST0221,2026-02-18T12:55:00,4981.8,refunded
7f7e80f8-d2da-4838-8882-8921b02fbb46,CUST0054,2026-02-18T13:02:00,4608.99,refunded
7cd7f7cd-a05c-4deb-8c51-ad9b1b8edc3c,CUST0331,2026-02-18T13:09:00,96.62,pending
20a86161-0a09-4542-a528-c064ba049b82,CUST0220,2026-02-18T13:16:00,4879.76,processing
0ee4e0a9-9edc-4ac0-b76c-962112c2d017,CUST0397,2026-02-18T13:23:00,975.0,refunded
12bbb2c3-8bc3-4123-8249-f462b3b79d44,CUST0191,2026-02-18T13:30:00,2028.74,cancelled
7b0208b7-1b94-4f38-98dc-a6bf128ee808,CUST0345,2026-02-18T13:37:00,4748.27,completed
274cfc62-b379-4569-b9cd-d3a39ade3503,CUST0099,2026-02-18T13:44:00,4015.69,completed
9741ce62-45f3-4312-9218-f07cf491cb1c,CUST0481,2026-02-18T13:51:00,2863.08,processing
5c56e817-27c8-4d7f-a405-0fd081a532e7,CUST0144,2026-02-18T13:58:00,3013.56,completed
c22e10be-647a-4be9-8100-12dfeea778cc,CUST0031,2026-02-18T14:05:00,4668.16,processing
5b3e5988-ed8b-4909-8716-1c8657522551,CUST0201,2026-02-18T14:12:00,1721.43,pending
722bb3fb-157b-4fe1-b791-c51482bdf211,CUST0381,2026-02-18T14:19:00,1074.9,completed
e38f5f6c-367d-4814-991c-a5681197c4b2,CUST0313,2026-02-18T14:26:00,651.9,pending
18370a34-3af4-4d48-ae92-f66f17eaf69b,CUST0278,2026-02-18T14:33:00,1913.08,processing
